/*
SQLyog Ultimate v10.00 Beta1
MySQL - 5.5.31 : Database - admin_3ctuts
*********************************************************************
*/

/*!40101 SET NAMES utf8 */;

/*!40101 SET SQL_MODE=''*/;

/*!40014 SET @OLD_UNIQUE_CHECKS=@@UNIQUE_CHECKS, UNIQUE_CHECKS=0 */;
/*!40014 SET @OLD_FOREIGN_KEY_CHECKS=@@FOREIGN_KEY_CHECKS, FOREIGN_KEY_CHECKS=0 */;
/*!40101 SET @OLD_SQL_MODE=@@SQL_MODE, SQL_MODE='NO_AUTO_VALUE_ON_ZERO' */;
/*!40111 SET @OLD_SQL_NOTES=@@SQL_NOTES, SQL_NOTES=0 */;
CREATE DATABASE /*!32312 IF NOT EXISTS*/`admin_3ctuts` /*!40100 DEFAULT CHARACTER SET latin1 */;

USE `admin_3ctuts`;

/*Table structure for table `categories` */

DROP TABLE IF EXISTS `categories`;

CREATE TABLE `categories` (
  `id_categories` int(11) unsigned NOT NULL AUTO_INCREMENT,
  `name_categories` text COLLATE utf8_unicode_ci NOT NULL,
  `alias_categories` text COLLATE utf8_unicode_ci NOT NULL,
  `deleted` int(11) unsigned NOT NULL DEFAULT '0',
  `id_parent` int(11) unsigned NOT NULL,
  `level` int(10) unsigned NOT NULL DEFAULT '0',
  PRIMARY KEY (`id_categories`)
) ENGINE=InnoDB AUTO_INCREMENT=27 DEFAULT CHARSET=utf8 COLLATE=utf8_unicode_ci;

/*Data for the table `categories` */

insert  into `categories`(`id_categories`,`name_categories`,`alias_categories`,`deleted`,`id_parent`,`level`) values (1,'CAD','cad',0,0,0),(2,'CAM','cam',0,0,0),(3,'CNC','cnc',0,0,0),(4,'Khuôn mẫu','khuon-mau',0,0,0),(13,'Thiết kế 2D','thiet-ke-2d',0,1,1),(14,'Thiết kế 3D','thiet-ke-3d',0,1,1),(15,'Lắp ráp','lap-rap',0,1,1),(16,'Tạo bản vẽ','tao-ban-ve',0,1,1),(17,'Bài tập','bai-tap',0,1,1),(18,'Lập trình Phay','lap-trinh-phay',0,2,1),(19,'Lập trình Tiện','lap-trinh-tien',0,2,1),(20,'Vận hành máy Phay','van-hanh-may-phay',0,3,1),(21,'Vận hành máy Tiện','van-hanh-may-tien',0,3,1),(22,'Khuôn Ép Nhựa','khuon-ep-nhua',0,4,1),(23,'Khuôn Đúc Nhôm','khuon-duc-nhom',0,4,1),(24,'Khuôn Dập','khuon-dap',0,4,1),(25,'Khác','others',0,0,0),(26,'Tất cả Video\r\n\r\n','tong-hop',0,0,0);

/*Table structure for table `categories_software` */

DROP TABLE IF EXISTS `categories_software`;

CREATE TABLE `categories_software` (
  `id` int(10) unsigned NOT NULL AUTO_INCREMENT,
  `id_categories` int(10) unsigned NOT NULL,
  `id_software` int(10) unsigned NOT NULL,
  `deleted` int(10) unsigned NOT NULL DEFAULT '0',
  PRIMARY KEY (`id`)
) ENGINE=InnoDB AUTO_INCREMENT=48 DEFAULT CHARSET=latin1;

/*Data for the table `categories_software` */

insert  into `categories_software`(`id`,`id_categories`,`id_software`,`deleted`) values (1,1,1,0),(2,1,2,0),(3,1,3,0),(4,1,4,0),(5,1,5,0),(6,2,2,0),(7,2,4,0),(8,2,6,0),(10,4,2,0),(12,4,4,0),(15,25,2,0),(16,25,3,0),(17,25,4,0),(18,25,5,0),(19,25,6,0),(20,25,7,0),(21,25,8,0),(22,25,9,0),(23,1,7,0),(24,1,8,0),(25,1,9,0),(26,1,10,0),(27,2,3,0),(28,2,7,0),(29,2,8,0),(30,2,10,0),(31,3,10,0),(32,4,3,0),(33,4,7,0),(34,4,8,0),(35,4,10,0),(36,25,1,0),(37,25,10,0),(38,26,1,0),(39,26,2,0),(40,26,3,0),(41,26,4,0),(42,26,5,0),(43,26,6,0),(44,26,7,0),(45,26,8,0),(46,26,9,0),(47,26,10,0);

/*Table structure for table `ci_sessions` */

DROP TABLE IF EXISTS `ci_sessions`;

CREATE TABLE `ci_sessions` (
  `id` varchar(40) NOT NULL,
  `ip_address` varchar(45) NOT NULL,
  `timestamp` int(10) unsigned NOT NULL DEFAULT '0',
  `data` blob NOT NULL,
  PRIMARY KEY (`id`),
  KEY `ci_sessions_timestamp` (`timestamp`)
) ENGINE=InnoDB DEFAULT CHARSET=latin1;

/*Data for the table `ci_sessions` */

insert  into `ci_sessions`(`id`,`ip_address`,`timestamp`,`data`) values ('001e6512d368553bd4c27ddd14cc928be4305ffe','66.249.79.148',1443685356,'__ci_last_regenerate|i:1443685356;'),('00b3f712943f6e13e5070a5bcbdd3c7d175d2f7e','62.210.148.247',1443946391,'__ci_last_regenerate|i:1443946391;'),('014cd67e5e949382f79e2134c5e3f6f039bac6f0','42.119.5.198',1443775750,'__ci_last_regenerate|i:1443775708;identity|s:9:\"thanhspkt\";username|s:9:\"thanhspkt\";email|s:20:\"datnv21097@gmail.com\";user_id|s:2:\"48\";old_last_login|s:10:\"1443716502\";img|s:6:\"48.PNG\";'),('01622e0e92597dc1e2cfbfa687b613e5c59fe825','66.249.71.95',1443625021,'__ci_last_regenerate|i:1443625021;'),('01bb8badb42b52b29e574ce2db3516faa2aed060','66.249.71.87',1443665622,'__ci_last_regenerate|i:1443665622;'),('02b20d4bb9a3e8e8b24482fa7126ee4140d3f7aa','66.249.71.145',1443705132,'__ci_last_regenerate|i:1443705132;'),('038e5e932722e2780084d82284068fc208a20c64','123.30.175.213',1443633850,'__ci_last_regenerate|i:1443633850;'),('03f3cd0d763d0dc9c7073146d8a885236a3f58f8','115.79.41.137',1443691853,'__ci_last_regenerate|i:1443691851;'),('05789e69fe20aeaf97ab4d5f8a2477126626b358','66.249.71.103',1443887435,'__ci_last_regenerate|i:1443887435;'),('05fc79c2cdf6a56be1f034ef5ca7b4fcd297e206','42.118.164.66',1443972357,'__ci_last_regenerate|i:1443972277;'),('06ee56f7e1fb4c51a45c862a7ce07346d6c45ad3','157.55.39.176',1443660252,'__ci_last_regenerate|i:1443660252;'),('08742ec966f86aed844b760110894052282cd02e','66.249.79.148',1443945086,'__ci_last_regenerate|i:1443945086;'),('08c7944f4146e474818e73aba4fd9825827949d5','116.106.220.96',1443613516,'__ci_last_regenerate|i:1443613508;'),('0a193b83c5d3f341dce4d02a981f7ec663965f6d','123.30.175.214',1443913583,'__ci_last_regenerate|i:1443913583;'),('0a51aa4ecaf9e810808b662a7fe2bc970e410d1d','116.106.220.96',1443628507,'__ci_last_regenerate|i:1443628506;identity|s:9:\"anh3ctuts\";username|s:9:\"anh3ctuts\";email|s:19:\"anh.phan@3ctuts.com\";user_id|s:2:\"43\";old_last_login|s:10:\"1443575118\";img|s:16:\"user_default.jpg\";'),('0a6b44b80414dc7a6ff8cb3a10d577920b5c87be','66.249.71.95',1443671676,'__ci_last_regenerate|i:1443671676;'),('0b6d55689847457342df38fe1c20938c2bdbf430','66.249.64.186',1443875564,'__ci_last_regenerate|i:1443875564;'),('0d6472866048508f34355795e13644b70673c0ad','42.118.164.66',1443725871,'__ci_last_regenerate|i:1443725871;identity|s:13:\"administrator\";username|s:13:\"administrator\";email|s:15:\"admin@admin.com\";user_id|s:1:\"1\";old_last_login|s:10:\"1443431740\";img|s:16:\"user_default.jpg\";'),('0d813df2cdd7cb57b1106dffb091c228495b2b9d','157.55.39.176',1443846013,'__ci_last_regenerate|i:1443846013;'),('0e32c7b3594f00543af2160919e15e7ad3cd49e8','66.249.64.181',1443836593,'__ci_last_regenerate|i:1443836593;'),('11938797d37b54b19c87c62530746a78f88d08a7','171.250.29.10',1443704368,'__ci_last_regenerate|i:1443704367;'),('1273176eadcd3a16fb8b083d6121474239c511ea','66.249.71.156',1443691123,'__ci_last_regenerate|i:1443691123;'),('12d2d2255c279a3ba7b627a599b5a584f8079e62','157.55.39.234',1443833298,'__ci_last_regenerate|i:1443833298;'),('131c0cdd0a8a6ba9b4bc58ed661dd85420ee5d0a','66.249.64.186',1443877795,'__ci_last_regenerate|i:1443877795;'),('136e91644a361e7b4c99b969e1ba7f067f945bcb','62.210.148.247',1443946363,'__ci_last_regenerate|i:1443946363;'),('13ba7da61b2dd8c9f6568dc57aad425d3da63048','136.243.73.82',1443881431,'__ci_last_regenerate|i:1443881431;'),('168707cfdb340b34d57962e82f2ed1e1ab59e967','66.249.79.135',1443715641,'__ci_last_regenerate|i:1443715640;'),('16a964bc4788d14c66cad09de7dc7e87bad7cf46','123.30.175.214',1443913585,'__ci_last_regenerate|i:1443913585;'),('16c185e0c087644b91a10f263346635487d626a6','66.249.71.95',1443628367,'__ci_last_regenerate|i:1443628367;'),('172b29d0f4f5dcfbb5520156a4ad233169e8c6c1','136.243.73.82',1443881456,'__ci_last_regenerate|i:1443881456;'),('17d0f73533856173dfa049b27044f7c326f22b7f','66.249.71.145',1443688528,'__ci_last_regenerate|i:1443688528;'),('17d28b67eeffd64d4af86f807864977f54d5a830','116.102.239.136',1443669121,'__ci_last_regenerate|i:1443669109;'),('188bb9394b41cea42103d0f1701053f7b094fafd','54.196.134.149',1443833592,'__ci_last_regenerate|i:1443833592;'),('19db476a75bd37cf139ad62a8fa7fa0db51bae46','157.55.39.118',1443849512,'__ci_last_regenerate|i:1443849512;'),('1c522fb61539a00c27c295bef3f82102a9dfa73f','14.161.46.204',1443667350,'__ci_last_regenerate|i:1443667192;'),('1caf8be917dd6bc4456d601db52b87cd3b96b119','136.243.73.82',1443881525,'__ci_last_regenerate|i:1443881525;'),('1d2cd4dec7a81abfd4be17a3f59a73db5a00b9e3','136.243.73.82',1443881580,'__ci_last_regenerate|i:1443881580;'),('1d9f19903c5e06d3c7d3489497638cb20b613a6a','66.249.71.156',1443756612,'__ci_last_regenerate|i:1443756611;'),('1f473aadacebf7bf758cb52ed33e7d95e2328226','66.249.64.186',1443826834,'__ci_last_regenerate|i:1443826834;'),('1f6b419e10dd02f5514b03395c7eba53b1f544ca','123.30.175.214',1443635253,'__ci_last_regenerate|i:1443635253;'),('1f8520b984e362897fa67b640320b2f8ffd3ca73','136.243.73.82',1443881498,'__ci_last_regenerate|i:1443881498;'),('1fc5d5f1713e46ef92e259310e18d963694df081','113.174.15.198',1443837231,'__ci_last_regenerate|i:1443837229;'),('2127f2b34749eeb026513e96f989e6e6929e1f34','136.243.73.82',1443881515,'__ci_last_regenerate|i:1443881515;'),('22f2c7a143d7b47ccba19b535477792c6c266993','62.210.148.247',1443946393,'__ci_last_regenerate|i:1443946393;'),('233bb71bc177af38153f39293ad2c0df9adf646f','66.249.71.95',1443910077,'__ci_last_regenerate|i:1443910077;'),('23b71fad3ca1231dc3677e851fb867be6fedbfa8','66.249.71.87',1443634339,'__ci_last_regenerate|i:1443634339;'),('242c4634659322f3e50867cc3cc129515e2c9174','66.249.79.141',1443754601,'__ci_last_regenerate|i:1443754601;'),('24da27342b656958af3adc2d45b53b1464b1d1d1','66.249.71.134',1443729563,'__ci_last_regenerate|i:1443729563;'),('250920539ac88cd81198307c4bb2a289e715d0b6','66.249.64.176',1443807694,'__ci_last_regenerate|i:1443807694;'),('265d5b879cd1c26012b99492c9f8ac114125488e','66.249.79.135',1443725633,'__ci_last_regenerate|i:1443725633;'),('27706b55a9228f31f9c7b4c17b3e2470aef43f09','42.119.5.198',1443964343,'__ci_last_regenerate|i:1443964335;'),('27e8163f180aac757012608b33a33a0df27097a1','66.249.71.134',1443771091,'__ci_last_regenerate|i:1443771091;'),('284612fba4f2b225869f9ff7262cd6b93a9dc37a','136.243.73.82',1443881577,'__ci_last_regenerate|i:1443881577;'),('28efdb97fb45c7ca1abc1d848598818a88d91f8a','136.243.73.82',1443881555,'__ci_last_regenerate|i:1443881555;'),('292a400c261e7ae42531f33d15925960d558d0fb','62.210.148.247',1443946354,'__ci_last_regenerate|i:1443946354;'),('296f34a940dcc9da709ea5b4ffad7688d41a01ce','136.243.73.82',1443881487,'__ci_last_regenerate|i:1443881487;'),('29cac8d7c8a7ba1ede9c2d9bdc4a825d76ad6248','42.118.164.66',1443709152,'__ci_last_regenerate|i:1443709149;'),('29d29c2062ce7fb4164035e70d0e1108f44377c4','62.210.148.247',1443946384,'__ci_last_regenerate|i:1443946384;'),('2a09c995e4c16ad315403fa14182fde4f3b311e0','62.210.148.247',1443946318,'__ci_last_regenerate|i:1443946318;'),('2a9eb59791dff9cc6a4d6bdf4f61a1ab58d602c5','62.210.148.247',1443946316,'__ci_last_regenerate|i:1443946316;'),('2ac80420c0cade7f6303474526a560b411b99b81','136.243.73.82',1443881517,'__ci_last_regenerate|i:1443881517;'),('2b3888aea3f2b9b1738d66a1eaf6e3ef711049a2','136.243.73.82',1443881569,'__ci_last_regenerate|i:1443881569;'),('2bfc7558e61da5ead2da84d226976b2650fb0578','66.249.64.181',1443830014,'__ci_last_regenerate|i:1443830014;'),('2db74669f80b153aa664f9a236e73b696f00b1b2','66.249.71.103',1443666901,'__ci_last_regenerate|i:1443666901;'),('2dc40b5ffe56441f36eedf04e55e3b457403dbcb','116.102.255.157',1443704439,'__ci_last_regenerate|i:1443704156;identity|s:9:\"anh3ctuts\";username|s:9:\"anh3ctuts\";email|s:19:\"anh.phan@3ctuts.com\";user_id|s:2:\"43\";old_last_login|s:10:\"1443624825\";img|s:16:\"user_default.jpg\";'),('2e7f52893a34459270b84312f8cac7f7edb788c0','66.249.64.176',1443868278,'__ci_last_regenerate|i:1443868278;'),('2e9377a72ea2c313412d01661f9a131252af545c','42.118.164.66',1443717935,'__ci_last_regenerate|i:1443717935;'),('31e9515aae0f554c3d6ed2e5ea45a42f29027d89','66.249.79.135',1443714383,'__ci_last_regenerate|i:1443714383;'),('32696e3a81ffbdcd4483c5a384106e3e0d1863cf','62.210.148.247',1443946312,'__ci_last_regenerate|i:1443946312;'),('327d1c03ac1477c25a4915b4854cc6015ce32586','113.174.15.198',1443666787,'__ci_last_regenerate|i:1443666784;'),('3322b00644d36e8420c263e729c0f98143dc1fb8','66.249.71.145',1443689632,'__ci_last_regenerate|i:1443689632;'),('3396972c650a7f323d5e0ef59f2d8195605c6aae','62.210.148.247',1443946332,'__ci_last_regenerate|i:1443946332;'),('34791a3a9f960da3851e8741ab9386bb7a0c8823','66.249.67.41',1443965271,'__ci_last_regenerate|i:1443965271;'),('34a59f8f093b7251e852d385a328d43bf29e7443','66.249.71.134',1443701480,'__ci_last_regenerate|i:1443701480;'),('34ab4679d9b7766ba70a384cce0b9a70c2b7be2d','136.243.73.82',1443881561,'__ci_last_regenerate|i:1443881561;'),('35db1c4d57c12cd63a39629e92de782bb6f5dce7','66.249.64.176',1443838942,'__ci_last_regenerate|i:1443838942;'),('365558cb034ac162261a4786f50544de6ea0d464','42.118.167.102',1443616617,'__ci_last_regenerate|i:1443616601;'),('368261c814c8211060875b399a8751873f328464','173.252.74.101',1443718335,'__ci_last_regenerate|i:1443718335;'),('36bdb869feb3a5a555382d7fef24c41d811c5355','123.30.175.213',1443633846,'__ci_last_regenerate|i:1443633846;'),('3708ffbad3b64723d0d27fe8fb139d9999e1034f','136.243.73.82',1443881484,'__ci_last_regenerate|i:1443881484;'),('37426deb16e2bba48134b6b2cd0d0ca0c5a03724','116.102.239.136',1443667809,'__ci_last_regenerate|i:1443667808;'),('37a29019b81e79991072a5c30cd11e04b9201dd0','66.249.71.149',1443960058,'__ci_last_regenerate|i:1443960058;'),('37e0af3c28afa2617366b73a3b509fcc2f41fdcb','116.102.239.136',1443669806,'__ci_last_regenerate|i:1443669782;'),('3934847281975499d52a121dcce8194e1e80248c','62.210.148.247',1443946382,'__ci_last_regenerate|i:1443946381;'),('3b0207cf4155a3fc014ad4c7af30b65fd9c5bdcd','118.69.111.1',1443763611,'__ci_last_regenerate|i:1443763610;'),('3b4cd1f4d0f12034b955418170c8e61d0dd18c75','66.249.64.186',1443790783,'__ci_last_regenerate|i:1443790783;'),('3ba10814040da0331d2f218f1ab341bc1df28ab3','157.55.39.118',1443872241,'__ci_last_regenerate|i:1443872241;'),('3c3c656104572ee5daffb2530c7319725741f518','66.249.71.87',1443879379,'__ci_last_regenerate|i:1443879379;'),('3c9120006f409b6e72f9fb0782b7aec5d373c3bc','136.243.73.82',1443881473,'__ci_last_regenerate|i:1443881473;'),('3d05718cd52d643b915649fb2799cebb5183c9a8','66.249.71.149',1443955267,'__ci_last_regenerate|i:1443955267;'),('3d6dfe5566b18c538454367b067c8a41996c7120','136.243.73.82',1443881428,'__ci_last_regenerate|i:1443881427;'),('3e01e0f02e0f8151760b202fc86478e8c2c10733','136.243.73.82',1443881566,'__ci_last_regenerate|i:1443881566;'),('3ed80680543a8e36ae418fe60e83cf9f6fc6a1bb','136.243.73.82',1443881550,'__ci_last_regenerate|i:1443881550;'),('400f1cb5829cfd7b66458150a8ff1b9a1cc0a447','66.249.79.135',1443944155,'__ci_last_regenerate|i:1443944155;'),('401bdb31c9ec2692401007ad79fb280492224507','66.249.71.158',1443943025,'__ci_last_regenerate|i:1443943025;'),('40478d992ad7cffdabd57fd2eeb0310417b1d960','27.75.104.230',1443708908,'__ci_last_regenerate|i:1443708906;'),('40833f5961ec2e212614e50a8e236bc767bee47f','123.30.175.214',1443913587,'__ci_last_regenerate|i:1443913587;'),('410a418656e12f9114db2c4e822c2e59d8aa3a1a','66.249.79.148',1443731404,'__ci_last_regenerate|i:1443731403;'),('41ceb7c3e91b7a29f8053875b9b087d2400688cd','66.249.71.134',1443737752,'__ci_last_regenerate|i:1443737752;'),('434c66773cc5ec223be531df08d5b081dc30c8a2','66.249.64.176',1443804173,'__ci_last_regenerate|i:1443804173;'),('4377cac7946ee4f8df98586cc630a5371139c7c6','66.249.64.176',1443812894,'__ci_last_regenerate|i:1443812894;'),('450c2adb4b59be4512cfdf93db08842a9a2d86c3','118.69.111.1',1443663575,'__ci_last_regenerate|i:1443663573;'),('461609d9151b808ae072ab611eff39d5ff7d3829','62.210.148.247',1443946365,'__ci_last_regenerate|i:1443946365;'),('46a142bc588fda0209b94c836f4ae61837bb20b0','66.249.79.135',1443915255,'__ci_last_regenerate|i:1443915255;'),('486738e44e26abeb30ebe735f679c3bc431abfcf','171.250.30.81',1443870638,'__ci_last_regenerate|i:1443870633;'),('48801ad4e9a6b6c8f44a88b932d89b6cb3397aeb','66.249.79.135',1443740343,'__ci_last_regenerate|i:1443740343;'),('48e41169947d480e13d937f8bda16eedaefa4f8b','66.249.71.134',1443677763,'__ci_last_regenerate|i:1443677763;'),('49325b2e349bda75206c7ed340b52564c58e9f66','66.249.71.134',1443718424,'__ci_last_regenerate|i:1443718424;'),('494bf5fc83d872464e41e4ddc16e2fa45d8928c1','112.197.117.169',1443717873,'__ci_last_regenerate|i:1443717871;identity|s:15:\"nhu binh nguyen\";username|s:15:\"nhu binh nguyen\";email|s:25:\"nguyenthihainhu@gmail.com\";user_id|s:2:\"54\";old_last_login|N;img|s:16:\"user_default.jpg\";'),('4a086ac418a84a7f23ce9c5e4a503bc4ea789d83','136.243.73.82',1443881545,'__ci_last_regenerate|i:1443881545;'),('4aa4b57fbdd7ba9d3585b45f2bdc61bbce5973da','66.249.71.87',1443649158,'__ci_last_regenerate|i:1443649158;'),('4aad8dc7f1660cb5766606754f04f411fb66778d','14.161.46.204',1443665506,'__ci_last_regenerate|i:1443665339;identity|s:14:\"chientran.nina\";username|s:14:\"chientran.nina\";email|s:24:\"chientran.nina@gmail.com\";user_id|s:2:\"53\";old_last_login|N;img|s:16:\"user_default.jpg\";'),('4ae33dc3d30ddf77601b2972c88799711fe4363a','66.249.79.141',1443712717,'__ci_last_regenerate|i:1443712717;'),('4b383b43ee3d12605b671cdc4c1ccc52009906ec','66.249.67.34',1443983146,'__ci_last_regenerate|i:1443983146;'),('4b4f4d2e10d6254f0b7185e5bf4d47e99f4ac5c4','66.249.71.95',1443892265,'__ci_last_regenerate|i:1443892265;'),('4be25dc1fe50f6a3cbbecc7a3902deb9e7ffc152','66.249.71.145',1443688332,'__ci_last_regenerate|i:1443688332;'),('4c17d9b5649a6fab23e2e16dbe147daacea4e34e','136.243.73.82',1443881520,'__ci_last_regenerate|i:1443881520;'),('4cf34f9750369ea0b831a086670f564c16588f84','157.55.39.176',1443660253,'__ci_last_regenerate|i:1443660253;'),('4df1ebe5f51ff042a5c86683f227a454cf357ca4','14.161.46.204',1443665915,'__ci_last_regenerate|i:1443665770;'),('543ee4b332e5185266dbddca8f500c04c0405ded','66.249.71.156',1443702212,'__ci_last_regenerate|i:1443702212;'),('54ad934b57329e9e88c979f513e3d951e959075a','62.210.148.247',1443946361,'__ci_last_regenerate|i:1443946361;'),('54b617dd7d2fa195f93fd1876ffee1e9221732ef','42.118.164.66',1443971909,'__ci_last_regenerate|i:1443971902;'),('5502e78063c50d3aa6e0e0a5f008280a71df6884','66.249.71.134',1443731212,'__ci_last_regenerate|i:1443731212;'),('5769f8e3690e3d977e5e518809682f74b2d63304','157.55.39.95',1443665755,'__ci_last_regenerate|i:1443665755;'),('57ab145d740146f26202509d8cf4e816facbd5ea','62.210.148.247',1443946334,'__ci_last_regenerate|i:1443946334;'),('5864700eab31c96cffbc05109c8b5f66e272354d','69.30.210.242',1443872577,'__ci_last_regenerate|i:1443872574;'),('587751c624c6e31f86677a11d605ecfa83540d5f','66.249.64.181',1443815025,'__ci_last_regenerate|i:1443815025;'),('58cfccb1334fedf932feb92b610de5311d9db7d2','123.30.175.214',1443913579,'__ci_last_regenerate|i:1443913579;'),('59c9977f85b7dbeee8a9b361664d3c7f985da80c','62.210.148.247',1443946343,'__ci_last_regenerate|i:1443946343;'),('59e0695c1ca44163af00f1aecab5e171dde5bd77','116.102.255.157',1443704637,'__ci_last_regenerate|i:1443704463;identity|s:9:\"anh3ctuts\";username|s:9:\"anh3ctuts\";email|s:19:\"anh.phan@3ctuts.com\";user_id|s:2:\"43\";old_last_login|s:10:\"1443624825\";img|s:16:\"user_default.jpg\";'),('5b11df2255869e7568863be4ac739c32b8f7a3fe','66.249.64.181',1443840057,'__ci_last_regenerate|i:1443840057;'),('5b160232cdf6a95ac9811d1f194efbc47e15c22b','62.210.148.247',1443946377,'__ci_last_regenerate|i:1443946377;'),('5b1e6f6ff5954dcfe877929ff797295e406f8745','66.249.64.176',1443859137,'__ci_last_regenerate|i:1443859137;'),('5b230ee5a5c927a5e9da2787877ae2e587eb9b45','62.210.148.247',1443946389,'__ci_last_regenerate|i:1443946389;'),('5b5051feab8ac1a8e0ebf10d7787aae18770c7f1','62.210.148.247',1443946321,'__ci_last_regenerate|i:1443946321;'),('5c696b75aebf1de84c00175b4d261e87d3e011b4','66.249.71.156',1443734022,'__ci_last_regenerate|i:1443734022;'),('5d05c68558397e7d5b75dc14d18fea35b76d035b','66.249.71.95',1443616130,'__ci_last_regenerate|i:1443616130;'),('5d0adb1f8da0ec1c2baa3477cfd3fa961e53e851','123.30.175.213',1443633844,'__ci_last_regenerate|i:1443633844;'),('5dac073c30acfc193519fce235f1170c4135ef25','157.55.39.95',1443665756,'__ci_last_regenerate|i:1443665756;'),('5e52f7f9fb955594adccbbf69fe5267930878132','192.81.211.149',1443760306,'__ci_last_regenerate|i:1443760306;'),('5ece6b31905b971dcd4ad6c92ff02d281cf3e8a3','66.249.64.181',1443810977,'__ci_last_regenerate|i:1443810977;'),('5f246b7007ee97e9151f888875f177e269d04f77','66.249.64.176',1443868155,'__ci_last_regenerate|i:1443868155;'),('60615a1a8004fa7e85b0fea8283074a06a2ef02d','123.30.175.209',1443734752,'__ci_last_regenerate|i:1443734752;'),('622db2f2541dbc67b2e72224622c613dfa6c025e','66.249.79.141',1443664162,'__ci_last_regenerate|i:1443664161;'),('64bed316e498d52fb5c5cd7e4f092d44959cae93','27.3.221.128',1443843138,'__ci_last_regenerate|i:1443843073;'),('659e41ef8a9b9375d0f79990fbb7c759d79e8994','66.249.71.158',1443954030,'__ci_last_regenerate|i:1443954029;'),('661db06ca891f8fa979c451551aa3992c64e4f47','66.249.71.134',1443756441,'__ci_last_regenerate|i:1443756441;'),('66250ddc1db7bb4a05edf1b51589fac554d4cde3','66.249.71.87',1443626301,'__ci_last_regenerate|i:1443626301;'),('66c755000960909b728439edc828505504776c4c','66.249.64.176',1443804163,'__ci_last_regenerate|i:1443804163;'),('66c8705027333ceda7f8759d3dc20cd516f5f245','116.106.220.96',1443794143,'__ci_last_regenerate|i:1443794142;'),('66dd90d204298d65076b1fa25b6a00f28a8fd6eb','66.249.67.48',1443977456,'__ci_last_regenerate|i:1443977456;'),('6711a3a99ddaaac89a19625483f19c49e607a02c','66.249.79.253',1443655039,'__ci_last_regenerate|i:1443655039;'),('675c808959cbfcd44e5d595dc343b1f78351c378','66.249.71.95',1443621130,'__ci_last_regenerate|i:1443621130;'),('683c2eafb5829add40dcc73cdc4ce78314530fc8','136.243.73.82',1443881495,'__ci_last_regenerate|i:1443881495;'),('683c7b29c8f051b52beb47b3f83c4e87639e1744','123.30.175.214',1443913575,'__ci_last_regenerate|i:1443913575;'),('69e2090fe7c2721d7398e5e6d874dad3f746a58c','62.210.148.247',1443946395,'__ci_last_regenerate|i:1443946395;'),('6a1abff2ba5d32fe7855ffed30b2f898a2fdc175','66.249.71.95',1443674422,'__ci_last_regenerate|i:1443674422;'),('6a58a4741054720b7352e6b0baed4cd343b45040','66.249.64.181',1443836367,'__ci_last_regenerate|i:1443836367;'),('6aeb07b41723b108c7627cb98f23540d619be911','62.210.148.247',1443946339,'__ci_last_regenerate|i:1443946339;'),('6afb1ac4aa0cc78a6db4583dc75511dedd07a2e1','157.55.39.176',1443715381,'__ci_last_regenerate|i:1443715380;'),('6b50500b0c235964498ecd6a3e527908c460048d','1.53.27.107',1443703966,'__ci_last_regenerate|i:1443703964;'),('6b677e8e2446be05aa1cf97b1e90a2b86927f324','62.210.148.247',1443946350,'__ci_last_regenerate|i:1443946349;'),('6c7cbea22775aee9f2bd5bf605c87fcd76d35c62','66.249.71.95',1443660258,'__ci_last_regenerate|i:1443660258;'),('6df6c6e22b45e9e0961632301b70b5a7a0e2ef2a','14.169.132.217',1443748266,'__ci_last_regenerate|i:1443748266;'),('6ed558b77ebe4aef0badd0177174a51bcc7db266','66.249.71.156',1443702407,'__ci_last_regenerate|i:1443702407;'),('6eda85e814c9a3b2c119b80b2783b8fa3d56f1dc','66.249.71.95',1443611690,'__ci_last_regenerate|i:1443611690;'),('705568362902584e96f34efb1123fcdd1d5bf4af','66.249.64.181',1443867595,'__ci_last_regenerate|i:1443867595;'),('70b0923f8ea87342a20a6c7247bba443437cb276','136.243.73.82',1443881574,'__ci_last_regenerate|i:1443881574;'),('714df8be7ca84f9b5badcd55918749f05a4de1d5','116.102.239.136',1443666409,'__ci_last_regenerate|i:1443666408;'),('71c966b31e143c1a674bba186b0ed479112b4a26','116.106.220.96',1443716383,'__ci_last_regenerate|i:1443716268;identity|s:9:\"anh3ctuts\";username|s:9:\"anh3ctuts\";email|s:19:\"anh.phan@3ctuts.com\";user_id|s:2:\"43\";old_last_login|s:10:\"1443704431\";img|s:16:\"user_default.jpg\";'),('72275ad47717ea1e8b5845bad322ce8a99ceb50c','136.243.73.82',1443881489,'__ci_last_regenerate|i:1443881489;'),('749aa40165152c3638fd83f6504433ed45b0658b','136.243.73.82',1443881564,'__ci_last_regenerate|i:1443881564;'),('752113e7344ae74a70bf67eed9717418567a5b0c','66.249.71.95',1443916745,'__ci_last_regenerate|i:1443916745;'),('7647e602aa5e4b08c8489dbb8ea66f7d95a7f991','116.106.220.96',1443624835,'__ci_last_regenerate|i:1443624810;identity|s:9:\"anh3ctuts\";username|s:9:\"anh3ctuts\";email|s:19:\"anh.phan@3ctuts.com\";user_id|s:2:\"43\";old_last_login|s:10:\"1443575118\";img|s:16:\"user_default.jpg\";'),('783064c5f266cb9099f658b35a983ae2f56abe6c','116.106.220.96',1443686085,'__ci_last_regenerate|i:1443686081;'),('7868e7a5d0821c9e275372baf4bed1852cb51aa5','66.249.79.135',1443725310,'__ci_last_regenerate|i:1443725310;'),('78ec7731e5b28164e272f997e8e199a7f9e14df3','66.249.79.141',1443640090,'__ci_last_regenerate|i:1443640090;'),('79737822388d730f25e2b6666d1893466cc10b4f','136.243.73.82',1443881452,'__ci_last_regenerate|i:1443881452;'),('7a07f40735bf94481a39d82b2672302f6366ff84','66.249.67.41',1443977598,'__ci_last_regenerate|i:1443977598;'),('7a1d8fa510aa764fb5a1506303c959dfcb6b68c7','157.55.39.176',1443660253,'__ci_last_regenerate|i:1443660253;'),('7a837f7b962f876000d76316cef16823eb9f5f61','136.243.73.82',1443881542,'__ci_last_regenerate|i:1443881542;'),('7a8e8a0af445bff18f0328021493a0b74bc3ace1','66.249.64.176',1443824243,'__ci_last_regenerate|i:1443824243;'),('7b48c655369d03cc02b0045848928e1d607c17cc','115.79.41.137',1443778202,'__ci_last_regenerate|i:1443778070;'),('7b48d4146c7adf623f370080419f22ac31292859','116.106.220.96',1443715969,'__ci_last_regenerate|i:1443715967;'),('7c17b14748a211305c31c74a1ad81fb41b5d7f5c','116.106.220.96',1443689015,'__ci_last_regenerate|i:1443689004;'),('7d202dbac37b13af1b3d2cb1c42ee9703eb6d494','66.249.79.141',1443716954,'__ci_last_regenerate|i:1443716954;'),('7d438bdee5037072ab4e99236a752ead670d1e97','66.249.71.156',1443692421,'__ci_last_regenerate|i:1443692421;'),('7d5eb1cdc27f15c7a42a410c4487609204beba07','66.249.71.103',1443623173,'__ci_last_regenerate|i:1443623173;'),('7df1d2b52a9a13eed5d597c4b13b829499090f37','69.30.221.250',1443931027,'__ci_last_regenerate|i:1443931027;'),('7e675ce836ef6db7cefdb6709eb2160454a3c731','66.249.64.176',1443792805,'__ci_last_regenerate|i:1443792805;'),('7f1be3565260b0602ad502ebdfa7ddfeb0194219','180.76.15.136',1443733615,'__ci_last_regenerate|i:1443733615;'),('819eda38548cde844ada57b767d22847f741f493','116.102.239.136',1443669091,'__ci_last_regenerate|i:1443668797;'),('82028da610bf033a490aaf0af51c406a7afa13cd','62.210.148.247',1443946307,'__ci_last_regenerate|i:1443946307;'),('827c5506cceec560cfd9e60f7fd461b3f85b50b0','14.161.46.204',1443665259,'__ci_last_regenerate|i:1443665011;identity|s:14:\"chientran.nina\";username|s:14:\"chientran.nina\";email|s:24:\"chientran.nina@gmail.com\";user_id|s:2:\"53\";old_last_login|N;img|s:16:\"user_default.jpg\";'),('832299195d61e7facc8d50a3268ee4668e0bd2e3','42.119.5.198',1443716514,'__ci_last_regenerate|i:1443716481;identity|s:9:\"thanhspkt\";username|s:9:\"thanhspkt\";email|s:20:\"datnv21097@gmail.com\";user_id|s:2:\"48\";old_last_login|s:10:\"1443585625\";img|s:6:\"48.PNG\";'),('83ee498d2ca459b7530a57cd0ab091a1572e6af4','66.249.71.87',1443635448,'__ci_last_regenerate|i:1443635447;'),('85b27e0132a834dbfe9b210c6ad59c27bcafcc9b','123.30.175.214',1443635251,'__ci_last_regenerate|i:1443635251;'),('8629edfe2c1fa591a86ddcea2feafc81dc1e6636','66.249.79.135',1443661964,'__ci_last_regenerate|i:1443661964;'),('864e43dcb573e615c85f512ab181c50b21e99bbd','66.249.71.21',1443665992,'__ci_last_regenerate|i:1443665992;'),('86af9decf2c170d47be608ec223e882a51449b05','66.249.71.145',1443696443,'__ci_last_regenerate|i:1443696443;'),('86cdd2108393db9a5ede66e6d9d1bfc9879b2d0f','66.249.71.87',1443934547,'__ci_last_regenerate|i:1443934547;'),('86e423da4ab5ad9a521af7d3025140e1f5a782d7','157.55.39.95',1443801439,'__ci_last_regenerate|i:1443801439;'),('87216ede663a86a619a78014ba9de78ba0920951','66.249.71.87',1443669112,'__ci_last_regenerate|i:1443669112;'),('879539963c8bba6d3b53820fcbd81d33db2f0402','62.210.148.247',1443946336,'__ci_last_regenerate|i:1443946336;'),('87ea6cab29c858abb42f6c2005fa30c653eec593','193.111.136.162',1443773561,'__ci_last_regenerate|i:1443773561;'),('8835b7ffa34091273d2797c18532d51cadf1ac61','66.249.79.135',1443892625,'__ci_last_regenerate|i:1443892625;'),('889ca18ed98f1f03d03ec7b9d8e51cfc5e6d3336','66.249.71.145',1443703662,'__ci_last_regenerate|i:1443703662;'),('88ca6f391cfccba7f4caa7fbc80fc8b441340d06','66.249.64.186',1443872965,'__ci_last_regenerate|i:1443872965;'),('897d62ce6c83d9fec794d12daaca36d7b121b625','157.55.39.137',1443845730,'__ci_last_regenerate|i:1443845730;'),('899d961184dbd31f8fe6e708f0610c5c0ebe78bf','14.161.46.204',1443693754,'__ci_last_regenerate|i:1443693578;'),('89d697508500aa28ead68788cf86af11adeea3db','66.249.71.95',1443912302,'__ci_last_regenerate|i:1443912302;'),('8a0fee543777e650ff8f84c8a9525e18b1c5cc64','66.249.65.141',1443709032,'__ci_last_regenerate|i:1443709032;'),('8aa380439a65b82e372ee524b649c39669b0389c','66.249.71.95',1443655768,'__ci_last_regenerate|i:1443655768;'),('8aa7b43af26c7992b034c6e0d60dfa130c4f5de5','66.249.71.95',1443891125,'__ci_last_regenerate|i:1443891125;'),('8aae856cc2b7b1675351f9dbf4f95ed5214fbd90','116.102.239.136',1443673914,'__ci_last_regenerate|i:1443673913;'),('8b033989d84051508675ea6c072a4a19cba49d98','192.99.150.120',1443774177,'__ci_last_regenerate|i:1443774177;'),('8b2b0b9cae5011d619b1017891a8042a74305d1a','42.118.164.66',1443971241,'__ci_last_regenerate|i:1443971173;'),('8b552afe8d736809751a8755474da39dc27b08fd','66.249.64.176',1443795273,'__ci_last_regenerate|i:1443795273;'),('8c79fb4265da56426421e091ffafe41a8e983106','157.55.39.118',1443849512,'__ci_last_regenerate|i:1443849512;'),('8cec2dacc7fb5bacf0ee6779490da3c0643837d6','66.249.79.135',1443715112,'__ci_last_regenerate|i:1443715112;'),('8d51c82d568d796ac4ab130c74e6353543e81e14','66.249.71.156',1443726012,'__ci_last_regenerate|i:1443726012;'),('8db359a15daf4d5b243fcdcb69b5ef9a1ca1c620','136.243.73.82',1443881530,'__ci_last_regenerate|i:1443881530;'),('8f815d60e96911197a0c1bd07042b297ec6f940a','66.249.71.103',1443676281,'__ci_last_regenerate|i:1443676281;'),('8f896e6b55c191927291868413d050459fe374b0','27.2.141.164',1443848219,'__ci_last_regenerate|i:1443848208;'),('905e995d0361332f9dd1ebdf15aced6e665899f5','66.249.71.156',1443681992,'__ci_last_regenerate|i:1443681991;'),('906081751825138299673e3f9380ed243d4e9a5e','66.249.65.134',1443705313,'__ci_last_regenerate|i:1443705313;'),('9099b74ccd752393d7647385574c5fd2d103eda8','66.102.7.132',1443690294,'__ci_last_regenerate|i:1443690294;'),('909cfa9392d721b8cd5fb9200cee734599e5e497','62.210.148.247',1443946305,'__ci_last_regenerate|i:1443946305;'),('909f51d03e0b4ae24cfb438f4f4497abef9880b8','66.249.71.134',1443761251,'__ci_last_regenerate|i:1443761251;'),('90ae61ac93be40f35adb53c2c9cfc493e57c72c7','66.249.71.156',1443727694,'__ci_last_regenerate|i:1443727694;'),('90e36cac80990b9b2e22e8be5df56e13999e82ee','66.249.71.95',1443782258,'__ci_last_regenerate|i:1443782258;'),('91c22f58ab3ac8cb3bb76e2f69115c960782ca0e','62.210.148.247',1443946329,'__ci_last_regenerate|i:1443946329;'),('92ef76ffc6fefda77fc22ca227ce9f8a10ea984c','157.55.39.234',1443706081,'__ci_last_regenerate|i:1443706081;'),('937d0db2d28ab3185092f8a289f3c03316311d43','66.249.71.87',1443780822,'__ci_last_regenerate|i:1443780822;'),('9476f40189fcbea2704a7ff9b8c8a219d5957672','62.210.148.247',1443946356,'__ci_last_regenerate|i:1443946356;'),('94f4bb8c445f02d45fe3f5e6eee05c6477eb731b','157.55.39.176',1443846012,'__ci_last_regenerate|i:1443846012;'),('9699f13c2f5df65383efdbbc9c25d4f973417b05','115.79.41.137',1443777322,'__ci_last_regenerate|i:1443777321;'),('97367dcf8a3ac6bc4efaf1466e1eeeda1889e7fe','116.102.229.179',1443691775,'__ci_last_regenerate|i:1443691771;'),('9874e2664d873ec72456e5c0e6dd495f3efb5523','157.55.39.176',1443846012,'__ci_last_regenerate|i:1443846012;'),('98fa90058ff63fca6662b988751cd0f8a7cf6743','66.249.64.181',1443823874,'__ci_last_regenerate|i:1443823874;'),('9a765ac12dcaa22fb2b48d4b9a59cf2d5a42bd50','195.154.157.47',1443867588,'__ci_last_regenerate|i:1443867588;'),('9af05eb25b5a3e643ea9aa25982bab2d0d090864','66.249.71.156',1443733082,'__ci_last_regenerate|i:1443733082;'),('9b13d4c839dc30dc3c5928cff7c5c67562e3609c','42.117.67.32',1443874744,'__ci_last_regenerate|i:1443874715;'),('9bd1e4632d4a89a25cf3f8815f5d706a0eef293f','66.249.64.176',1443792463,'__ci_last_regenerate|i:1443792463;'),('9bebef83eeb61d6d240ef664b4f183ec87c7c9fb','136.243.73.82',1443881558,'__ci_last_regenerate|i:1443881558;'),('9c5a257b1bc1a55705b3d5bee3346d3cdae5018b','207.46.13.72',1443840705,'__ci_last_regenerate|i:1443840705;'),('9c92613d034cb7b42ae639b0ba8bb531377b2054','66.102.7.146',1443890000,'__ci_last_regenerate|i:1443889999;'),('9ce90ff3cce5afd6a975e50176d9b3c896465e3f','66.249.71.145',1443701283,'__ci_last_regenerate|i:1443701282;'),('9cfe9f2e81e37736b853f960e2aede238b32f644','123.30.175.209',1443933363,'__ci_last_regenerate|i:1443933363;'),('9d31308e82878bc412ba4d277a2ce00b8d5c88a2','123.30.175.214',1443635249,'__ci_last_regenerate|i:1443635249;'),('9e2f60fb8c4863930a25cd7af6bed387cc8fe999','66.249.65.141',1443708473,'__ci_last_regenerate|i:1443708472;'),('9ecce6790927cf0d7550753d8240bb2974cefd1b','123.30.175.213',1443633852,'__ci_last_regenerate|i:1443633852;'),('9f3d7dc01e5a311189e70b7232bf261ff1c94791','136.243.73.82',1443881509,'__ci_last_regenerate|i:1443881509;'),('9f572897fa250d87ff601e9ce7590b9157a7f007','66.249.71.87',1443663793,'__ci_last_regenerate|i:1443663793;'),('9f635fc9f1e41d35ca26c3a3d90c49f5444066af','136.243.73.82',1443881553,'__ci_last_regenerate|i:1443881553;'),('9faa78a932e8363949fc20ec6a72e76a72bf0877','66.249.64.186',1443845573,'__ci_last_regenerate|i:1443845573;'),('a068997461dd8522de4d1e6e17c17f1fd26ef129','62.210.148.247',1443946379,'__ci_last_regenerate|i:1443946379;'),('a0c1559f5de395539285616117ba1e86845b9b06','62.210.148.247',1443946323,'__ci_last_regenerate|i:1443946323;'),('a0d435cbfa58af90ac3ecedf08504764d29eabce','136.243.73.82',1443881447,'__ci_last_regenerate|i:1443881447;'),('a32b6b8705d0da7354772b97d0e7736b6d320efc','157.55.39.176',1443846011,'__ci_last_regenerate|i:1443846011;'),('a39b22ee972b6f69636f7d206c6e15c75e990f1b','62.210.148.247',1443946372,'__ci_last_regenerate|i:1443946372;'),('a4124b63677fa0f75701c3e14f28d444bcd9be25','66.249.71.156',1443736280,'__ci_last_regenerate|i:1443736280;'),('a4ade81e607dae513c1fe5504b1fddf4ecf92fcd','193.201.227.57',1443948968,'__ci_last_regenerate|i:1443948967;'),('a56a5c4478e3bbb223c1d1812e69334d29cb8e98','136.243.73.82',1443881535,'__ci_last_regenerate|i:1443881535;'),('a65d6e577a51e543097c9380ca521602b43224ce','123.30.175.209',1443734754,'__ci_last_regenerate|i:1443734754;'),('a6de503632dc656a9a8ac8a6e2068072519a9c27','42.118.164.66',1443720924,'__ci_last_regenerate|i:1443720923;'),('a7c11b831b2fc75be07e156a7203706d8b188a9a','136.243.73.82',1443881441,'__ci_last_regenerate|i:1443881441;'),('a80e5eb92add328966bf1a192a2e56529f9ed0f0','66.249.79.141',1443673492,'__ci_last_regenerate|i:1443673492;'),('a8a270fba1f90467e992a9c6ec0c715baae92ae8','66.249.64.186',1443875005,'__ci_last_regenerate|i:1443875005;'),('a94f4f6c24818e0a9fe2aa3e112248382ea8d635','136.243.73.82',1443881459,'__ci_last_regenerate|i:1443881458;'),('aabf34ab832d4575bcf11ff17bb5be1c3a1d37a6','123.30.175.214',1443635255,'__ci_last_regenerate|i:1443635255;'),('aae7941f09acb08d2a2397a3ae3967e07d1c1284','171.250.30.81',1443872395,'__ci_last_regenerate|i:1443872268;identity|s:9:\"anh3ctuts\";username|s:9:\"anh3ctuts\";email|s:19:\"anh.phan@3ctuts.com\";user_id|s:2:\"43\";old_last_login|s:10:\"1443716290\";img|s:16:\"user_default.jpg\";'),('ab1e5b4d8b8cb69f2be51e1c81d5a93b38831dab','66.249.64.181',1443858842,'__ci_last_regenerate|i:1443858842;'),('ab217f720ccd027a97905d6fcd7b3774216b33f7','66.249.71.145',1443768900,'__ci_last_regenerate|i:1443768900;'),('ab94d7569617f8e5162ba393f0a469dea920fd6e','66.249.65.134',1443711793,'__ci_last_regenerate|i:1443711793;'),('abf14a90e525378dd94ff9838038e1c28a7f406d','66.249.71.134',1443693702,'__ci_last_regenerate|i:1443693702;'),('abf6676811492e048fb32f595a804893504d339b','66.249.79.148',1443675162,'__ci_last_regenerate|i:1443675162;'),('ac7f400324f3a69f9d69dc939de11a5bc4c52b8f','123.30.175.213',1443633854,'__ci_last_regenerate|i:1443633854;'),('acc1a672706e17a85466627956e69ab68a1f3620','157.55.39.234',1443743135,'__ci_last_regenerate|i:1443743135;'),('ad1054ce9a4f6582654ec8a8e3e77cd42f7b263f','66.249.71.156',1443734202,'__ci_last_regenerate|i:1443734202;'),('ad4025b0c9a3407ab7899fdd85fc9cc17f1eeb3a','171.250.29.10',1443703982,'__ci_last_regenerate|i:1443703955;'),('ad758ef0f838215f7d05e2e47038fc728a9870e0','66.249.64.181',1443811034,'__ci_last_regenerate|i:1443811034;'),('b09c1b5af3188be7addc7ab9bfae3082bb852ad9','66.249.71.103',1443656899,'__ci_last_regenerate|i:1443656899;'),('b272537b3a9459dc2f14e3089ad9c49b943bacd3','157.55.39.118',1443849512,'__ci_last_regenerate|i:1443849512;'),('b35abbd304ccf55f81148087b2c5210bf398bbe5','66.102.7.139',1443964336,'__ci_last_regenerate|i:1443964336;'),('b38832a6824fee70582935147496e198dc80c5e6','66.249.71.95',1443886695,'__ci_last_regenerate|i:1443886695;'),('b38d01774cb4f7422febef06d9ef85ec5a92d0e8','136.243.73.82',1443881468,'__ci_last_regenerate|i:1443881468;'),('b46e41cce45e7b0842c81e3143d73114e0863fee','66.249.71.156',1443726516,'__ci_last_regenerate|i:1443726516;'),('b4d10ec2a019b788d04d398549ac1ed0914a429b','62.210.148.247',1443946341,'__ci_last_regenerate|i:1443946341;'),('b5206f465087bdc8595acc20e3158b0547430216','66.249.64.181',1443869276,'__ci_last_regenerate|i:1443869276;'),('b58b15928f3122c3a7569435779ce0948fc9012d','116.102.239.136',1443673610,'__ci_last_regenerate|i:1443673610;'),('b5f832863a928b8ba9eb1206209cf0144338637e','64.246.165.160',1443759143,'__ci_last_regenerate|i:1443759143;'),('b6783be4b1b69d8974d93d038837eb22c52f7865','66.249.64.181',1443850807,'__ci_last_regenerate|i:1443850807;'),('b7559ed3d92a01caa7cce435e6a281dfe67b8037','66.249.71.156',1443729932,'__ci_last_regenerate|i:1443729932;'),('b7a0f17adaecafd629e459bd303b52eb65435313','66.249.71.103',1443647498,'__ci_last_regenerate|i:1443647498;'),('b7ae241c36cbd150b2e72016e53a8f5126e2f52d','157.55.39.176',1443846011,'__ci_last_regenerate|i:1443846011;'),('b858373e871d21aab36163464d9fdc1e92ae073a','136.243.73.82',1443881540,'__ci_last_regenerate|i:1443881540;'),('b8614911d8d8a2ca026f475ee05675c333d890a7','157.55.39.176',1443660253,'__ci_last_regenerate|i:1443660253;'),('b96ebe68d03bc54404ab887812cb14dc9571f71f','66.249.64.186',1443857934,'__ci_last_regenerate|i:1443857934;'),('b9e42d8044387ef9b9961539221aa4fc9cce0469','62.210.148.247',1443946386,'__ci_last_regenerate|i:1443946386;'),('ba7d0aa34fcd34de7cb62d5628edfd7fdc4b730a','58.186.165.241',1443748145,'__ci_last_regenerate|i:1443748143;'),('ba971ce510e815f41df3c5b89b641c51cf5a223f','136.243.73.82',1443881492,'__ci_last_regenerate|i:1443881492;'),('baa015cb65513741bdec84e43ab699d7d00c32f3','66.249.71.156',1443704034,'__ci_last_regenerate|i:1443704033;'),('bb785d2ab6a1a0b13c681acf48285645590c4f1c','58.186.153.217',1443868208,'__ci_last_regenerate|i:1443868208;'),('bba14d620d1a8ede42b77ebe930631999f35dd69','62.210.148.247',1443946345,'__ci_last_regenerate|i:1443946345;'),('bba3bf847984af3d8f13ce5a901f1671f62fd051','116.102.239.136',1443675986,'__ci_last_regenerate|i:1443675953;'),('bc105e04fe82eb7e6d91b9a4da42a7e6364aa72b','112.197.117.169',1443717106,'__ci_last_regenerate|i:1443716823;identity|s:15:\"nhu binh nguyen\";username|s:15:\"nhu binh nguyen\";email|s:25:\"nguyenthihainhu@gmail.com\";user_id|s:2:\"54\";old_last_login|N;img|s:16:\"user_default.jpg\";'),('bc19d880f84a05fe7174d38e772e505b9762e062','66.249.71.145',1443682171,'__ci_last_regenerate|i:1443682171;'),('bce4a9803efbcc07f7474e674b030993ff8f874f','66.249.71.87',1443628737,'__ci_last_regenerate|i:1443628737;'),('bd60564526647290f8c54160e017ac30f1346c91','66.249.64.176',1443811707,'__ci_last_regenerate|i:1443811707;'),('be266811a47ab91ef760a81de5bbe735572a742e','157.55.39.95',1443665755,'__ci_last_regenerate|i:1443665755;'),('bf2b705fc25ccfb096baed537b58e6306c850d34','116.102.239.136',1443670291,'__ci_last_regenerate|i:1443670140;'),('bf6770b130958ebc01ab1c5357a4203180f4e8aa','136.243.73.82',1443881479,'__ci_last_regenerate|i:1443881479;'),('c1999f2edc2f6889a789817c0ad820cd8653f368','136.243.73.82',1443881444,'__ci_last_regenerate|i:1443881444;'),('c1a7b80b4058bb17e6f22702f2ef343586124669','157.55.39.176',1443730930,'__ci_last_regenerate|i:1443730930;'),('c21f73be455608f4bc73dcbfb786e9e5efb3d6da','116.102.239.136',1443674842,'__ci_last_regenerate|i:1443674841;'),('c39255346e3527372d2be4539f1dde97adee76d5','62.210.148.247',1443946347,'__ci_last_regenerate|i:1443946347;'),('c431b284d1d6c95fe815bd0bb409f4196b6de4cd','116.102.239.136',1443670482,'__ci_last_regenerate|i:1443670478;'),('c5265b95225e981057fe3449de51df144bf2af21','113.173.137.100',1443798812,'__ci_last_regenerate|i:1443798812;'),('c540d21b8a45fae52bce38b7fda311c9e867df9f','116.102.229.179',1443619782,'__ci_last_regenerate|i:1443619779;'),('c62d0d21e96b151044e742f5eff20a793ab2b98b','66.249.64.181',1443829075,'__ci_last_regenerate|i:1443829075;'),('c630f58c9793ee3d2ca0a6099c2a082cef0b7c77','66.249.67.41',1443965987,'__ci_last_regenerate|i:1443965987;'),('c656b641b4289042f6d0e1f9a1721d7f98a32a1d','157.55.39.95',1443665757,'__ci_last_regenerate|i:1443665757;'),('c695b3a18f1348935207b10940a7696e3e22d38f','42.118.164.66',1443722842,'__ci_last_regenerate|i:1443722666;identity|s:13:\"administrator\";username|s:13:\"administrator\";email|s:15:\"admin@admin.com\";user_id|s:1:\"1\";old_last_login|s:10:\"1443431740\";img|s:16:\"user_default.jpg\";'),('c722233e0a6ae3441ff2fbdc7921f36f460b1cef','66.249.71.134',1443747142,'__ci_last_regenerate|i:1443747142;'),('c7cc620aada439a09c558a7a9c0230e627081aa9','66.249.71.87',1443912074,'__ci_last_regenerate|i:1443912074;'),('c7f7d1846bf40ee247ac8aaf6ca9cde5a81ec136','66.249.71.87',1443882604,'__ci_last_regenerate|i:1443882604;'),('c80eb44dcb4aeb5cc391c51548a8544e51266afb','62.210.148.247',1443946369,'__ci_last_regenerate|i:1443946369;'),('c94e971cc30c26a323fbad93b46ea6fcd33e1e44','157.55.39.95',1443665757,'__ci_last_regenerate|i:1443665756;'),('c9d7d2dcca10b6de70c3993e7e868ec20347f530','136.243.73.82',1443881461,'__ci_last_regenerate|i:1443881461;'),('c9e902de1315f8d437f4d3d97dcd1595081747e7','171.250.21.146',1443936627,'__ci_last_regenerate|i:1443936621;'),('cad378aa0c7ccda96e9824ef32c6356a7ae755a9','66.249.71.95',1443668751,'__ci_last_regenerate|i:1443668751;'),('cb9ac4d8da1de8a91191cb43231f1b444f7ef707','42.118.164.66',1443983524,'__ci_last_regenerate|i:1443983523;'),('cb9f93b8176acf7dfb73a7068da8bcc48032c455','136.243.73.82',1443881476,'__ci_last_regenerate|i:1443881476;'),('cdb425a3e4d28280b57f724aef8a82bcf6b61f6e','66.249.71.156',1443677392,'__ci_last_regenerate|i:1443677392;'),('d09b64bf3855e48198f0eac388a8fd5dbd76704e','123.30.175.213',1443633848,'__ci_last_regenerate|i:1443633848;'),('d19277a12098515680f19895639920b2f1ce1e2f','66.249.79.141',1443670945,'__ci_last_regenerate|i:1443670945;'),('d19db20bd4169b313ae02b0cad6d125e486df9ad','157.55.39.95',1443665756,'__ci_last_regenerate|i:1443665756;'),('d32dce7691529689ab45fbfa8e9fadfac26bb9ea','116.102.134.22',1443718365,'__ci_last_regenerate|i:1443718361;'),('d34d86a65bd41022e13fd63265505a6f8c815a18','66.249.64.176',1443854105,'__ci_last_regenerate|i:1443854105;'),('d3d81bf5bdb29493bbc70fd6a2cbae3e5cbb8332','66.249.79.141',1443674051,'__ci_last_regenerate|i:1443674051;'),('d3e74f10874f73fe9c92c9e60bfaee2cb453b7ae','66.249.71.145',1443732512,'__ci_last_regenerate|i:1443732512;'),('d3e92af4268e7c51c316c380999e31ce90a99550','27.3.221.128',1443843492,'__ci_last_regenerate|i:1443843483;'),('d42f57ba5827ff5908a32e0a9bbc81837bab50b7','14.169.132.217',1443748254,'__ci_last_regenerate|i:1443748254;'),('d4306757ec28315bf142d20522a632c8b5bd1371','66.249.71.103',1443610775,'__ci_last_regenerate|i:1443610775;'),('d4322ebe66f18389684f99266ac7fabaca709e4a','116.102.243.177',1443833823,'__ci_last_regenerate|i:1443833820;'),('d4766b302989711d9e35111c03757823f3bab439','69.30.213.82',1443756563,'__ci_last_regenerate|i:1443756563;'),('d532488669fef7c77ccd46883b41b8c73ded9802','116.102.225.32',1443771645,'__ci_last_regenerate|i:1443771644;'),('d5686bb36e18a79d135baac9d56e985b32f3c425','123.30.175.213',1443633842,'__ci_last_regenerate|i:1443633842;'),('d61d11265930f634897601a2c16f34f6d537f7fd','171.250.30.81',1443803997,'__ci_last_regenerate|i:1443803996;'),('d6200f62bd7e524bf2836e18714d676e69da46fc','112.197.117.169',1443718939,'__ci_last_regenerate|i:1443718551;identity|s:15:\"nhu binh nguyen\";username|s:15:\"nhu binh nguyen\";email|s:25:\"nguyenthihainhu@gmail.com\";user_id|s:2:\"54\";old_last_login|N;img|s:16:\"user_default.jpg\";'),('d7d5f8f5ad15c0d0bde23daf8da54d4f26b7e6f6','66.249.71.134',1443698133,'__ci_last_regenerate|i:1443698133;'),('d7f106be0604f591ea3dfb660ed6b97e8748f403','66.249.71.134',1443701099,'__ci_last_regenerate|i:1443701099;'),('d8d70789a97c67a80b71011b64f9aca6b36e1225','66.249.64.186',1443847096,'__ci_last_regenerate|i:1443847096;'),('d8f9037183e9a9c974e2ebd9ffc715eb1ab4be35','136.243.73.82',1443881585,'__ci_last_regenerate|i:1443881585;'),('d8fc3db509d75c6eb37c0ed9a31754e47dcd6652','66.249.71.134',1443742012,'__ci_last_regenerate|i:1443742012;'),('d985004b4f43d9e9dd9269310dc3185721b740a1','14.161.5.219',1443668043,'__ci_last_regenerate|i:1443668040;'),('d9a80366fc8fc75e8c31f32c2fe74cbc887ab9b9','136.243.73.82',1443881501,'__ci_last_regenerate|i:1443881501;'),('da2b137da72e9d3332a742f465269dfb2430812b','66.249.67.34',1443968938,'__ci_last_regenerate|i:1443968938;'),('da4a6167ccc723c23e1229694ccd9bf99a98708d','136.243.73.82',1443881465,'__ci_last_regenerate|i:1443881465;'),('dadd64609032bb9076cc5b72cb6e526784d67b52','14.161.46.204',1443667017,'__ci_last_regenerate|i:1443666910;'),('db1ac6a0706ed44aad3bd1eec1c632e15ae3772e','66.249.71.134',1443732892,'__ci_last_regenerate|i:1443732892;'),('db7fd6ebec04da201b476a4205a9bc95bc70e2e4','123.30.175.214',1443913577,'__ci_last_regenerate|i:1443913577;'),('dba7a641ed23526645cd1f4242c4095e3e81fbc1','1.53.27.107',1443704397,'__ci_last_regenerate|i:1443704397;'),('dc3f4101f53ae1697dc07e6b51071e834f9d5ec9','207.46.13.77',1443729550,'__ci_last_regenerate|i:1443729550;'),('dcf95f0bba46e5687569f195ddc94c95992d1bac','195.154.157.47',1443867146,'__ci_last_regenerate|i:1443867146;'),('ddb34b1cb271a7aa77be4c3c50f33de05bc75355','116.106.220.96',1443618901,'__ci_last_regenerate|i:1443618900;'),('deb07cb594d06080163f47a0595870e2dd52d209','116.102.239.136',1443667309,'__ci_last_regenerate|i:1443667308;'),('df84ecfc8602b27561e2cad1910c5324b677cd62','66.249.71.103',1443640183,'__ci_last_regenerate|i:1443640183;'),('df8bfb571008bd8938330206617ee6dbd8267f32','42.118.164.66',1443973876,'__ci_last_regenerate|i:1443973876;'),('e017c10d49f803c2abc1b9a11e8f1c58cff1eeb0','66.249.71.145',1443747075,'__ci_last_regenerate|i:1443747075;'),('e021a59cdb0e48a2c2afc656e25140f47c0a5452','66.249.71.145',1443731583,'__ci_last_regenerate|i:1443731583;'),('e06099d72a9a73af3251ce2b377fb80ad01292b1','62.210.148.247',1443946367,'__ci_last_regenerate|i:1443946367;'),('e1b3270f4b7f33cb06b84136b23fcef8b739345d','136.243.73.82',1443881512,'__ci_last_regenerate|i:1443881512;'),('e1c695dfe085fcaed87cc91c2c01b45f9e4be422','180.76.15.15',1443722823,'__ci_last_regenerate|i:1443722823;'),('e1f670915a6ad6e20611fab440112fc96aa0c14c','62.210.148.247',1443946310,'__ci_last_regenerate|i:1443946310;'),('e2c2d5462ee9ca0441a744dce2c34d0aa451794a','62.210.148.247',1443946325,'__ci_last_regenerate|i:1443946325;'),('e2e02a932ac8ecf52fd4ff1ce6e9d3035eccefb0','136.243.73.82',1443881435,'__ci_last_regenerate|i:1443881435;'),('e329983354f5bc6818f026b6416c4a580ff5264f','62.210.148.247',1443946358,'__ci_last_regenerate|i:1443946358;'),('e3cea0e2936de779f022716b102cd57a545270ab','66.249.79.135',1443950618,'__ci_last_regenerate|i:1443950618;'),('e4b7d5ed71d647badadc33b7206ed607bb06ecb8','112.197.117.169',1443717208,'__ci_last_regenerate|i:1443717197;identity|s:15:\"nhu binh nguyen\";username|s:15:\"nhu binh nguyen\";email|s:25:\"nguyenthihainhu@gmail.com\";user_id|s:2:\"54\";old_last_login|N;img|s:16:\"user_default.jpg\";'),('e57dfc485e9a4ad6cfba70baa80b0855952b3ab3','66.249.79.141',1443725632,'__ci_last_regenerate|i:1443725632;'),('e5ab857be26b7b0646ee5fd7aa957b4e39505b39','123.30.175.214',1443913589,'__ci_last_regenerate|i:1443913589;'),('e7071a204a6244b391de5d65013073d4d319001e','66.249.71.158',1443962669,'__ci_last_regenerate|i:1443962669;'),('ea61415a20f4a35151fe755cae0d3294651768d6','66.249.71.87',1443671132,'__ci_last_regenerate|i:1443671131;'),('ea91f9650bc16a36818593ac8ad803aff3f153ee','66.249.65.141',1443708281,'__ci_last_regenerate|i:1443708281;'),('eaff634a7038d509473f2c27528c082e0efe3804','150.70.173.52',1443888386,'__ci_last_regenerate|i:1443888385;'),('eba493a6b89e5832fe80999d5e46169ef3ca151a','136.243.73.82',1443881572,'__ci_last_regenerate|i:1443881572;'),('ede9dc42021bece6be7ad55ec31b6df01f713e3d','66.249.71.134',1443741263,'__ci_last_regenerate|i:1443741263;'),('ee4eb7f606980f7d71bd56ebf3277658a7f74657','66.249.71.156',1443730065,'__ci_last_regenerate|i:1443730065;'),('ee7c4157817129c15d2b23c6fc8484e0da8c8cc9','157.55.39.234',1443832605,'__ci_last_regenerate|i:1443832605;'),('ee7f1ff52bda1673d1c13c4d3996a781baa7b9fd','136.243.73.82',1443881527,'__ci_last_regenerate|i:1443881527;'),('eeacf6e6c910d86388e077954389b335b632e070','116.102.239.136',1443674237,'__ci_last_regenerate|i:1443674236;'),('eec010119abd0709b38cdbff66f54a4fa961d217','66.249.79.141',1443676652,'__ci_last_regenerate|i:1443676652;'),('efcef32a9caeb53f367cff192edc4c16330cf821','66.249.71.103',1443922316,'__ci_last_regenerate|i:1443922316;'),('f2d3329ad9d8c7b5ff2da0f52630f3f8a893a59f','66.249.71.103',1443661962,'__ci_last_regenerate|i:1443661962;'),('f3e46f2be13e9d88062c7e7190d974377fceed35','66.249.71.103',1443674973,'__ci_last_regenerate|i:1443674973;'),('f4779271c7d7ea8bd15ab59000d343b616ae5456','136.243.73.82',1443881532,'__ci_last_regenerate|i:1443881532;'),('f4d351099dc39132753fba31e80b56e026375920','136.243.73.82',1443881450,'__ci_last_regenerate|i:1443881450;'),('f5a853f4ac7e6606d020197e4184a948814028ea','66.249.71.87',1443661222,'__ci_last_regenerate|i:1443661222;'),('f5ce640cef42a7bbac4bc1c475113920b1d92377','66.249.79.141',1443693342,'__ci_last_regenerate|i:1443693342;'),('f6388bd1f4e43ae09beb60156ecc69bb1580474b','62.210.148.247',1443946327,'__ci_last_regenerate|i:1443946327;'),('f6a2d877c1f96fdf9acb5730205e9a8205a92923','66.249.67.48',1443978725,'__ci_last_regenerate|i:1443978725;'),('f73a7dfb1db75f2eb59894534b6387bf0808920e','62.210.148.247',1443946302,'__ci_last_regenerate|i:1443946302;'),('f741612a63e963404fdc12d806538bf6d1e29724','112.197.117.169',1443719122,'__ci_last_regenerate|i:1443719121;identity|s:15:\"nhu binh nguyen\";username|s:15:\"nhu binh nguyen\";email|s:25:\"nguyenthihainhu@gmail.com\";user_id|s:2:\"54\";old_last_login|N;img|s:16:\"user_default.jpg\";'),('f7523ac097f7d71a956d3ea68a7b835a11caa7b3','54.196.134.149',1443833588,'__ci_last_regenerate|i:1443833585;'),('f764021d6ec0babc3d449ea853a3f1a25b2b8822','66.249.71.103',1443890429,'__ci_last_regenerate|i:1443890429;'),('f8a890bd59808becdafc35bfcbe4571b88838752','136.243.73.82',1443881538,'__ci_last_regenerate|i:1443881538;'),('f984bc09ecb899d926b312eebb72040436982a65','62.210.148.247',1443946352,'__ci_last_regenerate|i:1443946352;'),('f9b0ecc6eee3d1f1263a9269ff3c02783c76c459','66.249.71.87',1443911747,'__ci_last_regenerate|i:1443911747;'),('fa04fbd420997bd599e953a0bcbac4e8498b88c2','136.243.73.82',1443881481,'__ci_last_regenerate|i:1443881481;'),('fa7b193e21d79c1954b6d50c6c193f40f0c2601c','66.249.71.103',1443660069,'__ci_last_regenerate|i:1443660069;'),('fa91e11846dab18b1422b7821494bafa16d30a2d','66.249.64.181',1443846527,'__ci_last_regenerate|i:1443846527;'),('fad0febe963a7603cdc9fa6f25025e12e5170720','62.210.148.247',1443946314,'__ci_last_regenerate|i:1443946314;'),('fada15299ac65d5ac0f6486d3964ef7d3ae767ba','136.243.73.82',1443881547,'__ci_last_regenerate|i:1443881547;'),('fb5d159dd9d7c4c4a6c19b32ff97cd3981472669','116.102.225.32',1443770693,'__ci_last_regenerate|i:1443770691;'),('fbb5337f2c59f0b0b1fda46810e53792f3413d5d','123.30.175.214',1443913581,'__ci_last_regenerate|i:1443913581;'),('fc13d3b91dade3bf19fac61c53e8ff3435be3d68','66.249.65.148',1443707732,'__ci_last_regenerate|i:1443707732;'),('fc171ff0ec9d0cb145183eebb24ddcd80295ef0c','66.249.71.134',1443738123,'__ci_last_regenerate|i:1443738123;'),('fc6ec4a8cc7c647467f4e90daa6a269719223678','14.161.46.204',1443749517,'__ci_last_regenerate|i:1443749516;'),('fcb26a54b29384251b4acb357fc1f4674673417f','66.249.71.95',1443933098,'__ci_last_regenerate|i:1443933098;'),('fcbb26b2ef492614f81be26682d9cebfaf8eb387','116.106.220.96',1443778497,'__ci_last_regenerate|i:1443778493;'),('fd3291e86aad72539f7bc8965fd108ed9fa7a939','113.174.15.198',1443770607,'__ci_last_regenerate|i:1443770602;'),('fd6e4daa585be9ec982cb7e79cd7614da333a4c0','136.243.73.82',1443881522,'__ci_last_regenerate|i:1443881522;'),('fd730c064669ae748e42ca3b6791624988151f55','123.30.175.213',1443632940,'__ci_last_regenerate|i:1443632940;'),('fde70fd914a358e90e8db695028c70aa0222f220','66.249.71.156',1443738313,'__ci_last_regenerate|i:1443738313;'),('feb877b79c7683cd292b1493f9bf2aa7dee92948','136.243.73.82',1443881470,'__ci_last_regenerate|i:1443881470;'),('fedb08c0d81523e24728a7926f8c1c1bb5127a22','62.210.148.247',1443946374,'__ci_last_regenerate|i:1443946374;'),('ff0187740477065e65640991ea21183bca435873','136.243.73.82',1443881583,'__ci_last_regenerate|i:1443881583;'),('ff2a3bca10ed01d3310f69b7a4916ffb5aaa46d1','66.102.7.146',1443799770,'__ci_last_regenerate|i:1443799769;'),('ff9ef64d55776e33051c5067f8acd5f527db3e58','136.243.73.82',1443881438,'__ci_last_regenerate|i:1443881437;'),('ffcb16a3eb1a5299e476ad1cd3b7cde42fdc7620','66.249.71.156',1443695343,'__ci_last_regenerate|i:1443695343;');

/*Table structure for table `comments` */

DROP TABLE IF EXISTS `comments`;

CREATE TABLE `comments` (
  `id_comment` int(11) unsigned NOT NULL AUTO_INCREMENT,
  `comment` text COLLATE utf8_unicode_ci NOT NULL,
  `date` timestamp NULL DEFAULT CURRENT_TIMESTAMP ON UPDATE CURRENT_TIMESTAMP,
  `deleted` int(11) unsigned NOT NULL DEFAULT '0',
  `id_user` int(11) unsigned NOT NULL,
  `id_news` int(11) unsigned NOT NULL,
  PRIMARY KEY (`id_comment`)
) ENGINE=InnoDB AUTO_INCREMENT=32 DEFAULT CHARSET=utf8 COLLATE=utf8_unicode_ci;

/*Data for the table `comments` */

insert  into `comments`(`id_comment`,`comment`,`date`,`deleted`,`id_user`,`id_news`) values (1,'ádasdasd','2015-06-13 15:02:32',0,1,14),(2,'ádzcasd','2015-06-13 15:02:40',0,1,14),(3,'hay wa','2015-06-14 09:55:08',0,1,18),(4,'alo ','2015-06-15 11:43:16',0,25,14),(5,'duoc ma ','2015-06-15 11:43:18',0,25,14),(6,'alo ','2015-06-15 11:43:31',0,25,20),(7,'dc ma ','2015-06-15 11:43:34',0,25,20),(8,'uh','2015-06-15 15:21:56',0,27,20),(9,'gôd','2015-06-16 00:18:27',0,25,19),(10,'dai ca','2015-06-20 16:56:49',0,25,18),(11,'Công ty 3ctuts.com được thành lập năm 1994 (Tiền thân là Công Ty Hợp Tác Quốc Tế Xuất Nhập Khẩu Tiểu Thủ Công Nghiệp 3ctuts.com) hoạt động kinh doanh xuất nhập khẩu các mặt hàng tiểu thủ công nghiệp.','2015-06-20 17:01:14',0,25,18),(12,'xin chao','2015-06-21 13:52:15',0,25,27),(13,'tran','2015-06-27 08:02:19',0,32,3),(14,'hay','2015-06-27 08:51:53',0,32,13),(15,'a','2015-06-27 09:30:52',0,32,13),(16,'start','2015-06-27 17:26:54',0,32,5),(17,'alo2','2015-06-27 17:37:18',0,32,5),(18,'xin chao','2015-06-27 17:49:17',0,25,4),(19,'This validation will fall back on checking the file extension in older browsers. In modern browsers the validation will check that any of the extensions in data-validation-allowing exists in the mime type declaration of the file. This means that data-validation-allowing=\"pdf\" will work in both modern browsers (checking against \"application/pdf\") and older browsers (checking against the extension \".pdf\")','2015-06-27 17:49:35',0,25,4),(20,'xin chao','2015-06-27 17:51:17',0,25,4),(21,'ádasd','2015-06-27 17:54:17',0,25,4),(22,'gôd','2015-06-27 18:07:49',0,25,1),(23,'tran','2015-06-27 18:21:25',0,25,4),(24,'dc ro','2015-06-27 18:22:26',0,25,4),(25,'ok','2015-06-27 18:23:49',0,25,4),(26,'ok','2015-06-27 18:25:51',0,25,1),(27,'ok baby','2015-06-27 18:26:14',0,25,3),(28,'gôd','2015-07-05 21:11:17',0,38,15),(29,'good','2015-07-07 00:00:31',0,38,4),(30,'ok','2015-08-24 19:46:58',0,1,16),(31,'cách làm hay cần nói rõ ràng hơn chút nữa về chất giọng.','2015-08-25 20:21:50',0,46,42);

/*Table structure for table `groups` */

DROP TABLE IF EXISTS `groups`;

CREATE TABLE `groups` (
  `id` mediumint(8) unsigned NOT NULL AUTO_INCREMENT,
  `name` varchar(20) NOT NULL,
  `description` varchar(100) NOT NULL,
  `deleted` int(10) unsigned NOT NULL DEFAULT '0',
  PRIMARY KEY (`id`)
) ENGINE=InnoDB AUTO_INCREMENT=11 DEFAULT CHARSET=utf8;

/*Data for the table `groups` */

insert  into `groups`(`id`,`name`,`description`,`deleted`) values (1,'admin','Administrator',0),(5,'members','General User',1),(6,'members','ngư',0),(7,'author','Tác giả',0),(9,'MOD','Quản lý duyệt bài viết',0),(10,'SMOD','Quản lý Mod',0);

/*Table structure for table `history_user` */

DROP TABLE IF EXISTS `history_user`;

CREATE TABLE `history_user` (
  `id_history` int(10) unsigned NOT NULL AUTO_INCREMENT,
  `id_user` int(10) unsigned NOT NULL,
  `session` varchar(256) CHARACTER SET utf8 COLLATE utf8_unicode_ci NOT NULL,
  `page` varchar(256) CHARACTER SET utf8 COLLATE utf8_unicode_ci NOT NULL,
  `deleted` int(11) unsigned NOT NULL DEFAULT '0',
  `date` timestamp NULL DEFAULT CURRENT_TIMESTAMP,
  `ip` varchar(256) CHARACTER SET utf8 COLLATE utf8_unicode_ci NOT NULL,
  PRIMARY KEY (`id_history`),
  KEY `id_user` (`id_user`),
  KEY `id_history` (`id_history`),
  KEY `session` (`session`(255)),
  KEY `page` (`page`(255)),
  KEY `deleted` (`deleted`),
  KEY `ip` (`ip`(255))
) ENGINE=InnoDB AUTO_INCREMENT=2697 DEFAULT CHARSET=latin1;

/*Data for the table `history_user` */

insert  into `history_user`(`id_history`,`id_user`,`session`,`page`,`deleted`,`date`,`ip`) values (1,0,'1439038408','/',0,'2015-08-08 19:53:28','113.162.196.131'),(2,0,'1439038408','/phan-mem/soildwork-c26-s3-l0-a0.html',0,'2015-08-08 19:53:38','113.162.196.131'),(3,0,'1439038408','/',0,'2015-08-08 19:54:15','113.162.196.131'),(4,0,'1439038992','/',0,'2015-08-08 20:03:12','113.163.211.171'),(5,0,'1439039421','/phan-mem/soildwork-c26-s3-l0-a0.html',0,'2015-08-08 20:10:21','113.163.211.171'),(6,0,'1439039434','/phan-mem/soildwork-c26-s3-l0-a0.html',0,'2015-08-08 20:10:35','113.163.211.171'),(7,0,'1439039514','/phan-mem/soildwork-c26-s3-l0-a0.html',0,'2015-08-08 20:11:58','113.163.211.171'),(8,0,'1439039514','/dang-nhap',0,'2015-08-08 20:12:27','113.163.211.171'),(9,1,'1439039514','/',0,'2015-08-08 20:12:28','113.163.211.171'),(10,1,'1439041177','/',0,'2015-08-08 20:39:38','113.163.211.171'),(11,1,'1439041177','/phan-mem/soildwork-c26-s3-l0-a0.html',0,'2015-08-08 20:40:22','113.163.211.171'),(12,1,'1439041177','/edit-user-1.html',0,'2015-08-08 20:40:43','113.163.211.171'),(13,1,'1439041177','/edit-user-1.html',0,'2015-08-08 20:40:44','113.163.211.171'),(14,0,'1439041245','/',0,'2015-08-08 20:40:46','113.163.211.171'),(15,0,'1439044108','/',0,'2015-08-08 21:28:29','116.106.212.0'),(16,0,'1439045136','/',0,'2015-08-08 21:45:37','116.106.212.0'),(17,0,'1439045136','/phan-mem/soildwork-c26-s3-l0-a0.html',0,'2015-08-08 21:45:39','116.106.212.0'),(18,0,'1439046121','/',0,'2015-08-08 22:05:02','113.163.211.171'),(19,0,'1439047041','/',0,'2015-08-08 22:17:22','113.163.211.171'),(20,0,'1439048820','/',0,'2015-08-08 22:47:01','116.100.55.105'),(21,0,'1439048820','/',0,'2015-08-08 22:48:06','116.100.55.105'),(22,0,'1439050178','/',0,'2015-08-08 23:09:39','116.106.212.0'),(23,0,'1439050178','/phan-mem/inventor-c26-s5-l0-a0.html',0,'2015-08-08 23:09:42','116.106.212.0'),(24,0,'1439050178','/',0,'2015-08-08 23:09:47','116.106.212.0'),(25,0,'1439053155','/',0,'2015-08-08 23:59:15','116.100.55.105'),(26,0,'1439053155','/',0,'2015-08-08 23:59:31','116.100.55.105'),(27,0,'1439053155','/',0,'2015-08-09 00:00:17','116.100.55.105'),(28,0,'1439053155','/',0,'2015-08-09 00:00:25','116.100.55.105'),(29,0,'1439053155','/',0,'2015-08-09 00:01:43','116.100.55.105'),(30,0,'1439053155','/',0,'2015-08-09 00:02:19','116.100.55.105'),(31,0,'1439053155','/',0,'2015-08-09 00:03:55','116.100.55.105'),(32,0,'1439053487','/',0,'2015-08-09 00:04:47','116.100.55.105'),(33,0,'1439053487','/',0,'2015-08-09 00:07:36','116.100.55.105'),(34,0,'1439053487','/',0,'2015-08-09 00:08:19','116.100.55.105'),(35,0,'1439053487','/phan-mem/soildwork-c26-s3-l0-a0.html',0,'2015-08-09 00:08:38','116.100.55.105'),(36,0,'1439053857','/tim-kiem/',0,'2015-08-09 00:10:57','116.100.55.105'),(37,0,'1439053857','/tim-kiem/',0,'2015-08-09 00:11:05','116.100.55.105'),(38,0,'1439053857','/',0,'2015-08-09 00:11:27','116.100.55.105'),(39,0,'1438560000','/cad/catia-c1-s8-l0-a0.html',0,'2015-08-09 01:07:11','66.249.71.95'),(40,0,'1438560000','/',0,'2015-08-09 02:22:36','66.249.71.95'),(41,0,'1438560000','/cnc/orthers-c3-s10-l0-a0.html',0,'2015-08-09 04:41:31','66.249.71.95'),(42,0,'1438560000','/phan-mem/soildwork-c26-s3-l0-a0.html',0,'2015-08-09 06:21:59','66.249.71.103'),(43,0,'1438560000','/cad/soildwork-c1-s3-l0-a0.html',0,'2015-08-09 08:01:23','66.249.71.95'),(44,0,'1438560000','/cam/creo-c2-s2-l0-a0.html',0,'2015-08-09 08:27:16','66.249.71.103'),(45,0,'1439091282','/',0,'2015-08-09 10:34:45','113.162.198.150'),(46,0,'1439092501','/',0,'2015-08-09 10:55:01','113.162.198.150'),(47,0,'1438560000','/phan-mem/mastercam-c26-s6-l0-a0.html',0,'2015-08-09 10:56:34','66.249.71.103'),(48,0,'1438560000','/video/16-solidworks-introduce.html',0,'2015-08-09 11:01:02','66.249.71.103'),(49,0,'1439092827','/',0,'2015-08-09 11:04:24','113.162.198.150'),(50,0,'1439092827','/phan-mem/soildwork-c26-s3-l0-a0.html',0,'2015-08-09 11:04:26','113.162.198.150'),(51,0,'1439092827','/',0,'2015-08-09 11:04:28','113.162.198.150'),(52,0,'1438560000','/auth/create_user',0,'2015-08-09 11:05:25','66.249.71.103'),(53,0,'1439094875','/phan-mem/soildwork-c26-s3-l0-a0.html',0,'2015-08-09 11:34:35','113.162.198.150'),(54,0,'1438560000','/video/32-gioi-thieu-ve-moi-truong-ve-phac-thao-2dsketch-p1.html',0,'2015-08-09 11:37:47','66.249.71.103'),(55,0,'1439094875','/phan-mem/soildwork-c26-s3-l0-a0.html',0,'2015-08-09 11:39:24','113.162.198.150'),(56,0,'1438560000','/video/33-gioi-thieu-ve-moi-truong-ve-phac-thao-2dsketch-p1.html',0,'2015-08-09 11:48:44','66.249.71.103'),(57,0,'1438560000','/auth/login',0,'2015-08-09 12:03:25','66.249.71.87'),(58,0,'1438560000','/video/31-gioi-thieu-phan-mem-inventor-2014.html',0,'2015-08-09 12:25:29','66.249.71.87'),(59,0,'1439119136','/auth/login',0,'2015-08-09 18:18:57','116.100.57.59'),(60,1,'1439119136','/',0,'2015-08-09 18:19:17','116.100.57.59'),(61,1,'1439119136','/',0,'2015-08-09 18:20:09','116.100.57.59'),(62,1,'1439119136','/edit-user-1.html',0,'2015-08-09 18:20:15','116.100.57.59'),(63,1,'1439119136','/video-manager-1.html',0,'2015-08-09 18:20:17','116.100.57.59'),(64,1,'1439119136','/create-video.html',0,'2015-08-09 18:20:20','116.100.57.59'),(65,1,'1439119136','/',0,'2015-08-09 18:21:22','116.100.57.59'),(66,1,'1439119136','/user/news/35',0,'2015-08-09 18:21:43','116.100.57.59'),(67,1,'1439119136','/user/news/35',0,'2015-08-09 18:21:53','116.100.57.59'),(68,0,'1439119471','/',0,'2015-08-09 18:24:31','116.100.57.59'),(69,0,'1439119471','/dang-nhap',0,'2015-08-09 18:24:33','116.100.57.59'),(70,32,'1439119471','/',0,'2015-08-09 18:24:41','116.100.57.59'),(71,32,'1439119471','/',0,'2015-08-09 18:26:22','116.100.57.59'),(72,0,'1439119585','/',0,'2015-08-09 18:26:26','116.100.57.59'),(73,0,'1439119585','/dang-ki',0,'2015-08-09 18:26:28','116.100.57.59'),(74,0,'1439119585','/',0,'2015-08-09 18:28:36','116.100.57.59'),(75,0,'1439119585','/dang-nhap',0,'2015-08-09 18:28:41','116.100.57.59'),(76,0,'1439119585','/auth/login',0,'2015-08-09 18:28:48','116.100.57.59'),(77,0,'1439119585','/dang-ki',0,'2015-08-09 18:29:11','116.100.57.59'),(78,0,'1439119585','/',0,'2015-08-09 18:29:44','116.100.57.59'),(79,0,'1439119585','/dang-ki',0,'2015-08-09 18:29:54','116.100.57.59'),(80,0,'1439119585','/auth/create_user',0,'2015-08-09 18:30:56','116.100.57.59'),(81,0,'1439119929','/auth/create_user',0,'2015-08-09 18:32:13','116.100.57.59'),(82,0,'1439119929','/',0,'2015-08-09 18:32:21','116.100.57.59'),(83,0,'1439119929','/auth/login',0,'2015-08-09 18:34:07','116.100.57.59'),(84,43,'1439119929','/',0,'2015-08-09 18:34:18','116.100.57.59'),(85,0,'1439120065','/',0,'2015-08-09 18:34:26','116.100.57.59'),(86,0,'1439120065','/auth/login',0,'2015-08-09 18:34:32','116.100.57.59'),(87,0,'1439120065','/cam-c2-s0-l0-a0.html',0,'2015-08-09 18:34:34','116.100.57.59'),(88,0,'1439120065','/dang-nhap',0,'2015-08-09 18:34:37','116.100.57.59'),(89,1,'1439120065','/',0,'2015-08-09 18:34:46','116.100.57.59'),(90,1,'1439120065','/',0,'2015-08-09 18:35:27','116.100.57.59'),(91,0,'1439120146','/',0,'2015-08-09 18:35:46','116.100.57.59'),(92,0,'1439120146','/dang-nhap',0,'2015-08-09 18:35:48','116.100.57.59'),(93,0,'1439120146','/auth/create_user',0,'2015-08-09 18:35:51','116.100.57.59'),(94,0,'1439120146','/auth/create_user',0,'2015-08-09 18:36:43','116.100.57.59'),(95,0,'1439120146','/auth/login',0,'2015-08-09 18:37:11','116.100.57.59'),(96,1,'1439120146','/',0,'2015-08-09 18:37:17','116.100.57.59'),(97,1,'1439120146','/',0,'2015-08-09 18:37:26','116.100.57.59'),(98,1,'1439120146','/',0,'2015-08-09 18:40:14','116.100.57.59'),(99,0,'1439120432','/',0,'2015-08-09 18:40:32','116.100.57.59'),(100,0,'1439120432','/dang-nhap',0,'2015-08-09 18:40:37','116.100.57.59'),(101,43,'1439120432','/',0,'2015-08-09 18:40:59','116.100.57.59'),(102,43,'1439120432','/',0,'2015-08-09 18:41:33','116.100.57.59'),(103,43,'1439120432','/create-video.html',0,'2015-08-09 18:41:49','116.100.57.59'),(104,43,'1439120432','/',0,'2015-08-09 18:42:16','116.100.57.59'),(105,43,'1439120432','/user/news/36',0,'2015-08-09 18:42:29','116.100.57.59'),(106,43,'1439120432','/',0,'2015-08-09 18:42:37','116.100.57.59'),(107,43,'1439120432','/create-video.html',0,'2015-08-09 18:43:51','116.100.57.59'),(108,43,'1439120432','/video-manager-43.html',0,'2015-08-09 18:43:53','116.100.57.59'),(109,43,'1439120432','/video-manager-43.html',0,'2015-08-09 18:44:07','116.100.57.59'),(110,43,'1439120432','/user/video_edit/36',0,'2015-08-09 18:44:09','116.100.57.59'),(111,43,'1439120432','/user/video_manager/43',0,'2015-08-09 18:44:23','116.100.57.59'),(112,43,'1439120432','/',0,'2015-08-09 18:44:25','116.100.57.59'),(113,43,'1439120432','/',0,'2015-08-09 18:44:33','116.100.57.59'),(114,43,'1439120432','/create-video.html',0,'2015-08-09 18:44:42','116.100.57.59'),(115,43,'1439120432','/video-manager-43.html',0,'2015-08-09 18:44:43','116.100.57.59'),(116,43,'1439120432','/user/video_edit/36',0,'2015-08-09 18:44:45','116.100.57.59'),(117,43,'1439120432','/user/video_manager/43',0,'2015-08-09 18:44:53','116.100.57.59'),(118,43,'1439120432','/',0,'2015-08-09 18:44:55','116.100.57.59'),(119,43,'1439120432','/',0,'2015-08-09 18:45:30','116.100.57.59'),(120,43,'1439120733','/create-video.html',0,'2015-08-09 18:45:34','116.100.57.59'),(121,43,'1439120733','/video-manager-43.html',0,'2015-08-09 18:45:37','116.100.57.59'),(122,43,'1439120733','/create-video.html',0,'2015-08-09 18:45:39','116.100.57.59'),(123,43,'1439120733','/',0,'2015-08-09 18:45:49','116.100.57.59'),(124,43,'1439120733','/edit-user-43.html',0,'2015-08-09 18:45:54','116.100.57.59'),(125,0,'1439121016','/',0,'2015-08-09 18:50:16','116.100.57.59'),(126,0,'1439121016','/phan-mem/soildwork-c26-s3-l0-a0.html',0,'2015-08-09 18:50:19','116.100.57.59'),(127,0,'1439121016','/phan-mem/soildwork-c26-s3-l0-a0.html',0,'2015-08-09 18:55:04','116.100.57.59'),(128,0,'1439121016','/video/16-solidworks-introduce.html',0,'2015-08-09 18:55:14','116.100.57.59'),(129,0,'1439121323','/phan-mem/soildwork-c26-s3-l0-a0.html',0,'2015-08-09 18:55:23','116.100.57.59'),(130,0,'1439121323','/video/16-solidworks-introduce.html',0,'2015-08-09 18:55:26','116.100.57.59'),(131,0,'1439121323','/phan-mem/soildwork-c26-s3-l0-a0.html',0,'2015-08-09 18:55:29','116.100.57.59'),(132,0,'1439121323','/',0,'2015-08-09 18:58:09','116.100.57.59'),(133,0,'1439121323','/khuon-mau-c4-s0-l0-a0.html',0,'2015-08-09 18:58:52','116.100.57.59'),(134,0,'1439121323','/khuon-mau-c4-s0-l0-a0.html',0,'2015-08-09 19:00:16','116.100.57.59'),(135,0,'1439121323','/',0,'2015-08-09 19:00:19','116.100.57.59'),(136,0,'1439122194','/',0,'2015-08-09 19:09:55','116.100.57.59'),(137,0,'1439122194','/dang-nhap',0,'2015-08-09 19:13:44','116.100.57.59'),(138,0,'1439122194','/dang-nhap',0,'2015-08-09 19:14:19','116.100.57.59'),(139,0,'1439122608','/',0,'2015-08-09 19:16:52','116.100.57.59'),(140,0,'1439122608','/video/16-solidworks-introduce.html',0,'2015-08-09 19:16:56','116.100.57.59'),(141,0,'1439122608','/',0,'2015-08-09 19:17:49','116.100.57.59'),(142,0,'1439122608','/phan-mem/catia-c26-s8-l0-a0.html',0,'2015-08-09 19:17:56','116.100.57.59'),(143,0,'1439122608','/auth/login',0,'2015-08-09 19:21:16','116.100.57.59'),(144,0,'1439122608','/',0,'2015-08-09 19:21:19','116.100.57.59'),(145,0,'1439123666','/',0,'2015-08-09 19:34:27','116.100.57.59'),(146,0,'1439123666','/phan-mem/inventor-c26-s5-l0-a0.html',0,'2015-08-09 19:34:29','116.100.57.59'),(147,0,'1439123666','/video/33-gioi-thieu-ve-moi-truong-ve-phac-thao-2dsketch-p1.html',0,'2015-08-09 19:34:32','116.100.57.59'),(148,0,'1438560000','/user/categories/',0,'2015-08-09 20:00:28','66.249.71.103'),(149,0,'1439125604','/',0,'2015-08-09 20:06:51','42.118.164.94'),(150,0,'1439129940','/',0,'2015-08-09 21:19:01','42.118.164.94'),(151,0,'1439129940','/phan-mem/soildwork-c26-s3-l0-a0.html',0,'2015-08-09 21:19:03','42.118.164.94'),(152,0,'1439129940','/video/16-solidworks-introduce.html',0,'2015-08-09 21:19:09','42.118.164.94'),(153,0,'1439129940','/cad/thiet-ke-2d/soildwork-c13-s3-l0-a0.html',0,'2015-08-09 21:19:39','42.118.164.94'),(154,0,'1439129940','/cad/thiet-ke-2d/soildwork-c13-s3-l0-a0.html',0,'2015-08-09 21:23:03','42.118.164.94'),(155,0,'1439130803','/tim-kiem/',0,'2015-08-09 21:33:28','42.118.164.94'),(156,0,'1439130803','/',0,'2015-08-09 21:34:03','42.118.164.94'),(157,0,'1439130803','/phan-mem/soildwork-c26-s3-l0-a0.html',0,'2015-08-09 21:35:41','42.118.164.94'),(158,0,'1439131196','/',0,'2015-08-09 21:39:57','42.118.164.94'),(159,0,'1439131591','/',0,'2015-08-09 21:46:31','42.118.164.94'),(160,0,'1439131591','/',0,'2015-08-09 21:47:43','42.118.164.94'),(161,0,'1439131899','/',0,'2015-08-09 21:51:39','42.118.164.94'),(162,0,'1439132561','/',0,'2015-08-09 22:02:41','42.118.164.94'),(163,0,'1439132561','/',0,'2015-08-09 22:06:51','42.118.164.94'),(164,0,'1439132561','/',0,'2015-08-09 22:07:34','42.118.164.94'),(165,0,'1439133281','/',0,'2015-08-09 22:14:42','42.118.164.94'),(166,0,'1439133842','/',0,'2015-08-09 22:24:03','42.118.164.94'),(167,0,'1439133842','/',0,'2015-08-09 22:24:28','42.118.164.94'),(168,0,'1439133842','/',0,'2015-08-09 22:24:50','42.118.164.94'),(169,0,'1439134404','/',0,'2015-08-09 22:33:24','42.118.164.94'),(170,0,'1439134404','/phan-mem/soildwork-c26-s3-l0-a0.html',0,'2015-08-09 22:33:29','42.118.164.94'),(171,0,'1439134404','/auth/login',0,'2015-08-09 22:37:26','42.118.164.94'),(172,0,'1439134765','/phan-mem/soildwork-c26-s3-l0-a0.html',0,'2015-08-09 22:39:25','42.118.164.94'),(173,0,'1439134765','/phan-mem/soildwork-c26-s3-l0-a0.html',0,'2015-08-09 22:42:25','42.118.164.94'),(174,0,'1439135521','/phan-mem/soildwork-c26-s3-l0-a0.html',0,'2015-08-09 22:52:04','42.118.164.94'),(175,0,'1439135521','/',0,'2015-08-09 22:52:40','42.118.164.94'),(176,0,'1439135521','/phan-mem/soildwork-c26-s3-l0-a0.html',0,'2015-08-09 22:53:06','42.118.164.94'),(177,0,'1439136482','/phan-mem/soildwork-c26-s3-l0-a0.html',0,'2015-08-09 23:08:06','42.118.164.94'),(178,0,'1439136482','/phan-mem/soildwork-c26-s3-l0-a0.html',0,'2015-08-09 23:09:46','42.118.164.94'),(179,0,'1439136482','/phan-mem/soildwork-c26-s3-l0-a0.html',0,'2015-08-09 23:11:17','42.118.164.94'),(180,0,'1439136482','/phan-mem/soildwork-c26-s3-l0-a0.html',0,'2015-08-09 23:11:56','42.118.164.94'),(181,0,'1439136482','/phan-mem/soildwork-c26-s3-l0-a0.html',0,'2015-08-09 23:12:36','42.118.164.94'),(182,0,'1439136482','/phan-mem/soildwork-c26-s3-l0-a0.html',0,'2015-08-09 23:12:49','42.118.164.94'),(183,0,'1439136849','/',0,'2015-08-09 23:14:10','42.118.164.94'),(184,0,'1439136849','/phan-mem/soildwork-c26-s3-l0-a0.html',0,'2015-08-09 23:14:12','42.118.164.94'),(185,0,'1439137077','/',0,'2015-08-09 23:18:00','116.106.212.0'),(186,0,'1439136849','/',0,'2015-08-09 23:18:57','42.118.164.94'),(187,0,'1439136849','/phan-mem/mastercam-c26-s6-l0-a0.html',0,'2015-08-09 23:19:05','42.118.164.94'),(188,0,'1439136849','/',0,'2015-08-09 23:19:07','42.118.164.94'),(189,0,'1439137077','/auth/login',0,'2015-08-09 23:19:30','116.106.212.0'),(190,0,'1439137175','/',0,'2015-08-09 23:19:36','42.118.164.94'),(191,0,'1439137175','/',0,'2015-08-09 23:23:33','42.118.164.94'),(192,0,'1439137535','/',0,'2015-08-09 23:25:36','42.118.164.94'),(193,0,'1439137535','/',0,'2015-08-09 23:25:48','42.118.164.94'),(194,0,'1439137535','/',0,'2015-08-09 23:27:52','42.118.164.94'),(195,0,'1439138246','/',0,'2015-08-09 23:37:27','42.118.164.94'),(196,0,'1439138246','/',0,'2015-08-09 23:40:47','42.118.164.94'),(197,0,'1439138246','/',0,'2015-08-09 23:41:24','42.118.164.94'),(198,0,'1439138246','/',0,'2015-08-09 23:41:29','42.118.164.94'),(199,0,'1439138779','/',0,'2015-08-09 23:46:20','42.118.164.94'),(200,0,'1439138779','/',0,'2015-08-09 23:48:53','42.118.164.94'),(201,0,'1439138779','/',0,'2015-08-09 23:50:40','42.118.164.94'),(202,0,'1439139365','/',0,'2015-08-09 23:56:07','42.118.164.94'),(203,0,'1439139365','/',0,'2015-08-09 23:56:09','42.118.164.94'),(204,0,'1439139365','/',0,'2015-08-09 23:56:41','42.118.164.94'),(205,0,'1439139365','/phan-mem/soildwork-c26-s3-l0-a0.html',0,'2015-08-09 23:57:37','42.118.164.94'),(206,0,'1439139365','/',0,'2015-08-09 23:57:48','42.118.164.94'),(207,0,'1439139365','/phan-mem/soildwork-c26-s3-l0-a0.html',0,'2015-08-09 23:58:56','42.118.164.94'),(208,0,'1439139365','/khuon-mau/khuon-duc-nhom-c23-s0-l0-a0.html',0,'2015-08-09 23:59:00','42.118.164.94'),(209,0,'1439139365','/video/33-gioi-thieu-ve-moi-truong-ve-phac-thao-2dsketch-p1.html',0,'2015-08-09 23:59:08','42.118.164.94'),(210,0,'1439139365','/video/33-gioi-thieu-ve-moi-truong-ve-phac-thao-2dsketch-p1.html',0,'2015-08-09 23:59:38','42.118.164.94'),(211,0,'1439139365','/video/33-gioi-thieu-ve-moi-truong-ve-phac-thao-2dsketch-p1.html',0,'2015-08-10 00:01:00','42.118.164.94'),(212,0,'1439139365','/',0,'2015-08-10 00:01:05','42.118.164.94'),(213,0,'1439139767','/',0,'2015-08-10 00:02:48','42.118.164.94'),(214,0,'1439140804','/',0,'2015-08-10 00:24:49','42.118.164.94'),(215,0,'1439140804','/dang-nhap',0,'2015-08-10 00:24:51','42.118.164.94'),(216,0,'1439141202','/dang-nhap',0,'2015-08-10 00:26:43','42.118.164.94'),(217,0,'1439141202','/',0,'2015-08-10 00:26:56','42.118.164.94'),(218,0,'1439141202','/dang-nhap',0,'2015-08-10 00:27:02','42.118.164.94'),(219,1,'1439141202','/',0,'2015-08-10 00:27:03','42.118.164.94'),(220,1,'1439141202','/',0,'2015-08-10 00:27:09','42.118.164.94'),(221,1,'1439141202','/video/16-solidworks-introduce.html',0,'2015-08-10 00:27:35','42.118.164.94'),(222,1,'1439141202','/',0,'2015-08-10 00:27:40','42.118.164.94'),(223,0,'1439141268','/',0,'2015-08-10 00:27:48','42.118.164.94'),(224,0,'1439141268','/',0,'2015-08-10 00:28:21','42.118.164.94'),(225,0,'1439141268','/',0,'2015-08-10 00:31:56','42.118.164.94'),(226,0,'1439141578','/',0,'2015-08-10 00:33:00','42.118.164.94'),(227,0,'1439141578','/',0,'2015-08-10 00:33:35','42.118.164.94'),(228,0,'1439141578','/',0,'2015-08-10 00:34:00','42.118.164.94'),(229,0,'1439141899','/',0,'2015-08-10 00:38:20','42.118.164.94'),(230,0,'1439141899','/',0,'2015-08-10 00:41:35','42.118.164.94'),(231,0,'1439141899','/',0,'2015-08-10 00:43:08','42.118.164.94'),(232,0,'1439142234','/',0,'2015-08-10 00:43:55','42.118.164.94'),(233,0,'1439142234','/',0,'2015-08-10 00:45:38','42.118.164.94'),(234,0,'1439142234','/phan-mem/rhinoceros-c26-s9-l0-a0.html',0,'2015-08-10 00:45:45','42.118.164.94'),(235,0,'1439142234','/',0,'2015-08-10 00:46:00','42.118.164.94'),(236,0,'1439142234','/dang-nhap',0,'2015-08-10 00:46:04','42.118.164.94'),(237,0,'1439142234','/',0,'2015-08-10 00:46:07','42.118.164.94'),(238,0,'1439142234','/phan-mem/soildwork-c26-s3-l0-a0.html',0,'2015-08-10 00:46:10','42.118.164.94'),(239,0,'1439142234','/',0,'2015-08-10 00:46:16','42.118.164.94'),(240,0,'1439142234','/phan-mem/soildwork-c26-s3-l0-a0.html',0,'2015-08-10 00:46:34','42.118.164.94'),(241,0,'1439142234','/dang-ki',0,'2015-08-10 00:46:37','42.118.164.94'),(242,0,'1439142234','/dang-ki',0,'2015-08-10 00:48:04','42.118.164.94'),(243,0,'1439142622','/dang-ki',0,'2015-08-10 00:50:23','42.118.164.94'),(244,0,'1439142622','/',0,'2015-08-10 00:51:37','42.118.164.94'),(245,0,'1439142622','/phan-mem/soildwork-c26-s3-l0-a0.html',0,'2015-08-10 00:51:49','42.118.164.94'),(246,0,'1439142622','/video/16-solidworks-introduce.html',0,'2015-08-10 00:51:50','42.118.164.94'),(247,0,'1439142622','/',0,'2015-08-10 00:52:02','42.118.164.94'),(248,0,'1439143428','/',0,'2015-08-10 01:03:49','42.118.164.94'),(249,0,'1439143428','/dang-nhap',0,'2015-08-10 01:04:29','42.118.164.94'),(250,1,'1439143428','/',0,'2015-08-10 01:04:31','42.118.164.94'),(251,1,'1439143428','/video/31-gioi-thieu-phan-mem-inventor-2014.html',0,'2015-08-10 01:04:36','42.118.164.94'),(252,1,'1439143428','/',0,'2015-08-10 01:04:42','42.118.164.94'),(253,1,'1439143428','/create-video.html',0,'2015-08-10 01:04:48','42.118.164.94'),(254,1,'1439143428','/create-video.html',0,'2015-08-10 01:04:50','42.118.164.94'),(255,1,'1439143428','/edit-user-1.html',0,'2015-08-10 01:04:51','42.118.164.94'),(256,1,'1439143428','/video-manager-1.html',0,'2015-08-10 01:04:51','42.118.164.94'),(257,1,'1439143428','/create-video.html',0,'2015-08-10 01:04:52','42.118.164.94'),(258,1,'1439143428','/edit-user-1.html',0,'2015-08-10 01:04:53','42.118.164.94'),(259,1,'1439143428','/edit-user-1.html',0,'2015-08-10 01:05:01','42.118.164.94'),(260,1,'1439143428','/video-manager-1.html',0,'2015-08-10 01:05:14','42.118.164.94'),(261,1,'1439143428','/video-manager-1.html',0,'2015-08-10 01:05:16','42.118.164.94'),(262,1,'1439143428','/edit-user-1.html',0,'2015-08-10 01:05:26','42.118.164.94'),(263,1,'1439143428','/video-manager-1.html',0,'2015-08-10 01:05:28','42.118.164.94'),(264,1,'1439143428','/create-video.html',0,'2015-08-10 01:05:30','42.118.164.94'),(265,1,'1439143428','/edit-user-1.html',0,'2015-08-10 01:05:34','42.118.164.94'),(266,1,'1439143428','/video-manager-1.html',0,'2015-08-10 01:05:35','42.118.164.94'),(267,1,'1439143428','/create-video.html',0,'2015-08-10 01:05:36','42.118.164.94'),(268,1,'1439143428','/video-manager-1.html',0,'2015-08-10 01:05:36','42.118.164.94'),(269,1,'1439143428','/edit-user-1.html',0,'2015-08-10 01:05:38','42.118.164.94'),(270,1,'1439149789','/',0,'2015-08-10 02:49:49','42.118.164.94'),(271,1,'1439149789','/',0,'2015-08-10 02:50:03','42.118.164.94'),(272,0,'1439152352','/',0,'2015-08-10 03:32:33','116.106.212.0'),(273,0,'1439152352','/',0,'2015-08-10 03:32:54','116.106.212.0'),(274,0,'1439152352','/phan-mem/inventor-c26-s5-l0-a0.html',0,'2015-08-10 03:32:59','116.106.212.0'),(275,0,'1439152352','/dang-nhap',0,'2015-08-10 03:33:31','116.106.212.0'),(276,43,'1439152352','/',0,'2015-08-10 03:33:49','116.106.212.0'),(277,43,'1439152352','/edit-user-43.html',0,'2015-08-10 03:33:55','116.106.212.0'),(278,43,'1439152352','/',0,'2015-08-10 03:34:57','116.106.212.0'),(279,43,'1439152352','/',0,'2015-08-10 03:35:58','116.106.212.0'),(280,43,'1439152352','/edit-user-43.html',0,'2015-08-10 03:36:50','116.106.212.0'),(281,43,'1439152352','/',0,'2015-08-10 03:36:51','116.106.212.0'),(282,43,'1439152352','/phan-mem/inventor-c26-s5-l0-a0.html',0,'2015-08-10 03:37:17','116.106.212.0'),(283,43,'1439152665','/video/33-gioi-thieu-ve-moi-truong-ve-phac-thao-2dsketch-p1.html',0,'2015-08-10 03:37:45','116.106.212.0'),(284,43,'1439152665','/',0,'2015-08-10 03:38:18','116.106.212.0'),(285,43,'1439152665','/',0,'2015-08-10 03:38:28','116.106.212.0'),(286,43,'1439152665','/',0,'2015-08-10 03:39:56','116.106.212.0'),(287,43,'1439152994','/',0,'2015-08-10 03:43:15','116.106.212.0'),(288,43,'1439152994','/',0,'2015-08-10 03:43:47','116.106.212.0'),(289,43,'1439152994','/',0,'2015-08-10 03:43:57','116.106.212.0'),(290,43,'1439152994','/',0,'2015-08-10 03:47:27','116.106.212.0'),(291,43,'1439152994','/khuon-mau/orthers-c4-s10-l0-a0.html',0,'2015-08-10 03:47:51','116.106.212.0'),(292,43,'1439153317','/video/16-solidworks-introduce.html',0,'2015-08-10 03:48:38','116.106.212.0'),(293,43,'1439153317','/khuon-mau/orthers-c4-s10-l0-a0.html',0,'2015-08-10 03:48:41','116.106.212.0'),(294,43,'1439153317','/',0,'2015-08-10 03:50:36','116.106.212.0'),(295,43,'1439153317','/phan-mem/soildwork-c26-s3-l0-a0.html',0,'2015-08-10 03:52:48','116.106.212.0'),(296,43,'1439153317','/video/16-solidworks-introduce.html',0,'2015-08-10 03:52:56','116.106.212.0'),(297,43,'1439153727','/',0,'2015-08-10 03:55:27','116.106.212.0'),(298,43,'1439153727','/edit-user-43.html',0,'2015-08-10 03:55:30','116.106.212.0'),(299,0,'1439161244','/',0,'2015-08-10 06:00:47','116.106.212.0'),(300,0,'1439161244','/dang-nhap',0,'2015-08-10 06:01:31','116.106.212.0'),(301,43,'1439161244','/',0,'2015-08-10 06:01:45','116.106.212.0'),(302,43,'1439161244','/create-video.html',0,'2015-08-10 06:01:53','116.106.212.0'),(303,43,'1439161244','/',0,'2015-08-10 06:02:41','116.106.212.0'),(304,43,'1439161244','/phan-mem/soildwork-c26-s3-l0-a0.html',0,'2015-08-10 06:02:43','116.106.212.0'),(305,43,'1439161673','/create-video.html',0,'2015-08-10 06:07:54','116.106.212.0'),(306,43,'1439161992','/',0,'2015-08-10 06:13:13','116.106.212.0'),(307,43,'1439161992','/edit-user-43.html',0,'2015-08-10 06:13:23','116.106.212.0'),(308,43,'1439161992','/video-manager-43.html',0,'2015-08-10 06:13:24','116.106.212.0'),(309,43,'1439161992','/',0,'2015-08-10 06:13:31','116.106.212.0'),(310,43,'1439161992','/user/news/37',0,'2015-08-10 06:13:59','116.106.212.0'),(311,43,'1439161992','/',0,'2015-08-10 06:14:35','116.106.212.0'),(312,43,'1439161992','/phan-mem/orthers-c26-s10-l0-a0.html',0,'2015-08-10 06:14:41','116.106.212.0'),(313,43,'1439161992','/video/37-intro.html',0,'2015-08-10 06:14:43','116.106.212.0'),(314,43,'1439161992','/others-c25-s0-l0-a0.html',0,'2015-08-10 06:15:44','116.106.212.0'),(315,43,'1439161992','/video/37-intro.html',0,'2015-08-10 06:15:55','116.106.212.0'),(316,43,'1439161992','/others-c25-s0-l0-a0.html',0,'2015-08-10 06:16:04','116.106.212.0'),(317,43,'1439161992','/',0,'2015-08-10 06:16:30','116.106.212.0'),(318,43,'1439161992','/edit-user-43.html',0,'2015-08-10 06:16:34','116.106.212.0'),(319,43,'1439161992','/video-manager-43.html',0,'2015-08-10 06:16:37','116.106.212.0'),(320,43,'1439161992','/create-video.html',0,'2015-08-10 06:16:40','116.106.212.0'),(321,43,'1439161992','/video-manager-43.html',0,'2015-08-10 06:17:02','116.106.212.0'),(322,43,'1439161992','/user/video_edit/37',0,'2015-08-10 06:17:04','116.106.212.0'),(323,43,'1439161992','/user/video_manager/43',0,'2015-08-10 06:17:37','116.106.212.0'),(324,43,'1439161992','/',0,'2015-08-10 06:17:44','116.106.212.0'),(325,43,'1439161992','/phan-mem/orthers-c26-s10-l0-a0.html',0,'2015-08-10 06:17:48','116.106.212.0'),(326,43,'1439161992','/video/37-intro.html',0,'2015-08-10 06:17:57','116.106.212.0'),(327,0,'1439164791','/auth/login',0,'2015-08-10 06:59:54','171.249.23.90'),(328,0,'1439164791','/auth/login',0,'2015-08-10 07:00:25','171.249.23.90'),(329,44,'1439164791','/',0,'2015-08-10 07:00:51','171.249.23.90'),(330,44,'1439165099','/',0,'2015-08-10 07:05:00','171.249.23.90'),(331,44,'1439165099','/user/news/37',0,'2015-08-10 07:05:19','171.249.23.90'),(332,0,'1439169722','/',0,'2015-08-10 08:22:05','14.161.5.228'),(333,0,'1439169722','/phan-mem/orthers-c26-s10-l0-a0.html',0,'2015-08-10 08:22:07','14.161.5.228'),(334,0,'1439169722','/video/37-intro.html',0,'2015-08-10 08:22:18','14.161.5.228'),(335,0,'1439169722','/others-c25-s0-l0-a0.html',0,'2015-08-10 08:22:46','14.161.5.228'),(336,0,'1439172500','/auth/login',0,'2015-08-10 09:08:20','115.79.47.191'),(337,0,'1439172500','/',0,'2015-08-10 09:08:22','115.79.47.191'),(338,0,'1439172500','/video/16-solidworks-introduce.html',0,'2015-08-10 09:08:29','115.79.47.191'),(339,0,'1439172500','/cnc-c3-s0-l0-a0.html',0,'2015-08-10 09:08:33','115.79.47.191'),(340,0,'1439172500','/dang-nhap',0,'2015-08-10 09:08:38','115.79.47.191'),(341,32,'1439172500','/',0,'2015-08-10 09:08:41','115.79.47.191'),(342,32,'1439172500','/create-video.html',0,'2015-08-10 09:08:43','115.79.47.191'),(343,32,'1439172500','/',0,'2015-08-10 09:08:44','115.79.47.191'),(344,0,'1439172918','/',0,'2015-08-10 09:15:24','115.78.130.72'),(345,0,'1439172918','/phan-mem/orthers-c26-s10-l0-a0.html',0,'2015-08-10 09:15:41','14.161.5.228'),(346,0,'1439172918','/video/37-intro.html',0,'2015-08-10 09:15:48','14.161.5.228'),(347,0,'1439172918','/others-c25-s0-l0-a0.html',0,'2015-08-10 09:17:24','14.161.5.228'),(348,0,'1439172918','/video/33-gioi-thieu-ve-moi-truong-ve-phac-thao-2dsketch-p1.html',0,'2015-08-10 09:17:32','14.161.5.228'),(349,0,'1439172918','/others-c25-s0-l0-a0.html',0,'2015-08-10 09:18:45','14.161.5.228'),(350,0,'1439172918','/video/37-intro.html',0,'2015-08-10 09:19:29','14.161.5.228'),(351,0,'1439173236','/others-c25-s0-l0-a0.html',0,'2015-08-10 09:20:44','115.78.130.72'),(352,0,'1439173236','/video/37-intro.html',0,'2015-08-10 09:22:28','115.78.130.72'),(353,32,'1439173505','/',0,'2015-08-10 09:25:06','115.79.47.191'),(354,32,'1439173505','/user/news/37',0,'2015-08-10 09:25:18','115.79.47.191'),(355,32,'1439173505','/user/news/37',0,'2015-08-10 09:25:38','115.79.47.191'),(356,32,'1439173505','/',0,'2015-08-10 09:25:50','115.79.47.191'),(357,0,'1439173570','/auth/login',0,'2015-08-10 09:26:12','115.78.130.72'),(358,32,'1439173505','/phan-mem/orthers-c26-s10-l0-a0.html',0,'2015-08-10 09:26:39','115.79.47.191'),(359,32,'1439173505','/video/37-intro.html',0,'2015-08-10 09:26:40','115.79.47.191'),(360,43,'1439173570','/',0,'2015-08-10 09:27:31','115.78.130.72'),(361,32,'1439173505','/',0,'2015-08-10 09:28:12','115.79.47.191'),(362,32,'1439173505','/video/33-gioi-thieu-ve-moi-truong-ve-phac-thao-2dsketch-p1.html',0,'2015-08-10 09:28:14','115.79.47.191'),(363,32,'1439173505','/',0,'2015-08-10 09:28:20','115.79.47.191'),(364,43,'1439173570','/user/news/37',0,'2015-08-10 09:30:48','115.78.130.72'),(365,43,'1439173985','/others/orthers-c25-s10-l0-a0.html',0,'2015-08-10 09:33:07','115.78.130.72'),(366,43,'1439173985','/video/37-intro.html',0,'2015-08-10 09:33:12','115.78.130.72'),(367,43,'1439173985','/others/orthers-c25-s10-l0-a0.html',0,'2015-08-10 09:33:45','115.78.130.72'),(368,43,'1439173985','/video/31-gioi-thieu-phan-mem-inventor-2014.html',0,'2015-08-10 09:34:23','115.78.130.72'),(369,43,'1439173985','/others/orthers-c25-s10-l0-a0.html',0,'2015-08-10 09:34:26','115.78.130.72'),(370,32,'1439174094','/phan-mem/soildwork-c26-s3-l0-a0.html',0,'2015-08-10 09:34:55','115.79.47.191'),(371,32,'1439174094','/video/37-intro.html',0,'2015-08-10 09:35:17','115.79.47.191'),(372,32,'1439174094','/',0,'2015-08-10 09:35:36','115.79.47.191'),(373,32,'1439174094','/',0,'2015-08-10 09:35:50','115.79.47.191'),(374,32,'1439174094','/create-video.html',0,'2015-08-10 09:35:53','115.79.47.191'),(375,32,'1439174094','/',0,'2015-08-10 09:35:55','115.79.47.191'),(376,43,'1439174299','/tim-kiem/',0,'2015-08-10 09:38:20','115.78.130.72'),(377,43,'1439174299','/tim-kiem/',0,'2015-08-10 09:38:30','115.78.130.72'),(378,43,'1439174299','/tim-kiem/',0,'2015-08-10 09:38:40','115.78.130.72'),(379,43,'1439174299','/tim-kiem/',0,'2015-08-10 09:39:21','115.78.130.72'),(380,32,'1439175915','/',0,'2015-08-10 10:05:15','115.79.47.191'),(381,32,'1439175915','/phan-mem/orthers-c26-s10-l0-a0.html',0,'2015-08-10 10:05:18','115.79.47.191'),(382,32,'1439175915','/video/37-intro.html',0,'2015-08-10 10:05:28','115.79.47.191'),(383,32,'1439175915','/',0,'2015-08-10 10:05:39','115.79.47.191'),(384,32,'1439175915','/video/16-solidworks-introduce.html',0,'2015-08-10 10:05:41','115.79.47.191'),(385,32,'1439175915','/',0,'2015-08-10 10:05:54','115.79.47.191'),(386,0,'1439177506','/',0,'2015-08-10 10:31:53','14.161.5.228'),(387,0,'1439179165','/',0,'2015-08-10 10:59:26','171.233.241.28'),(388,0,'1439179165','/auth/login',0,'2015-08-10 10:59:46','171.233.241.28'),(389,0,'1439179165','/',0,'2015-08-10 11:02:02','171.233.241.28'),(390,1,'1439179544','/',0,'2015-08-10 11:05:45','171.233.241.28'),(391,1,'1439179544','/create-video.html',0,'2015-08-10 11:06:08','171.233.241.28'),(392,1,'1439179544','/',0,'2015-08-10 11:06:11','171.233.241.28'),(393,0,'1439179578','/',0,'2015-08-10 11:06:19','171.233.241.28'),(394,0,'1439179578','/dang-nhap',0,'2015-08-10 11:07:17','171.233.241.28'),(395,43,'1439179578','/',0,'2015-08-10 11:07:30','171.233.241.28'),(396,43,'1439179578','/create-video.html',0,'2015-08-10 11:07:44','171.233.241.28'),(397,43,'1439179578','/video-manager-43.html',0,'2015-08-10 11:07:55','171.233.241.28'),(398,0,'1439179689','/',0,'2015-08-10 11:08:09','171.233.241.28'),(399,0,'1439179689','/auth/login',0,'2015-08-10 11:08:29','171.233.241.28'),(400,1,'1439179689','/',0,'2015-08-10 11:08:36','171.233.241.28'),(401,1,'1439179689','/dang-nhap',0,'2015-08-10 11:11:29','171.233.241.28'),(402,27,'1439179689','/',0,'2015-08-10 11:12:11','171.233.241.28'),(403,0,'1439179972','/',0,'2015-08-10 11:12:53','171.233.241.28'),(404,0,'1439179972','/auth/login',0,'2015-08-10 11:13:42','171.233.241.28'),(405,1,'1439179972','/',0,'2015-08-10 11:13:55','171.233.241.28'),(406,0,'1439180063','/',0,'2015-08-10 11:14:24','171.233.241.28'),(407,0,'1439180075','/',0,'2015-08-10 11:14:35','171.233.241.28'),(408,0,'1439180075','/dang-nhap',0,'2015-08-10 11:14:38','171.233.241.28'),(409,0,'1439180075','/auth/login',0,'2015-08-10 11:14:49','171.233.241.28'),(410,43,'1439180075','/',0,'2015-08-10 11:15:11','171.233.241.28'),(411,0,'1439180180','/',0,'2015-08-10 11:16:21','171.233.241.28'),(412,0,'1439180188','/',0,'2015-08-10 11:16:29','171.233.241.28'),(413,0,'1439180188','/auth/login',0,'2015-08-10 11:16:38','171.233.241.28'),(414,0,'1439180188','/auth/login',0,'2015-08-10 11:17:08','171.233.241.28'),(415,43,'1439180188','/',0,'2015-08-10 11:17:29','171.233.241.28'),(416,0,'1439180398','/',0,'2015-08-10 11:19:59','171.233.241.28'),(417,0,'1439180398','/auth/login',0,'2015-08-10 11:20:41','171.233.241.28'),(418,0,'1439180398','/auth/login',0,'2015-08-10 11:21:00','171.233.241.28'),(419,0,'1439180398','/auth/login',0,'2015-08-10 11:21:23','171.233.241.28'),(420,0,'1439182103','/auth/login',0,'2015-08-10 11:48:24','171.232.104.22'),(421,0,'1439182103','/auth/login',0,'2015-08-10 11:48:34','171.232.104.22'),(422,43,'1439182103','/',0,'2015-08-10 11:48:49','171.232.104.22'),(423,43,'1439182103','/',0,'2015-08-10 11:49:26','171.232.104.22'),(424,43,'1439182103','/edit-user-43.html',0,'2015-08-10 11:49:28','171.232.104.22'),(425,0,'1439182171','/',0,'2015-08-10 11:49:32','171.232.104.22'),(426,0,'1439182171','/dang-nhap',0,'2015-08-10 11:49:46','171.232.104.22'),(427,27,'1439182171','/',0,'2015-08-10 11:49:59','171.232.104.22'),(428,0,'1439182207','/',0,'2015-08-10 11:50:08','14.161.5.228'),(429,0,'1439182207','/phan-mem/soildwork-c26-s3-l0-a0.html',0,'2015-08-10 11:50:13','14.161.5.228'),(430,0,'1439182207','/',0,'2015-08-10 11:50:17','14.161.5.228'),(431,0,'1439182207','/',0,'2015-08-10 11:51:16','14.161.5.228'),(432,27,'1439182171','/edit-user-27.html',0,'2015-08-10 11:52:36','171.232.104.22'),(433,27,'1439182171','/edit-user-27.html',0,'2015-08-10 11:52:37','171.232.104.22'),(434,0,'1439182362','/',0,'2015-08-10 11:52:42','171.232.104.22'),(435,0,'1439182362','/dang-nhap',0,'2015-08-10 11:52:44','171.232.104.22'),(436,42,'1439182362','/',0,'2015-08-10 11:52:56','171.232.104.22'),(437,42,'1439182362','/auth/login',0,'2015-08-10 11:53:09','171.232.104.22'),(438,42,'1439182362','/auth/login',0,'2015-08-10 11:53:31','171.232.104.22'),(439,0,'1439182421','/',0,'2015-08-10 11:53:42','171.232.104.22'),(440,0,'1439182421','/dang-nhap',0,'2015-08-10 11:53:44','171.232.104.22'),(441,27,'1439182421','/',0,'2015-08-10 11:53:59','171.232.104.22'),(442,0,'1439182460','/',0,'2015-08-10 11:54:20','171.232.104.22'),(443,0,'1439182460','/dang-nhap',0,'2015-08-10 11:54:23','171.232.104.22'),(444,42,'1439182460','/',0,'2015-08-10 11:54:30','171.232.104.22'),(445,42,'1439182460','/auth/login',0,'2015-08-10 11:54:41','171.232.104.22'),(446,27,'1439182460','/',0,'2015-08-10 11:55:01','171.232.104.22'),(447,27,'1439182460','/',0,'2015-08-10 11:55:23','171.232.104.22'),(448,0,'1439182698','/',0,'2015-08-10 11:58:19','14.161.5.228'),(449,0,'1439182806','/',0,'2015-08-10 12:00:06','171.232.104.22'),(450,0,'1439182698','/',0,'2015-08-10 12:01:24','14.161.5.228'),(451,0,'1439182698','/phan-mem/soildwork-c26-s3-l0-a0.html',0,'2015-08-10 12:01:55','14.161.5.228'),(452,0,'1439183424','/',0,'2015-08-10 12:10:25','171.232.104.22'),(453,0,'1439183424','/dang-nhap',0,'2015-08-10 12:11:28','171.232.104.22'),(454,42,'1439183424','/',0,'2015-08-10 12:11:34','171.232.104.22'),(455,42,'1439183424','/auth/login',0,'2015-08-10 12:11:41','171.232.104.22'),(456,27,'1439183424','/',0,'2015-08-10 12:11:47','171.232.104.22'),(457,0,'1439183512','/',0,'2015-08-10 12:11:53','171.232.104.22'),(458,0,'1439183512','/dang-nhap',0,'2015-08-10 12:12:01','171.232.104.22'),(459,27,'1439183512','/',0,'2015-08-10 12:12:07','171.232.104.22'),(460,27,'1439183512','/edit-user-27.html',0,'2015-08-10 12:15:37','171.232.104.22'),(461,0,'1439183806','/',0,'2015-08-10 12:16:46','115.79.47.191'),(462,27,'1439183958','/video-manager-27.html',0,'2015-08-10 12:19:19','171.232.104.22'),(463,0,'1439184404','/',0,'2015-08-10 12:26:45','171.232.104.22'),(464,0,'1439184412','/',0,'2015-08-10 12:26:53','171.232.104.22'),(465,0,'1439184756','/',0,'2015-08-10 12:32:36','171.232.104.22'),(466,0,'1439184756','/dang-nhap',0,'2015-08-10 12:32:46','171.232.104.22'),(467,0,'1439184756','/dang-ki',0,'2015-08-10 12:32:53','171.232.104.22'),(468,0,'1439184756','/auth/create_user',0,'2015-08-10 12:35:38','171.232.104.22'),(469,0,'1439184756','/auth/login',0,'2015-08-10 12:36:25','171.232.104.22'),(470,0,'1439184756','/dang-nhap',0,'2015-08-10 12:36:42','171.232.104.22'),(471,0,'1439184756','/dang-nhap',0,'2015-08-10 12:36:46','171.232.104.22'),(472,45,'1439184756','/',0,'2015-08-10 12:37:04','171.232.104.22'),(473,0,'1438560000','/video/31-gioi-thieu-phan-mem-inventor-2014.html',0,'2015-08-10 13:37:39','66.249.71.103'),(474,0,'1439192213','/',0,'2015-08-10 14:36:54','171.232.104.22'),(475,0,'1439195518','/',0,'2015-08-10 15:31:59','14.161.5.228'),(476,0,'1439195518','/phan-mem/soildwork-c26-s3-l0-a0.html',0,'2015-08-10 15:32:16','14.161.5.228'),(477,0,'1439195518','/video/16-solidworks-introduce.html',0,'2015-08-10 15:33:04','14.161.5.228'),(478,0,'1439199341','/',0,'2015-08-10 16:35:41','115.79.47.191'),(479,0,'1439199341','/phan-mem/soildwork-c26-s3-l0-a0.html',0,'2015-08-10 16:35:47','115.79.47.191'),(480,0,'1439199341','/',0,'2015-08-10 16:36:24','115.79.47.191'),(481,0,'1439199341','/',0,'2015-08-10 16:37:14','115.79.47.191'),(482,0,'1439199341','/khuon-mau-c4-s0-l0-a0.html',0,'2015-08-10 16:37:16','115.79.47.191'),(483,0,'1439200203','/auth/login',0,'2015-08-10 16:50:04','14.161.5.228'),(484,0,'1439200203','/',0,'2015-08-10 16:50:06','14.161.5.228'),(485,0,'1439200203','/phan-mem/inventor-c26-s5-l0-a0.html',0,'2015-08-10 16:50:18','14.161.5.228'),(486,0,'1439200203','/video/37-intro.html',0,'2015-08-10 16:52:01','14.161.5.228'),(487,0,'1439209899','/',0,'2015-08-10 19:31:40','42.118.167.90'),(488,0,'1439211573','/',0,'2015-08-10 19:59:33','42.118.167.90'),(489,0,'1439211573','/phan-mem/soildwork-c26-s3-l0-a0.html',0,'2015-08-10 19:59:40','42.118.167.90'),(490,0,'1439211573','/dang-nhap',0,'2015-08-10 19:59:43','42.118.167.90'),(491,0,'1439211573','/auth/create_user',0,'2015-08-10 19:59:45','42.118.167.90'),(492,0,'1439211573','/dang-ki',0,'2015-08-10 19:59:54','42.118.167.90'),(493,0,'1439211573','/dang-nhap',0,'2015-08-10 19:59:54','42.118.167.90'),(494,1,'1439211573','/',0,'2015-08-10 19:59:57','42.118.167.90'),(495,0,'1439211805','/',0,'2015-08-10 20:03:26','42.118.167.90'),(496,0,'1439216728','/',0,'2015-08-10 21:25:28','42.118.167.90'),(497,0,'1439217170','/auth/login',0,'2015-08-10 21:32:52','171.249.23.90'),(498,0,'1439217170','/dang-nhap',0,'2015-08-10 21:32:54','171.249.23.90'),(499,44,'1439217170','/',0,'2015-08-10 21:33:08','171.249.23.90'),(500,0,'1439220455','/',0,'2015-08-10 22:27:35','42.118.167.90'),(501,0,'1439220455','/dang-nhap',0,'2015-08-10 22:27:46','42.118.167.90'),(502,44,'1439220780','/',0,'2015-08-10 22:33:01','171.249.23.90'),(503,44,'1439220780','/phan-mem/inventor-c26-s5-l0-a0.html',0,'2015-08-10 22:33:26','171.249.23.90'),(504,44,'1439220780','/create-video.html',0,'2015-08-10 22:33:43','171.249.23.90'),(505,44,'1439220780','/create-video.html',0,'2015-08-10 22:34:09','171.249.23.90'),(506,44,'1439220780','/create-video.html',0,'2015-08-10 22:34:11','171.249.23.90'),(507,44,'1439220780','/edit-user-44.html',0,'2015-08-10 22:34:13','171.249.23.90'),(508,44,'1439220780','/video-manager-44.html',0,'2015-08-10 22:34:16','171.249.23.90'),(509,44,'1439220780','/',0,'2015-08-10 22:34:18','171.249.23.90'),(510,44,'1439220780','/video/33-gioi-thieu-ve-moi-truong-ve-phac-thao-2dsketch-p1.html',0,'2015-08-10 22:34:24','171.249.23.90'),(511,44,'1439221146','/cad-c1-s0-l0-a0.html',0,'2015-08-10 22:39:07','171.249.23.90'),(512,44,'1439221146','/cad-c1-s0-l0-a0.html',0,'2015-08-10 22:39:26','171.249.23.90'),(513,0,'1439256305','/',0,'2015-08-11 08:25:12','42.118.164.64'),(514,0,'1439256305','/dang-nhap',0,'2015-08-11 08:25:20','42.118.164.64'),(515,0,'1439257535','/',0,'2015-08-11 08:45:37','14.161.5.228'),(516,0,'1439257535','/phan-mem/inventor-c26-s5-l0-a0.html',0,'2015-08-11 08:45:42','14.161.5.228'),(517,0,'1439257535','/video/37-intro.html',0,'2015-08-11 08:45:48','14.161.5.228'),(518,0,'1439257535','/',0,'2015-08-11 08:45:59','14.161.5.228'),(519,0,'1439257535','/auth/login',0,'2015-08-11 08:46:01','14.161.5.228'),(520,43,'1439257535','/',0,'2015-08-11 08:46:14','14.161.5.228'),(521,0,'1439259842','/',0,'2015-08-11 09:24:02','115.79.47.191'),(522,0,'1439259842','/phan-mem/soildwork-c26-s3-l0-a0.html',0,'2015-08-11 09:24:25','115.79.47.191'),(523,0,'1439259842','/video/16-solidworks-introduce.html',0,'2015-08-11 09:24:32','115.79.47.191'),(524,0,'1439259842','/',0,'2015-08-11 09:24:39','115.79.47.191'),(525,0,'1439259842','/phan-mem/soildwork-c26-s3-l0-a0.html',0,'2015-08-11 09:28:54','115.79.47.191'),(526,0,'1439260176','/',0,'2015-08-11 09:29:36','115.79.47.191'),(527,0,'1439260176','/phan-mem/soildwork-c26-s3-l0-a0.html',0,'2015-08-11 09:33:20','115.79.47.191'),(528,0,'1439260176','/',0,'2015-08-11 09:33:46','115.79.47.191'),(529,0,'1439260176','/phan-mem/mastercam-c26-s6-l0-a0.html',0,'2015-08-11 09:33:48','115.79.47.191'),(530,0,'1439260176','/',0,'2015-08-11 09:33:59','115.79.47.191'),(531,0,'1439261702','/',0,'2015-08-11 09:55:03','115.79.47.191'),(532,0,'1439261702','/',0,'2015-08-11 09:57:22','115.79.47.191'),(533,0,'1439263229','/',0,'2015-08-11 10:20:30','115.79.47.191'),(534,0,'1439265451','/',0,'2015-08-11 10:57:32','113.161.144.25'),(535,0,'1439265451','/phan-mem/orthers-c26-s10-l0-a0.html',0,'2015-08-11 10:58:02','113.161.144.23'),(536,0,'1439265451','/video/37-intro.html',0,'2015-08-11 10:58:09','113.161.144.25'),(537,0,'1439265451','/phan-mem/orthers-c26-s10-l0-a0.html',0,'2015-08-11 10:58:21','113.161.144.25'),(538,0,'1439265451','/phan-mem/orthers-c26-s10-l0-a0.html',0,'2015-08-11 10:59:19','113.161.144.25'),(539,0,'1439267198','/',0,'2015-08-11 11:26:39','14.161.5.228'),(540,0,'1439267198','/',0,'2015-08-11 11:27:21','14.161.5.228'),(541,0,'1439267368','/',0,'2015-08-11 11:29:30','27.75.97.123'),(542,0,'1439267368','/phan-mem/soildwork-c26-s3-l0-a0.html',0,'2015-08-11 11:29:58','27.75.97.123'),(543,0,'1439267368','/video/16-solidworks-introduce.html',0,'2015-08-11 11:30:02','27.75.97.123'),(544,0,'1439267541','/phan-mem/inventor-c26-s5-l0-a0.html',0,'2015-08-11 11:32:22','14.161.5.228'),(545,0,'1439267541','/',0,'2015-08-11 11:32:38','14.161.5.228'),(546,0,'1439267541','/',0,'2015-08-11 11:32:46','14.161.5.228'),(547,0,'1439267541','/video/33-gioi-thieu-ve-moi-truong-ve-phac-thao-2dsketch-p1.html',0,'2015-08-11 11:34:59','14.161.5.228'),(548,0,'1439267892','/',0,'2015-08-11 11:38:12','14.161.5.228'),(549,0,'1439267892','/phan-mem/inventor-c26-s5-l0-a0.html',0,'2015-08-11 11:38:15','14.161.5.228'),(550,0,'1439272376','/',0,'2015-08-11 12:52:57','14.161.5.228'),(551,0,'1439272376','/',0,'2015-08-11 12:56:25','14.161.5.228'),(552,0,'1439272376','/phan-mem/soildwork-c26-s3-l0-a0.html',0,'2015-08-11 12:56:29','14.161.5.228'),(553,0,'1439279938','/',0,'2015-08-11 14:58:58','115.79.47.191'),(554,0,'1439281956','/',0,'2015-08-11 15:32:38','14.161.4.241'),(555,0,'1439281956','/phan-mem/orthers-c26-s10-l0-a0.html',0,'2015-08-11 15:33:03','14.161.4.241'),(556,0,'1439281956','/video/37-intro.html',0,'2015-08-11 15:33:05','14.161.4.241'),(557,0,'1439281956','/phan-mem/orthers-c26-s10-l0-a0.html',0,'2015-08-11 15:33:15','14.161.4.241'),(558,0,'1439281956','/',0,'2015-08-11 15:33:19','14.161.4.241'),(559,0,'1439281956','/phan-mem/creo-c26-s2-l0-a0.html',0,'2015-08-11 15:33:34','14.161.4.241'),(560,0,'1439281956','/',0,'2015-08-11 15:34:29','14.161.4.241'),(561,0,'1439286080','/',0,'2015-08-11 16:41:21','14.161.5.228'),(562,0,'1439286080','/phan-mem/soildwork-c26-s3-l0-a0.html',0,'2015-08-11 16:41:24','14.161.5.228'),(563,0,'1439286488','/',0,'2015-08-11 16:48:08','14.161.5.228'),(564,0,'1439292412','/',0,'2015-08-11 18:26:53','171.232.106.96'),(565,0,'1439292412','/phan-mem/orthers-c26-s10-l0-a0.html',0,'2015-08-11 18:27:07','171.232.106.96'),(566,0,'1439292412','/video/37-intro.html',0,'2015-08-11 18:27:10','171.232.106.96'),(567,0,'1438560000','/nx-c0-s4-l0-a0.html',0,'2015-08-11 20:22:08','66.249.65.141'),(568,0,'1438560000','/cimatron-c0-s7-l0-a0.html',0,'2015-08-12 01:11:18','66.249.65.141'),(569,0,'1438560000','/user/categories',0,'2015-08-12 01:36:34','66.249.65.141'),(570,0,'1438560000','/video/33-gioi-thieu-ve-moi-truong-ve-phac-thao-2dsketch-p1.html',0,'2015-08-12 01:47:52','66.249.65.134'),(571,0,'1438560000','/cad/tao-ban-ve-c16-s0-l0-a0.html',0,'2015-08-12 08:15:22','66.249.65.134'),(572,0,'1439343278','/',0,'2015-08-12 08:34:41','42.118.167.112'),(573,0,'1439346907','/',0,'2015-08-12 09:35:08','14.161.5.228'),(574,0,'1439346907','/phan-mem/soildwork-c26-s3-l0-a0.html',0,'2015-08-12 09:35:11','14.161.5.228'),(575,0,'1439346907','/',0,'2015-08-12 09:35:17','14.161.5.228'),(576,0,'1439347243','/',0,'2015-08-12 09:40:43','14.161.5.228'),(577,0,'1439347243','/phan-mem/inventor-c26-s5-l0-a0.html',0,'2015-08-12 09:41:11','14.161.5.228'),(578,0,'1439347807','/',0,'2015-08-12 09:50:18','113.161.144.23'),(579,0,'1438560000','/cnc/van-hanh-may-tien-c21-s0-l0-a0.html',0,'2015-08-12 13:04:54','66.249.65.148'),(580,0,'1439368106','/',0,'2015-08-12 15:28:28','14.161.5.219'),(581,0,'1438560000','/phan-mem/autocad-c26-s1-l0-a0.html',0,'2015-08-12 17:14:48','66.249.65.141'),(582,0,'1439375454','/',0,'2015-08-12 17:30:56','116.106.212.0'),(583,0,'1439375454','/phan-mem/inventor-c26-s5-l0-a0.html',0,'2015-08-12 17:31:02','116.106.212.0'),(584,0,'1439380245','/',0,'2015-08-12 18:50:46','14.169.77.24'),(585,0,'1439380245','/phan-mem/creo-c26-s2-l0-a0.html',0,'2015-08-12 18:51:43','14.169.77.24'),(586,0,'1439380245','/',0,'2015-08-12 18:52:00','14.169.77.24'),(587,0,'1439389077','/',0,'2015-08-12 21:17:58','116.106.212.0'),(588,0,'1439389077','/phan-mem/inventor-c26-s5-l0-a0.html',0,'2015-08-12 21:22:19','116.106.212.0'),(589,0,'1439390044','/',0,'2015-08-12 21:34:05','42.118.164.106'),(590,0,'1439390044','/phan-mem/soildwork-c26-s3-l0-a0.html',0,'2015-08-12 21:34:07','42.118.164.106'),(591,0,'1439390044','/',0,'2015-08-12 21:34:11','42.118.164.106'),(592,0,'1439390044','/phan-mem/soildwork-c26-s3-l0-a0.html',0,'2015-08-12 21:34:17','42.118.164.106'),(593,0,'1439396711','/',0,'2015-08-12 23:25:11','42.118.167.121'),(594,0,'1439396711','/auth/login',0,'2015-08-12 23:25:16','42.118.167.121'),(595,0,'1439397836','/',0,'2015-08-12 23:43:57','42.118.167.121'),(596,0,'1439397999','/',0,'2015-08-12 23:46:41','116.100.55.105'),(597,0,'1439397999','/phan-mem/soildwork-c26-s3-l0-a0.html',0,'2015-08-12 23:47:20','116.100.55.105'),(598,0,'1439400597','/phan-mem/soildwork-c26-s3-l0-a0.html',0,'2015-08-13 00:29:58','42.118.164.78'),(599,0,'1439400597','/video/33-gioi-thieu-ve-moi-truong-ve-phac-thao-2dsketch-p1.html',0,'2015-08-13 00:30:35','42.118.164.78'),(600,0,'1439429195','/',0,'2015-08-13 08:26:36','42.118.164.78'),(601,0,'1438560000','/',0,'2015-08-13 11:36:55','66.249.71.87'),(602,0,'1439440970','/',0,'2015-08-13 11:42:51','115.79.47.191'),(603,0,'1439440970','/',0,'2015-08-13 11:43:00','115.79.47.191'),(604,0,'1439442087','/',0,'2015-08-13 12:01:28','115.79.47.191'),(605,0,'1439444989','/',0,'2015-08-13 12:49:50','115.79.47.191'),(606,0,'1439445227','/',0,'2015-08-13 12:53:47','115.79.47.191'),(607,0,'1438560000','/nx-c0-s4-l0-a0.html',0,'2015-08-13 12:54:40','66.249.71.87'),(608,0,'1439445555','/',0,'2015-08-13 12:59:16','115.79.47.191'),(609,0,'1438560000','/user/categories',0,'2015-08-13 13:26:10','66.249.71.103'),(610,0,'1438560000','/cam/creo-c2-s2-l0-a0.html',0,'2015-08-13 14:42:11','66.249.71.87'),(611,0,'1439455164','/',0,'2015-08-13 15:39:25','115.79.47.191'),(612,0,'1439455627','/',0,'2015-08-13 15:47:11','203.113.186.190'),(613,0,'1439455627','/video/31-gioi-thieu-phan-mem-inventor-2014.html',0,'2015-08-13 15:47:40','203.113.186.190'),(614,0,'1438560000','/video/16-solidworks-introduce.html',0,'2015-08-13 17:22:59','66.249.71.103'),(615,0,'1438560000','/cad/tao-ban-ve-c16-s0-l0-a0.html',0,'2015-08-13 17:47:12','66.249.71.87'),(616,0,'1439464619','/',0,'2015-08-13 18:16:59','115.79.47.191'),(617,0,'1439464619','/phan-mem/soildwork-c26-s3-l0-a0.html',0,'2015-08-13 18:17:01','115.79.47.191'),(618,0,'1439464619','/video/16-solidworks-introduce.html',0,'2015-08-13 18:17:10','115.79.47.191'),(619,0,'1439464619','/',0,'2015-08-13 18:17:29','115.79.47.191'),(620,0,'1439464619','/phan-mem/soildwork-c26-s3-l0-a0.html',0,'2015-08-13 18:17:30','115.79.47.191'),(621,0,'1439464619','/',0,'2015-08-13 18:17:35','115.79.47.191'),(622,0,'1438560000','/cad/soildwork-c1-s3-l0-a0.html',0,'2015-08-13 18:38:39','66.249.71.95'),(623,0,'1438560000','/video/31-gioi-thieu-phan-mem-inventor-2014.html',0,'2015-08-13 19:01:35','66.249.71.103'),(624,0,'1439472830','/auth/login',0,'2015-08-13 20:33:56','116.106.212.0'),(625,0,'1438560000','/phan-mem/autocad-c26-s1-l0-a0.html',0,'2015-08-13 20:53:09','66.249.71.95'),(626,0,'1438560000','/creo-c0-s2-l0-a0.html',0,'2015-08-13 21:14:13','66.249.71.103'),(627,0,'1438560000','/cad-c1-s0-l0-a0.html',0,'2015-08-13 21:51:47','66.249.71.87'),(628,0,'1438560000','/cad-c1-s0-l0-a0.html',0,'2015-08-13 21:51:48','66.249.79.53'),(629,0,'1439478256','/',0,'2015-08-13 22:04:17','27.75.105.83'),(630,0,'1439478608','/',0,'2015-08-13 22:10:14','116.106.212.0'),(631,0,'1439478608','/phan-mem/inventor-c26-s5-l0-a0.html',0,'2015-08-13 22:10:17','116.106.212.0'),(632,0,'1439478608','/',0,'2015-08-13 22:10:32','116.106.212.0'),(633,0,'1439478608','/',0,'2015-08-13 22:10:41','116.106.212.0'),(634,0,'1439478608','/',0,'2015-08-13 22:10:57','116.106.212.0'),(635,0,'1439478608','/phan-mem/orthers-c26-s10-l0-a0.html',0,'2015-08-13 22:11:20','116.106.212.0'),(636,0,'1439478608','/video/37-intro.html',0,'2015-08-13 22:11:22','116.106.212.0'),(637,0,'1439478608','/others/orthers-c25-s10-l0-a0.html',0,'2015-08-13 22:11:39','116.106.212.0'),(638,0,'1439478608','/video/37-intro.html',0,'2015-08-13 22:11:42','116.106.212.0'),(639,0,'1438560000','/video/33-gioi-thieu-ve-moi-truong-ve-phac-thao-2dsketch-p1.html',0,'2015-08-13 22:18:05','66.249.71.103'),(640,0,'1438560000','/cnc/orthers-c3-s10-l0-a0.html',0,'2015-08-13 23:14:40','66.249.79.79'),(641,0,'1438560000','/phan-mem/nx-c26-s4-l0-a0.html',0,'2015-08-13 23:33:47','66.249.71.87'),(642,0,'1438560000','/phan-mem/nx-c26-s4-l0-a0.html',0,'2015-08-13 23:33:48','66.249.71.95'),(643,0,'1438560000','/cad/catia-c1-s8-l0-a0.html',0,'2015-08-13 23:38:52','66.249.71.103'),(644,0,'1438560000','/phan-mem/soildwork-c26-s3-l0-a0.html',0,'2015-08-14 04:39:45','66.249.71.87'),(645,0,'1439520346','/',0,'2015-08-14 09:45:48','14.161.5.228'),(646,0,'1439521798','/',0,'2015-08-14 10:09:58','115.79.47.191'),(647,0,'1439522136','/',0,'2015-08-14 10:15:39','113.163.225.92'),(648,0,'1439522136','/phan-mem/orthers-c26-s10-l0-a0.html',0,'2015-08-14 10:15:47','113.163.225.92'),(649,0,'1439522136','/',0,'2015-08-14 10:15:50','113.163.225.92'),(650,0,'1439522136','/phan-mem/inventor-c26-s5-l0-a0.html',0,'2015-08-14 10:15:51','113.163.225.92'),(651,0,'1439522136','/video/33-gioi-thieu-ve-moi-truong-ve-phac-thao-2dsketch-p1.html',0,'2015-08-14 10:16:01','113.163.225.92'),(652,0,'1439522136','/video/32-gioi-thieu-ve-moi-truong-ve-phac-thao-2dsketch-p1.html',0,'2015-08-14 10:16:11','113.163.225.92'),(653,0,'1439523660','/',0,'2015-08-14 10:41:02','171.232.106.197'),(654,0,'1439523660','/',0,'2015-08-14 10:41:42','171.232.106.197'),(655,0,'1439523660','/',0,'2015-08-14 10:42:46','171.232.106.197'),(656,0,'1439523660','/',0,'2015-08-14 10:42:59','171.232.106.197'),(657,0,'1439524200','/',0,'2015-08-14 10:50:02','42.118.38.134'),(658,0,'1439524200','/',0,'2015-08-14 10:50:12','42.118.38.134'),(659,0,'1439532657','/',0,'2015-08-14 13:10:58','115.79.47.191'),(660,0,'1439532657','/dang-ki',0,'2015-08-14 13:11:00','115.79.47.191'),(661,0,'1439533026','/dang-ki',0,'2015-08-14 13:17:07','115.79.47.191'),(662,0,'1439534504','/',0,'2015-08-14 13:41:45','14.161.5.228'),(663,0,'1439534504','/',0,'2015-08-14 13:41:55','14.161.5.228'),(664,0,'1439534504','/phan-mem/inventor-c26-s5-l0-a0.html',0,'2015-08-14 13:41:58','14.161.5.228'),(665,0,'1439534504','/video/37-intro.html',0,'2015-08-14 13:42:29','14.161.5.228'),(666,0,'1439558058','/',0,'2015-08-14 20:14:24','116.106.212.0'),(667,0,'1439558058','/phan-mem/inventor-c26-s5-l0-a0.html',0,'2015-08-14 20:14:30','116.106.212.0'),(668,0,'1439558058','/',0,'2015-08-14 20:14:35','116.106.212.0'),(669,0,'1439558058','/',0,'2015-08-14 20:14:48','116.106.212.0'),(670,0,'1438560000','/phan-mem/inventor-c26-s5-l0-a0.html',0,'2015-08-15 06:48:30','66.249.71.87'),(671,0,'1439603401','/',0,'2015-08-15 08:50:04','123.21.32.31'),(672,0,'1439603401','/phan-mem/inventor-c26-s5-l0-a0.html',0,'2015-08-15 08:50:08','123.21.32.31'),(673,0,'1439603401','/video/33-gioi-thieu-ve-moi-truong-ve-phac-thao-2dsketch-p1.html',0,'2015-08-15 08:50:11','123.21.32.31'),(674,0,'1439603401','/phan-mem/inventor-c26-s5-l0-a0.html',0,'2015-08-15 08:51:49','123.21.32.31'),(675,0,'1439603401','/video/33-gioi-thieu-ve-moi-truong-ve-phac-thao-2dsketch-p1.html',0,'2015-08-15 08:53:26','123.21.32.31'),(676,0,'1439603966','/phan-mem/inventor-c26-s5-l0-a0.html',0,'2015-08-15 08:59:26','123.21.32.31'),(677,0,'1438560000','/cad/thiet-ke-2d-c13-s0-l0-a0.html',0,'2015-08-15 12:10:40','66.249.71.87'),(678,0,'1439650207','/',0,'2015-08-15 21:50:09','116.106.212.0'),(679,0,'1439650207','/phan-mem/rhinoceros-c26-s9-l0-a0.html',0,'2015-08-15 21:50:25','116.106.212.0'),(680,0,'1439650207','/',0,'2015-08-15 21:50:34','116.106.212.0'),(681,0,'1439650207','/',0,'2015-08-15 21:50:36','116.106.212.0'),(682,0,'1439650207','/',0,'2015-08-15 21:50:38','116.106.212.0'),(683,0,'1439661191','/',0,'2015-08-16 00:53:18','66.249.64.186'),(684,0,'1439692197','/',0,'2015-08-16 09:29:58','42.118.164.105'),(685,0,'1439692197','/',0,'2015-08-16 09:30:05','42.118.164.105'),(686,0,'1439692197','/phan-mem/mastercam-c26-s6-l0-a0.html',0,'2015-08-16 09:30:07','42.118.164.105'),(687,0,'1439694928','/',0,'2015-08-16 10:15:29','42.118.164.105'),(688,0,'1439694928','/dang-nhap',0,'2015-08-16 10:15:33','42.118.164.105'),(689,1,'1439694928','/',0,'2015-08-16 10:15:35','42.118.164.105'),(690,1,'1439694928','/edit-user-1.html',0,'2015-08-16 10:15:37','42.118.164.105'),(691,1,'1439694928','/video-manager-1.html',0,'2015-08-16 10:15:38','42.118.164.105'),(692,1,'1439694928','/create-video.html',0,'2015-08-16 10:15:41','42.118.164.105'),(693,0,'1438560000','/nx-c0-s4-l0-a0.html',0,'2015-08-16 12:30:31','66.249.64.186'),(694,0,'1439704714','/',0,'2015-08-16 12:58:35','42.118.164.105'),(695,0,'1439706288','/',0,'2015-08-16 13:24:49','42.118.164.105'),(696,0,'1439706288','/dang-nhap',0,'2015-08-16 13:24:51','42.118.164.105'),(697,1,'1439706288','/',0,'2015-08-16 13:24:54','42.118.164.105'),(698,1,'1439706288','/create-video.html',0,'2015-08-16 13:24:56','42.118.164.105'),(699,1,'1439706288','/create-video.html',0,'2015-08-16 13:26:27','42.118.164.105'),(700,1,'1439706288','/create-video.html',0,'2015-08-16 13:26:50','42.118.164.105'),(701,1,'1439706288','/create-video.html',0,'2015-08-16 13:27:07','42.118.164.105'),(702,1,'1439706288','/create-video.html',0,'2015-08-16 13:29:25','42.118.164.105'),(703,1,'1439706726','/create-video.html',0,'2015-08-16 13:32:08','42.118.164.105'),(704,1,'1439706726','/create-video.html',0,'2015-08-16 13:33:55','42.118.164.105'),(705,1,'1439706726','/create-video.html',0,'2015-08-16 13:34:01','42.118.164.105'),(706,1,'1439706726','/create-video.html',0,'2015-08-16 13:36:13','42.118.164.105'),(707,1,'1439707046','/create-video.html',0,'2015-08-16 13:37:27','42.118.164.105'),(708,1,'1439707046','/create-video.html',0,'2015-08-16 13:38:50','42.118.164.105'),(709,1,'1439707046','/create-video.html',0,'2015-08-16 13:41:14','42.118.164.105'),(710,1,'1439707046','/create-video.html',0,'2015-08-16 13:42:25','42.118.164.105'),(711,1,'1439707376','/create-video.html',0,'2015-08-16 13:42:58','42.118.164.105'),(712,1,'1439707376','/create-video.html',0,'2015-08-16 13:44:42','42.118.164.105'),(713,1,'1439707810','/create-video.html',0,'2015-08-16 13:50:12','42.118.164.105'),(714,1,'1439707810','/create-video.html',0,'2015-08-16 13:55:01','42.118.164.105'),(715,1,'1439708331','/create-video.html',0,'2015-08-16 13:58:53','42.118.164.105'),(716,1,'1439708331','/create-video.html',0,'2015-08-16 13:59:53','42.118.164.105'),(717,1,'1439708680','/create-video.html',0,'2015-08-16 14:04:42','42.118.164.105'),(718,1,'1439708680','/create-video.html',0,'2015-08-16 14:05:02','42.118.164.105'),(719,1,'1439708680','/create-video.html',0,'2015-08-16 14:05:26','42.118.164.105'),(720,1,'1439708680','/',0,'2015-08-16 14:06:14','42.118.164.105'),(721,1,'1439708680','/user/news/38',0,'2015-08-16 14:06:28','42.118.164.105'),(722,1,'1439708680','/edit-user-1.html',0,'2015-08-16 14:07:03','42.118.164.105'),(723,1,'1439708680','/create-video.html',0,'2015-08-16 14:07:08','42.118.164.105'),(724,1,'1439708680','/video-manager-1.html',0,'2015-08-16 14:07:09','42.118.164.105'),(725,1,'1439708680','/video-manager-1.html',0,'2015-08-16 14:07:11','42.118.164.105'),(726,1,'1439708680','/',0,'2015-08-16 14:07:13','42.118.164.105'),(727,1,'1439708680','/edit-user-1.html',0,'2015-08-16 14:07:55','42.118.164.105'),(728,1,'1439708680','/create-video.html',0,'2015-08-16 14:07:56','42.118.164.105'),(729,1,'1439708680','/create-video.html',0,'2015-08-16 14:08:15','42.118.164.105'),(730,0,'1438560000','/',0,'2015-08-17 07:35:35','66.249.71.87'),(731,0,'1439777740','/',0,'2015-08-17 09:15:40','115.79.47.191'),(732,0,'1439777740','/',0,'2015-08-17 09:18:00','115.79.47.191'),(733,0,'1439789464','/',0,'2015-08-17 12:31:05','14.161.5.228'),(734,0,'1439789464','/',0,'2015-08-17 12:32:20','14.161.5.228'),(735,0,'1439789464','/phan-mem/soildwork-c26-s3-l0-a0.html',0,'2015-08-17 12:32:22','14.161.5.228'),(736,0,'1439789464','/',0,'2015-08-17 12:32:29','14.161.5.228'),(737,0,'1439800406','/',0,'2015-08-17 15:33:27','115.79.47.191'),(738,0,'1439802748','/',0,'2015-08-17 16:12:28','115.79.47.191'),(739,0,'1439847328','/',0,'2015-08-18 05:03:34','66.249.67.34'),(740,0,'1439851908','/',0,'2015-08-18 06:09:51','66.249.67.41'),(741,0,'1439858097','/',0,'2015-08-18 07:35:00','14.161.5.228'),(742,0,'1439858097','/phan-mem/inventor-c26-s5-l0-a0.html',0,'2015-08-18 07:35:06','14.161.5.228'),(743,0,'1439859125','/',0,'2015-08-18 08:37:17','66.249.67.48'),(744,0,'1439864803','/',0,'2015-08-18 09:41:31','66.249.67.48'),(745,0,'1439884090','/',0,'2015-08-18 14:48:12','14.161.5.228'),(746,0,'1439884090','/',0,'2015-08-18 14:48:24','14.161.5.228'),(747,0,'1439884090','/phan-mem/inventor-c26-s5-l0-a0.html',0,'2015-08-18 14:48:26','14.161.5.228'),(748,0,'1439909515','/',0,'2015-08-18 21:51:59','116.100.55.105'),(749,0,'1439909515','/',0,'2015-08-18 21:52:19','116.100.55.105'),(750,0,'1439912680','/',0,'2015-08-18 22:54:22','42.118.164.107'),(751,0,'1439908277','/',0,'2015-08-19 01:11:11','66.249.71.103'),(752,0,'1439925700','/',0,'2015-08-19 02:21:41','42.118.164.107'),(753,0,'1438560000','/cad/catia-c1-s8-l0-a0.html',0,'2015-08-19 06:03:12','66.249.71.95'),(754,0,'1439948088','/',0,'2015-08-19 08:34:49','14.161.5.228'),(755,0,'1439948088','/',0,'2015-08-19 08:35:51','14.161.5.228'),(756,0,'1439948088','/',0,'2015-08-19 08:36:02','14.161.5.228'),(757,0,'1439948088','/phan-mem/soildwork-c26-s3-l0-a0.html',0,'2015-08-19 08:36:15','14.161.5.228'),(758,0,'1439948508','/',0,'2015-08-19 08:41:50','171.232.103.133'),(759,0,'1439948508','/phan-mem/soildwork-c26-s3-l0-a0.html',0,'2015-08-19 08:42:26','171.232.103.133'),(760,0,'1439948508','/video/16-solidworks-introduce.html',0,'2015-08-19 08:42:28','171.232.103.133'),(761,0,'1439948508','/phan-mem/soildwork-c26-s3-l0-a0.html',0,'2015-08-19 08:43:03','171.232.103.133'),(762,0,'1439948508','/',0,'2015-08-19 08:43:05','171.232.103.133'),(763,0,'1439948508','/phan-mem/inventor-c26-s5-l0-a0.html',0,'2015-08-19 08:43:41','171.232.103.133'),(764,0,'1439948508','/',0,'2015-08-19 08:45:25','171.232.103.133'),(765,0,'1439948508','/',0,'2015-08-19 08:46:16','171.232.103.133'),(766,0,'1439949039','/phan-mem/inventor-c26-s5-l0-a0.html',0,'2015-08-19 08:50:40','171.232.103.133'),(767,0,'1439949039','/video/33-gioi-thieu-ve-moi-truong-ve-phac-thao-2dsketch-p1.html',0,'2015-08-19 08:50:42','171.232.103.133'),(768,0,'1439949039','/phan-mem/inventor-c26-s5-l0-a0.html',0,'2015-08-19 08:55:29','171.232.103.133'),(769,0,'1439949039','/video/31-gioi-thieu-phan-mem-inventor-2014.html',0,'2015-08-19 08:55:33','171.232.103.133'),(770,0,'1439949039','/phan-mem/inventor-c26-s5-l0-a0.html',0,'2015-08-19 08:55:37','171.232.103.133'),(771,0,'1439958012','/',0,'2015-08-19 11:20:13','14.161.5.219'),(772,0,'1438560000','/cam/creo-c2-s2-l0-a0.html',0,'2015-08-19 11:46:13','66.249.71.87'),(773,0,'1439961926','/',0,'2015-08-19 12:25:47','66.249.71.95'),(774,0,'1439962985','/',0,'2015-08-19 12:43:11','125.212.217.200'),(775,0,'1439962985','/phan-mem/inventor-c26-s5-l0-a0.html',0,'2015-08-19 12:43:18','125.212.217.200'),(776,0,'1439964841','/',0,'2015-08-19 13:17:58','66.249.71.95'),(777,0,'1438560000','/autocad-c0-s1-l0-a0.html',0,'2015-08-19 13:30:30','66.249.71.95'),(778,0,'1439967559','/',0,'2015-08-19 13:59:20','115.79.47.191'),(779,0,'1439967559','/phan-mem/soildwork-c26-s3-l0-a0.html',0,'2015-08-19 13:59:25','115.79.47.191'),(780,0,'1439967559','/',0,'2015-08-19 13:59:29','115.79.47.191'),(781,0,'1439967559','/video/16-solidworks-introduce.html',0,'2015-08-19 13:59:31','115.79.47.191'),(782,0,'1439967559','/',0,'2015-08-19 13:59:39','115.79.47.191'),(783,0,'1438560000','/video/16-solidworks-introduce.html',0,'2015-08-19 14:06:46','66.249.71.87'),(784,0,'1439969448','/phan-mem/soildwork-c26-s3-l0-a0.html',0,'2015-08-19 14:30:49','115.79.47.191'),(785,0,'1439973214','/',0,'2015-08-19 15:57:44','66.249.71.95'),(786,0,'1439979245','/',0,'2015-08-19 17:17:54','66.249.71.103'),(787,0,'1438560000','/user/categories',0,'2015-08-19 17:44:10','66.249.71.95'),(788,0,'1438560000','/phan-mem/cimatron-c26-s7-l0-a0.html',0,'2015-08-19 19:10:04','66.249.71.103'),(789,0,'1439994515','/',0,'2015-08-19 21:28:48','171.250.31.147'),(790,0,'1439994515','/phan-mem/inventor-c26-s5-l0-a0.html',0,'2015-08-19 21:28:53','171.250.31.147'),(791,0,'1439994515','/',0,'2015-08-19 21:29:04','171.250.31.147'),(792,0,'1439994515','/',0,'2015-08-19 21:32:37','171.250.31.147'),(793,0,'1439994515','/dang-nhap',0,'2015-08-19 21:32:45','171.250.31.147'),(794,0,'1439994515','/auth/login',0,'2015-08-19 21:32:59','171.250.31.147'),(795,43,'1439994821','/',0,'2015-08-19 21:33:43','171.250.31.147'),(796,43,'1439994821','/create-video.html',0,'2015-08-19 21:33:50','171.250.31.147'),(797,43,'1439997160','/',0,'2015-08-19 22:12:41','171.250.31.147'),(798,43,'1439997160','/',0,'2015-08-19 22:13:03','171.250.31.147'),(799,0,'1439997257','/',0,'2015-08-19 22:14:24','116.100.55.105'),(800,0,'1439997257','/phan-mem/soildwork-c26-s3-l0-a0.html',0,'2015-08-19 22:14:43','116.100.55.105'),(801,0,'1439997592','/',0,'2015-08-19 22:19:54','42.118.164.104'),(802,0,'1439997592','/phan-mem/soildwork-c26-s3-l0-a0.html',0,'2015-08-19 22:20:07','42.118.164.104'),(803,0,'1439997592','/video/37-intro.html',0,'2015-08-19 22:20:21','42.118.164.104'),(804,0,'1439997592','/',0,'2015-08-19 22:20:34','42.118.164.104'),(805,0,'1439997592','/phan-mem/rhinoceros-c26-s9-l0-a0.html',0,'2015-08-19 22:20:37','42.118.164.104'),(806,0,'1439997592','/',0,'2015-08-19 22:20:43','42.118.164.104'),(807,0,'1439997592','/',0,'2015-08-19 22:21:04','42.118.164.104'),(808,0,'1439998491','/',0,'2015-08-19 22:34:52','42.118.164.104'),(809,0,'1439998491','/dang-nhap',0,'2015-08-19 22:34:55','42.118.164.104'),(810,1,'1439998491','/',0,'2015-08-19 22:34:57','42.118.164.104'),(811,1,'1439998491','/edit-user-1.html',0,'2015-08-19 22:34:59','42.118.164.104'),(812,1,'1439998491','/create-video.html',0,'2015-08-19 22:35:01','42.118.164.104'),(813,0,'1439998847','/phan-mem/soildwork-c26-s3-l0-a0.html',0,'2015-08-19 22:40:58','116.100.55.105'),(814,0,'1439998847','/',0,'2015-08-19 22:41:14','116.100.55.105'),(815,1,'1439998884','/create-video.html',0,'2015-08-19 22:41:28','42.118.164.104'),(816,0,'1439999465','/phan-mem/soildwork-c26-s3-l0-a0.html',0,'2015-08-19 22:51:06','116.100.55.105'),(817,0,'1439999465','/dang-nhap',0,'2015-08-19 22:51:10','116.100.55.105'),(818,0,'1439999641','/',0,'2015-08-19 22:54:03','116.100.55.105'),(819,0,'1439999641','/dang-nhap',0,'2015-08-19 22:54:20','116.100.55.105'),(820,45,'1439999641','/',0,'2015-08-19 22:54:35','116.100.55.105'),(821,45,'1439999982','/auth/login',0,'2015-08-19 22:59:43','116.100.55.105'),(822,27,'1439999982','/',0,'2015-08-19 22:59:58','116.100.55.105'),(823,0,'1440000072','/',0,'2015-08-19 23:01:12','116.100.55.105'),(824,0,'1440000165','/',0,'2015-08-19 23:02:46','116.100.55.105'),(825,0,'1440000165','/auth/login',0,'2015-08-19 23:03:04','116.100.55.105'),(826,27,'1440000165','/',0,'2015-08-19 23:03:13','116.100.55.105'),(827,0,'1440000351','/',0,'2015-08-19 23:05:52','116.100.55.105'),(828,0,'1440000351','/auth/login',0,'2015-08-19 23:06:02','116.100.55.105'),(829,0,'1440000351','/phan-mem/soildwork-c26-s3-l0-a0.html',0,'2015-08-19 23:06:42','116.100.55.105'),(830,0,'1440000351','/phan-mem/soildwork-c26-s3-l0-a0.html',0,'2015-08-19 23:07:04','116.100.55.105'),(831,0,'1440000351','/phan-mem/soildwork-c26-s3-l0-a0.html',0,'2015-08-19 23:07:15','116.100.55.105'),(832,0,'1440000351','/',0,'2015-08-19 23:08:11','116.100.55.105'),(833,0,'1440000903','/',0,'2015-08-19 23:15:04','116.100.55.105'),(834,1,'1440001358','/phan-mem/soildwork-c26-s3-l0-a0.html',0,'2015-08-19 23:22:39','42.118.164.104'),(835,1,'1440005506','/',0,'2015-08-20 00:33:06','42.118.164.104'),(836,1,'1440005506','/',0,'2015-08-20 00:33:15','42.118.164.104'),(837,1,'1440005506','/edit-user-1.html',0,'2015-08-20 00:33:21','42.118.164.104'),(838,1,'1440005506','/create-video.html',0,'2015-08-20 00:33:24','42.118.164.104'),(839,1,'1440005506','/create-video.html',0,'2015-08-20 00:34:29','42.118.164.104'),(840,1,'1440005506','/',0,'2015-08-20 00:34:40','42.118.164.104'),(841,1,'1440005506','/create-video.html',0,'2015-08-20 00:34:47','42.118.164.104'),(842,1,'1440005872','/create-video.html',0,'2015-08-20 00:37:53','42.118.164.104'),(843,1,'1440005872','/',0,'2015-08-20 00:38:43','42.118.164.104'),(844,1,'1440005872','/edit-user-1.html',0,'2015-08-20 00:38:45','42.118.164.104'),(845,1,'1440005872','/create-video.html',0,'2015-08-20 00:38:46','42.118.164.104'),(846,1,'1440005872','/',0,'2015-08-20 00:39:09','42.118.164.104'),(847,1,'1440005872','/user/news/39',0,'2015-08-20 00:39:25','42.118.164.104'),(848,1,'1440005872','/user/news/39',0,'2015-08-20 00:41:29','42.118.164.104'),(849,1,'1440006704','/create-video.html',0,'2015-08-20 00:51:45','42.118.164.104'),(850,1,'1440006704','/create-video.html',0,'2015-08-20 00:52:50','42.118.164.104'),(851,1,'1440006704','/create-video.html',0,'2015-08-20 00:54:38','42.118.164.104'),(852,1,'1440007014','/create-video.html',0,'2015-08-20 00:56:55','42.118.164.104'),(853,1,'1440007014','/create-video.html',0,'2015-08-20 01:00:42','42.118.164.104'),(854,1,'1440007014','/',0,'2015-08-20 01:00:53','42.118.164.104'),(855,1,'1440007014','/',0,'2015-08-20 01:01:12','42.118.164.104'),(856,1,'1440007014','/phan-mem/soildwork-c26-s3-l0-a0.html',0,'2015-08-20 01:01:20','42.118.164.104'),(857,1,'1440007014','/',0,'2015-08-20 01:01:26','42.118.164.104'),(858,1,'1440007014','/edit-user-1.html',0,'2015-08-20 01:01:35','42.118.164.104'),(859,1,'1440007014','/',0,'2015-08-20 01:01:40','42.118.164.104'),(860,1,'1440007315','/create-video.html',0,'2015-08-20 01:01:56','42.118.164.104'),(861,1,'1440007315','/video-manager-1.html',0,'2015-08-20 01:01:57','42.118.164.104'),(862,1,'1440007315','/user/video_manager/1',0,'2015-08-20 01:02:01','42.118.164.104'),(863,1,'1440007315','/user/video_manager/1',0,'2015-08-20 01:02:03','42.118.164.104'),(864,0,'1438560000','/rhinoceros-c0-s9-l0-a0.html',0,'2015-08-20 01:42:38','66.249.71.87'),(865,0,'1440042060','/',0,'2015-08-20 10:41:03','115.77.79.79'),(866,0,'1440042060','/video/16-solidworks-introduce.html',0,'2015-08-20 10:42:13','115.77.79.79'),(867,0,'1440042060','/',0,'2015-08-20 10:42:24','115.77.79.79'),(868,0,'1440042060','/phan-mem/soildwork-c26-s3-l0-a0.html',0,'2015-08-20 10:42:38','115.77.79.79'),(869,0,'1440042060','/video/16-solidworks-introduce.html',0,'2015-08-20 10:42:55','115.77.79.79'),(870,0,'1439998559','/',0,'2015-08-20 10:43:10','66.249.71.87'),(871,0,'1440042060','/',0,'2015-08-20 10:43:30','115.77.79.79'),(872,0,'1440044104','/',0,'2015-08-20 11:15:05','115.77.79.79'),(873,0,'1440044458','/phan-mem/inventor-c26-s5-l0-a0.html',0,'2015-08-20 11:21:00','115.77.79.79'),(874,0,'1440044458','/',0,'2015-08-20 11:21:23','115.77.79.79'),(875,0,'1438560000','/video/32-gioi-thieu-ve-moi-truong-ve-phac-thao-2dsketch-p1.html',0,'2015-08-20 11:39:07','66.249.71.95'),(876,0,'1439998559','/',0,'2015-08-20 14:11:35','66.249.71.103'),(877,0,'1440063943','/',0,'2015-08-20 16:45:45','125.212.217.200'),(878,0,'1440063943','/phan-mem/creo-c26-s2-l0-a0.html',0,'2015-08-20 16:45:49','125.212.217.200'),(879,0,'1440064412','/',0,'2015-08-20 16:53:32','14.161.5.228'),(880,0,'1440064412','/phan-mem/soildwork-c26-s3-l0-a0.html',0,'2015-08-20 16:53:36','14.161.5.228'),(881,0,'1440064412','/',0,'2015-08-20 16:53:43','14.161.5.228'),(882,0,'1440064412','/',0,'2015-08-20 16:53:49','14.161.5.228'),(883,0,'1440066564','/',0,'2015-08-20 17:29:25','115.79.47.191'),(884,0,'1440078858','/',0,'2015-08-20 20:54:19','116.100.55.105'),(885,0,'1440078858','/phan-mem/soildwork-c26-s3-l0-a0.html',0,'2015-08-20 20:54:57','116.100.55.105'),(886,0,'1440078858','/',0,'2015-08-20 20:56:53','116.100.55.105'),(887,0,'1440078858','/phan-mem/soildwork-c26-s3-l0-a0.html',0,'2015-08-20 20:57:22','116.100.55.105'),(888,0,'1440078858','/video/16-solidworks-introduce.html',0,'2015-08-20 20:57:24','116.100.55.105'),(889,0,'1440078858','/',0,'2015-08-20 20:58:08','116.100.55.105'),(890,0,'1440079857','/phan-mem/soildwork-c26-s3-l0-a0.html',0,'2015-08-20 21:10:57','116.100.55.105'),(891,0,'1440079857','/video/16-solidworks-introduce.html',0,'2015-08-20 21:12:18','116.100.55.105'),(892,0,'1440079857','/',0,'2015-08-20 21:13:59','116.100.55.105'),(893,0,'1440079857','/phan-mem/creo-c26-s2-l0-a0.html',0,'2015-08-20 21:14:34','116.100.55.105'),(894,0,'1440079857','/video/37-intro.html',0,'2015-08-20 21:14:39','116.100.55.105'),(895,0,'1440080440','/',0,'2015-08-20 21:20:41','116.100.55.105'),(896,0,'1440081070','/',0,'2015-08-20 21:31:11','171.250.31.147'),(897,0,'1440081070','/',0,'2015-08-20 21:31:18','171.250.31.147'),(898,0,'1440081090','/',0,'2015-08-20 21:31:32','116.100.55.105'),(899,0,'1440081070','/phan-mem/inventor-c26-s5-l0-a0.html',0,'2015-08-20 21:31:32','171.250.31.147'),(900,0,'1440081090','/',0,'2015-08-20 21:31:43','116.100.55.105'),(901,0,'1440081070','/video/33-gioi-thieu-ve-moi-truong-ve-phac-thao-2dsketch-p1.html',0,'2015-08-20 21:31:53','171.250.31.147'),(902,0,'1440081090','/',0,'2015-08-20 21:32:07','116.100.55.105'),(903,0,'1440081070','/video/33-gioi-thieu-ve-moi-truong-ve-phac-thao-2dsketch-p1.html',0,'2015-08-20 21:32:22','171.250.31.147'),(904,0,'1440081090','/',0,'2015-08-20 21:32:37','116.100.55.105'),(905,0,'1440081070','/cad-c1-s0-l0-a0.html',0,'2015-08-20 21:32:41','171.250.31.147'),(906,0,'1440081070','/video/16-solidworks-introduce.html',0,'2015-08-20 21:32:51','171.250.31.147'),(907,0,'1440081070','/video/16-solidworks-introduce.html',0,'2015-08-20 21:32:54','171.250.31.147'),(908,0,'1440081070','/cad-c1-s0-l0-a0.html',0,'2015-08-20 21:33:03','171.250.31.147'),(909,0,'1440081070','/cam/creo-c2-s2-l0-a0.html',0,'2015-08-20 21:33:26','171.250.31.147'),(910,0,'1440081070','/',0,'2015-08-20 21:35:43','171.250.31.147'),(911,0,'1440081070','/phan-mem/soildwork-c26-s3-l0-a0.html',0,'2015-08-20 21:36:04','171.250.31.147'),(912,0,'1440081070','/video/16-solidworks-introduce.html',0,'2015-08-20 21:36:08','171.250.31.147'),(913,0,'1440081070','/phan-mem/soildwork-c26-s3-l0-a0.html',0,'2015-08-20 21:36:10','171.250.31.147'),(914,0,'1440081090','/phan-mem/soildwork-c26-s3-l0-a0.html',0,'2015-08-20 21:36:17','116.100.55.105'),(915,0,'1438560000','/cnc/orthers-c3-s10-l0-a0.html',0,'2015-08-20 21:38:18','66.249.65.134'),(916,0,'1440081547','/',0,'2015-08-20 21:39:07','116.100.55.105'),(917,0,'1440081547','/phan-mem/soildwork-c26-s3-l0-a0.html',0,'2015-08-20 21:39:20','116.100.55.105'),(918,0,'1440081671','/',0,'2015-08-20 21:41:12','171.250.31.147'),(919,0,'1440081671','/phan-mem/soildwork-c26-s3-l0-a0.html',0,'2015-08-20 21:41:18','171.250.31.147'),(920,0,'1440081671','/khuon-mau-c4-s0-l0-a0.html',0,'2015-08-20 21:44:11','171.250.31.147'),(921,0,'1440081671','/',0,'2015-08-20 21:44:19','171.250.31.147'),(922,0,'1440081671','/phan-mem/soildwork-c26-s3-l0-a0.html',0,'2015-08-20 21:44:22','171.250.31.147'),(923,0,'1440082033','/video/32-gioi-thieu-ve-moi-truong-ve-phac-thao-2dsketch-p1.html',0,'2015-08-20 21:47:15','171.250.31.147'),(924,0,'1440082033','/cad-c1-s0-l0-a0.html',0,'2015-08-20 21:47:43','171.250.31.147'),(925,0,'1440085242','/',0,'2015-08-20 22:40:43','116.100.55.105'),(926,0,'1440085242','/',0,'2015-08-20 22:41:09','116.100.55.105'),(927,0,'1440085242','/',0,'2015-08-20 22:41:34','116.100.55.105'),(928,0,'1440086552','/',0,'2015-08-20 23:02:33','116.100.55.105'),(929,0,'1440086552','/phan-mem/soildwork-c26-s3-l0-a0.html',0,'2015-08-20 23:02:35','116.100.55.105'),(930,0,'1440087118','/',0,'2015-08-20 23:11:59','42.118.164.104'),(931,0,'1440087118','/phan-mem/soildwork-c26-s3-l0-a0.html',0,'2015-08-20 23:12:01','42.118.164.104'),(932,0,'1440087118','/',0,'2015-08-20 23:12:22','42.118.164.104'),(933,0,'1440087118','/phan-mem/soildwork-c26-s3-l0-a0.html',0,'2015-08-20 23:12:24','42.118.164.104'),(934,0,'1440087118','/phan-mem/soildwork-c26-s3-l0-a0.html',0,'2015-08-20 23:13:40','42.118.164.104'),(935,0,'1440087118','/phan-mem/soildwork-c26-s3-l0-a0.html',0,'2015-08-20 23:13:44','42.118.164.104'),(936,0,'1440087118','/phan-mem/soildwork-c26-s3-l0-a0.html',0,'2015-08-20 23:15:13','42.118.164.104'),(937,0,'1440087118','/phan-mem/soildwork-c26-s3-l0-a0.html',0,'2015-08-20 23:15:34','42.118.164.104'),(938,0,'1440087118','/',0,'2015-08-20 23:15:42','42.118.164.104'),(939,0,'1440087118','/phan-mem/soildwork-c26-s3-l0-a0.html',0,'2015-08-20 23:15:43','42.118.164.104'),(940,0,'1440087118','/',0,'2015-08-20 23:16:13','42.118.164.104'),(941,0,'1440087118','/phan-mem/soildwork-c26-s3-l0-a0.html',0,'2015-08-20 23:16:14','42.118.164.104'),(942,0,'1440087118','/',0,'2015-08-20 23:16:18','42.118.164.104'),(943,0,'1440087118','/phan-mem/inventor-c26-s5-l0-a0.html',0,'2015-08-20 23:16:21','42.118.164.104'),(944,0,'1440087442','/phan-mem/inventor-c26-s5-l0-a0.html',0,'2015-08-20 23:17:23','42.118.164.104'),(945,0,'1440087442','/phan-mem/inventor-c26-s5-l0-a0.html',0,'2015-08-20 23:18:19','42.118.164.104'),(946,0,'1440087442','/',0,'2015-08-20 23:18:39','42.118.164.104'),(947,0,'1440087442','/phan-mem/soildwork-c26-s3-l0-a0.html',0,'2015-08-20 23:18:41','42.118.164.104'),(948,0,'1440087442','/phan-mem/soildwork-c26-s3-l0-a0.html',0,'2015-08-20 23:19:18','42.118.164.104'),(949,0,'1440087442','/phan-mem/soildwork-c26-s3-l0-a0.html',0,'2015-08-20 23:19:41','42.118.164.104'),(950,0,'1440087442','/',0,'2015-08-20 23:19:43','42.118.164.104'),(951,0,'1440087442','/phan-mem/soildwork-c26-s3-l0-a0.html',0,'2015-08-20 23:19:46','42.118.164.104'),(952,0,'1440087442','/phan-mem/soildwork-c26-s3-l0-a0.html',0,'2015-08-20 23:21:57','42.118.164.104'),(953,0,'1440087442','/phan-mem/soildwork-c26-s3-l0-a0.html',0,'2015-08-20 23:22:06','42.118.164.104'),(954,0,'1440087807','/phan-mem/soildwork-c26-s3-l0-a0.html',0,'2015-08-20 23:23:28','42.118.164.104'),(955,0,'1440087807','/phan-mem/soildwork-c26-s3-l0-a0.html',0,'2015-08-20 23:24:16','42.118.164.104'),(956,0,'1440087807','/phan-mem/soildwork-c26-s3-l0-a0.html',0,'2015-08-20 23:25:59','42.118.164.104'),(957,0,'1440087807','/phan-mem/soildwork-c26-s3-l0-a0.html',0,'2015-08-20 23:28:10','42.118.164.104'),(958,0,'1440088350','/phan-mem/soildwork-c26-s3-l0-a0.html',0,'2015-08-20 23:32:32','42.118.164.122'),(959,0,'1440088425','/',0,'2015-08-20 23:33:45','116.100.55.105'),(960,0,'1440088425','/phan-mem/soildwork-c26-s3-l0-a0.html',0,'2015-08-20 23:33:50','116.100.55.105'),(961,0,'1440088350','/',0,'2015-08-20 23:33:59','42.118.164.122'),(962,0,'1440088350','/phan-mem/soildwork-c26-s3-l0-a0.html',0,'2015-08-20 23:34:05','42.118.164.122'),(963,0,'1440088783','/phan-mem/soildwork-c26-s3-l0-a0.html',0,'2015-08-20 23:39:45','116.100.55.105'),(964,0,'1440088977','/',0,'2015-08-20 23:43:13','66.249.65.141'),(965,0,'1440089633','/',0,'2015-08-20 23:53:54','116.100.55.105'),(966,0,'1440089633','/phan-mem/inventor-c26-s5-l0-a0.html',0,'2015-08-20 23:55:48','116.100.55.105'),(967,0,'1440092639','/',0,'2015-08-21 00:44:00','116.100.55.105'),(968,0,'1440092639','/',0,'2015-08-21 00:44:02','116.100.55.105'),(969,0,'1440092639','/phan-mem/soildwork-c26-s3-l0-a0.html',0,'2015-08-21 00:44:04','116.100.55.105'),(970,0,'1440092639','/video/37-intro.html',0,'2015-08-21 00:44:34','116.100.55.105'),(971,0,'1440093423','/',0,'2015-08-21 00:57:07','116.100.55.105'),(972,0,'1440093423','/phan-mem/soildwork-c26-s3-l0-a0.html',0,'2015-08-21 00:57:07','116.100.55.105'),(973,0,'1440093423','/',0,'2015-08-21 00:58:10','116.100.55.105'),(974,0,'1440093423','/dang-nhap',0,'2015-08-21 00:58:30','116.100.55.105'),(975,27,'1440093423','/',0,'2015-08-21 00:58:53','116.100.55.105'),(976,27,'1440093423','/create-video.html',0,'2015-08-21 00:59:01','116.100.55.105'),(977,27,'1440093747','/',0,'2015-08-21 01:02:28','116.100.55.105'),(978,27,'1440093747','/',0,'2015-08-21 01:02:53','116.100.55.105'),(979,0,'1440093819','/',0,'2015-08-21 01:03:40','116.100.55.105'),(980,0,'1440093819','/auth/login',0,'2015-08-21 01:04:08','116.100.55.105'),(981,0,'1440093819','/',0,'2015-08-21 01:06:57','116.100.55.105'),(982,0,'1440093819','/phan-mem/soildwork-c26-s3-l0-a0.html',0,'2015-08-21 01:06:58','116.100.55.105'),(983,0,'1440093819','/phan-mem/soildwork-c26-s3-l0-a0.html',0,'2015-08-21 01:08:18','116.100.55.105'),(984,0,'1440093819','/',0,'2015-08-21 01:08:22','116.100.55.105'),(985,0,'1440093819','/phan-mem/inventor-c26-s5-l0-a0.html',0,'2015-08-21 01:08:25','116.100.55.105'),(986,0,'1440094172','/video/33-gioi-thieu-ve-moi-truong-ve-phac-thao-2dsketch-p1.html',0,'2015-08-21 01:09:32','116.100.55.105'),(987,0,'1440094172','/phan-mem/inventor-c26-s5-l0-a0.html',0,'2015-08-21 01:10:30','116.100.55.105'),(988,0,'1440094892','/',0,'2015-08-21 01:21:33','42.118.164.122'),(989,0,'1440097709','/',0,'2015-08-21 03:32:51','66.249.79.48'),(990,0,'1438560000','/auth/create_user',0,'2015-08-21 03:44:21','66.249.71.95'),(991,0,'1440105725','/',0,'2015-08-21 04:39:11','66.249.71.95'),(992,0,'1440117075','/',0,'2015-08-21 07:31:16','113.161.88.191'),(993,0,'1440117075','/video/16-solidworks-introduce.html',0,'2015-08-21 07:31:42','113.161.88.191'),(994,0,'1440117075','/',0,'2015-08-21 07:32:32','113.161.88.191'),(995,0,'1440117075','/video/31-gioi-thieu-phan-mem-inventor-2014.html',0,'2015-08-21 07:32:36','113.161.88.191'),(996,0,'1440117075','/',0,'2015-08-21 07:32:56','113.161.88.191'),(997,0,'1440117075','/video/32-gioi-thieu-ve-moi-truong-ve-phac-thao-2dsketch-p1.html',0,'2015-08-21 07:32:58','113.161.88.191'),(998,0,'1440117075','/',0,'2015-08-21 07:33:29','113.161.88.191'),(999,0,'1440117075','/phan-mem/autocad-c26-s1-l0-a0.html',0,'2015-08-21 07:33:35','113.161.88.191'),(1000,0,'1440117075','/',0,'2015-08-21 07:33:37','113.161.88.191'),(1001,0,'1440117075','/phan-mem/inventor-c26-s5-l0-a0.html',0,'2015-08-21 07:33:43','113.161.88.191'),(1002,0,'1440117075','/',0,'2015-08-21 07:33:46','113.161.88.191'),(1003,0,'1440117075','/phan-mem/creo-c26-s2-l0-a0.html',0,'2015-08-21 07:33:51','113.161.88.191'),(1004,0,'1440117075','/dang-nhap',0,'2015-08-21 07:34:17','113.161.88.191'),(1005,0,'1438560000','/auth/login',0,'2015-08-21 12:07:56','66.249.71.87'),(1006,0,'1440138006','/',0,'2015-08-21 13:20:08','171.233.55.216'),(1007,0,'1440147522','/',0,'2015-08-21 16:54:39','66.249.71.87'),(1008,0,'1438560000','/phan-mem/soildwork-c26-s3-l0-a0.html',0,'2015-08-21 17:21:10','66.249.71.103'),(1009,0,'1438560000','/phan-mem/cimatron-c26-s7-l0-a0.html',0,'2015-08-21 19:59:44','66.249.71.87'),(1010,0,'1440163726','/',0,'2015-08-21 20:28:53','171.250.22.32'),(1011,0,'1440163726','/phan-mem/soildwork-c26-s3-l0-a0.html',0,'2015-08-21 20:28:56','171.250.22.32'),(1012,0,'1440164032','/',0,'2015-08-21 20:33:53','171.250.22.32'),(1013,0,'1440164032','/dang-nhap',0,'2015-08-21 20:33:57','171.250.22.32'),(1014,43,'1440164032','/',0,'2015-08-21 20:34:11','171.250.22.32'),(1015,43,'1440164032','/create-video.html',0,'2015-08-21 20:34:17','171.250.22.32'),(1016,43,'1440164032','/',0,'2015-08-21 20:34:36','171.250.22.32'),(1017,43,'1440164032','/',0,'2015-08-21 20:36:20','171.250.22.32'),(1018,43,'1440164032','/phan-mem/soildwork-c26-s3-l0-a0.html',0,'2015-08-21 20:36:23','171.250.22.32'),(1019,43,'1440164032','/video/16-solidworks-introduce.html',0,'2015-08-21 20:36:49','171.250.22.32'),(1020,43,'1440164032','/phan-mem/soildwork-c26-s3-l0-a0.html',0,'2015-08-21 20:36:55','171.250.22.32'),(1021,43,'1440164032','/video/33-gioi-thieu-ve-moi-truong-ve-phac-thao-2dsketch-p1.html',0,'2015-08-21 20:37:22','171.250.22.32'),(1022,43,'1440164032','/cad/thiet-ke-2d-c13-s0-l0-a0.html',0,'2015-08-21 20:37:32','171.250.22.32'),(1023,43,'1440164374','/',0,'2015-08-21 20:39:35','171.250.22.32'),(1024,43,'1440164374','/',0,'2015-08-21 20:41:17','171.250.22.32'),(1025,43,'1440164374','/',0,'2015-08-21 20:44:12','171.250.22.32'),(1026,43,'1440165043','/',0,'2015-08-21 20:50:44','171.250.22.32'),(1027,43,'1440165043','/phan-mem/soildwork-c26-s3-l0-a0.html',0,'2015-08-21 20:51:07','171.250.22.32'),(1028,43,'1440165043','/video/33-gioi-thieu-ve-moi-truong-ve-phac-thao-2dsketch-p1.html',0,'2015-08-21 20:52:32','171.250.22.32'),(1029,43,'1440165043','/cad-c1-s0-l0-a0.html',0,'2015-08-21 20:52:43','171.250.22.32'),(1030,0,'1438560000','/rhinoceros-c0-s9-l0-a0.html',0,'2015-08-21 21:24:35','66.249.71.95'),(1031,0,'1438560000','/autocad-c0-s1-l0-a0.html',0,'2015-08-21 22:10:40','66.249.71.87'),(1032,0,'1440173607','/',0,'2015-08-21 23:13:29','42.118.164.122'),(1033,0,'1440173607','/phan-mem/soildwork-c26-s3-l0-a0.html',0,'2015-08-21 23:13:32','42.118.164.122'),(1034,0,'1440173607','/phan-mem/soildwork-c26-s3-l0-a0.html',0,'2015-08-21 23:14:24','42.118.164.122'),(1035,0,'1440174181','/phan-mem/soildwork-c26-s3-l0-a0.html',0,'2015-08-21 23:23:02','42.118.164.122'),(1036,0,'1438560000','/cad/tao-ban-ve-c16-s0-l0-a0.html',0,'2015-08-21 23:50:00','66.249.71.103'),(1037,0,'1440174639','/',0,'2015-08-22 02:29:48','66.249.71.103'),(1038,0,'1438560000','/phan-mem/rhinoceros-c26-s9-l0-a0.html',0,'2015-08-22 03:45:21','66.249.79.41'),(1039,0,'1438560000','/cad/soildwork-c1-s3-l0-a0.html',0,'2015-08-22 08:50:23','66.249.71.95'),(1040,0,'1440211379','/',0,'2015-08-22 09:43:01','1.52.33.151'),(1041,0,'1440211379','/phan-mem/soildwork-c26-s3-l0-a0.html',0,'2015-08-22 09:43:51','1.52.33.151'),(1042,0,'1440211379','/',0,'2015-08-22 09:45:37','1.52.33.151'),(1043,0,'1440211379','/phan-mem/soildwork-c26-s3-l0-a0.html',0,'2015-08-22 09:45:40','1.52.33.151'),(1044,0,'1440211379','/',0,'2015-08-22 09:45:53','1.52.33.151'),(1045,0,'1440211379','/phan-mem/soildwork-c26-s3-l0-a0.html',0,'2015-08-22 09:45:55','1.52.33.151'),(1046,0,'1440211379','/video/33-gioi-thieu-ve-moi-truong-ve-phac-thao-2dsketch-p1.html',0,'2015-08-22 09:46:30','1.52.33.151'),(1047,0,'1440211379','/dang-nhap',0,'2015-08-22 09:46:35','1.52.33.151'),(1048,43,'1440211379','/',0,'2015-08-22 09:46:44','1.52.33.151'),(1049,43,'1440211379','/create-video.html',0,'2015-08-22 09:46:47','1.52.33.151'),(1050,43,'1440211379','/',0,'2015-08-22 09:47:25','1.52.33.151'),(1051,43,'1440211379','/phan-mem/soildwork-c26-s3-l0-a0.html',0,'2015-08-22 09:47:38','1.52.33.151'),(1052,43,'1440211686','/',0,'2015-08-22 09:48:07','1.52.33.151'),(1053,43,'1440211686','/phan-mem/inventor-c26-s5-l0-a0.html',0,'2015-08-22 09:48:48','1.52.33.151'),(1054,43,'1440211686','/',0,'2015-08-22 09:49:44','1.52.33.151'),(1055,0,'1440215151','/',0,'2015-08-22 10:45:52','42.118.164.122'),(1056,0,'1440215151','/phan-mem/soildwork-c26-s3-l0-a0.html',0,'2015-08-22 10:45:58','42.118.164.122'),(1057,0,'1440215151','/video/37-intro.html',0,'2015-08-22 10:46:33','42.118.164.122'),(1058,0,'1440215151','/',0,'2015-08-22 10:46:43','42.118.164.122'),(1059,0,'1440215151','/phan-mem/orthers-c26-s10-l0-a0.html',0,'2015-08-22 10:46:48','42.118.164.122'),(1060,0,'1440217920','/',0,'2015-08-22 11:32:21','66.249.79.48'),(1061,0,'1440219574','/',0,'2015-08-22 13:27:05','66.249.71.87'),(1062,0,'1438560000','/phan-mem/rhinoceros-c26-s9-l0-a0.html',0,'2015-08-22 19:56:19','66.249.71.95'),(1063,0,'1440249466','/',0,'2015-08-22 20:17:51','116.106.211.167'),(1064,0,'1440249466','/phan-mem/soildwork-c26-s3-l0-a0.html',0,'2015-08-22 20:17:57','116.106.211.167'),(1065,0,'1440249466','/',0,'2015-08-22 20:18:14','116.106.211.167'),(1066,0,'1440242493','/',0,'2015-08-23 00:34:10','66.249.71.95'),(1067,0,'1440295789','/',0,'2015-08-23 09:10:13','66.249.71.95'),(1068,0,'1440300849','/',0,'2015-08-23 14:29:23','66.249.71.95'),(1069,0,'1438560000','/cad/thiet-ke-2d/inventor-c13-s5-l0-a0.html',0,'2015-08-23 14:32:03','66.249.71.87'),(1070,0,'1440318085','/',0,'2015-08-23 15:21:28','116.106.210.177'),(1071,0,'1440318085','/video/16-solidworks-introduce.html',0,'2015-08-23 15:21:33','116.106.210.177'),(1072,0,'1440318085','/',0,'2015-08-23 15:21:37','116.106.210.177'),(1073,0,'1440318085','/phan-mem/soildwork-c26-s3-l0-a0.html',0,'2015-08-23 15:21:39','116.106.210.177'),(1074,0,'1440318747','/',0,'2015-08-23 15:32:28','116.106.210.177'),(1075,0,'1440318747','/phan-mem/soildwork-c26-s3-l0-a0.html',0,'2015-08-23 15:32:35','116.106.210.177'),(1076,0,'1440318747','/video/16-solidworks-introduce.html',0,'2015-08-23 15:32:38','116.106.210.177'),(1077,0,'1440318747','/phan-mem/soildwork-c26-s3-l0-a0.html',0,'2015-08-23 15:32:56','116.106.210.177'),(1078,0,'1440318747','/video/16-solidworks-introduce.html',0,'2015-08-23 15:35:44','116.106.210.177'),(1079,0,'1440326252','/',0,'2015-08-23 17:37:33','42.118.164.84'),(1080,0,'1440326252','/phan-mem/soildwork-c26-s3-l0-a0.html',0,'2015-08-23 17:37:43','42.118.164.84'),(1081,0,'1440326252','/',0,'2015-08-23 17:37:51','42.118.164.84'),(1082,0,'1440331661','/',0,'2015-08-23 19:07:42','42.118.164.84'),(1083,0,'1440334949','/phan-mem/soildwork-c26-s3-l0-a0.html',0,'2015-08-23 20:02:30','42.118.164.84'),(1084,0,'1440334949','/',0,'2015-08-23 20:02:35','42.118.164.84'),(1085,0,'1440334949','/dang-nhap',0,'2015-08-23 20:02:38','42.118.164.84'),(1086,0,'1440334999','/',0,'2015-08-23 20:03:19','116.106.210.177'),(1087,0,'1440334999','/phan-mem/soildwork-c26-s3-l0-a0.html',0,'2015-08-23 20:03:25','116.106.210.177'),(1088,0,'1440347630','/',0,'2015-08-23 23:33:51','42.118.164.84'),(1089,0,'1440349901','/',0,'2015-08-24 00:11:42','42.118.164.84'),(1090,0,'1438560000','/phan-mem/nx-c26-s4-l0-a0.html',0,'2015-08-24 04:08:25','66.249.75.96'),(1091,0,'1440369923','/',0,'2015-08-24 05:48:33','66.249.75.80'),(1092,0,'1440372320','/',0,'2015-08-24 08:32:41','66.249.75.96'),(1093,0,'1438560000','/phan-mem/autocad-c26-s1-l0-a0.html',0,'2015-08-24 09:48:59','66.249.75.96'),(1094,0,'1440387289','/',0,'2015-08-24 10:34:52','115.77.79.79'),(1095,0,'1440387289','/video/33-gioi-thieu-ve-moi-truong-ve-phac-thao-2dsketch-p1.html',0,'2015-08-24 10:35:15','115.77.79.79'),(1096,0,'1440387289','/video/33-gioi-thieu-ve-moi-truong-ve-phac-thao-2dsketch-p1.html',0,'2015-08-24 10:35:39','115.77.79.79'),(1097,0,'1440388633','/cad/thiet-ke-2d/inventor-c13-s5-l0-a0.html',0,'2015-08-24 10:57:14','115.77.79.79'),(1098,0,'1440388633','/video/31-gioi-thieu-phan-mem-inventor-2014.html',0,'2015-08-24 10:57:23','115.77.79.79'),(1099,0,'1440388633','/',0,'2015-08-24 10:58:15','115.77.79.79'),(1100,0,'1440388688','/',0,'2015-08-24 10:58:18','115.77.79.79'),(1101,0,'1440388633','/video/31-gioi-thieu-phan-mem-inventor-2014.html',0,'2015-08-24 10:58:28','115.77.79.79'),(1102,0,'1440388688','/video/31-gioi-thieu-phan-mem-inventor-2014.html',0,'2015-08-24 10:58:32','115.77.79.79'),(1103,0,'1440399526','/',0,'2015-08-24 13:58:47','115.77.79.79'),(1104,0,'1440399526','/phan-mem/soildwork-c26-s3-l0-a0.html',0,'2015-08-24 13:59:11','115.77.79.79'),(1105,0,'1440399526','/',0,'2015-08-24 13:59:18','115.77.79.79'),(1106,0,'1440406388','/',0,'2015-08-24 15:53:11','171.249.70.154'),(1107,0,'1440406388','/',0,'2015-08-24 15:53:30','171.249.70.154'),(1108,0,'1440406388','/',0,'2015-08-24 15:54:19','171.249.70.154'),(1109,0,'1440406388','/',0,'2015-08-24 15:54:55','171.249.70.154'),(1110,0,'1440406388','/dang-nhap',0,'2015-08-24 15:55:12','171.249.70.154'),(1111,0,'1440406388','/',0,'2015-08-24 15:55:23','171.249.70.154'),(1112,0,'1440406692','/',0,'2015-08-24 15:58:13','171.249.70.154'),(1113,0,'1440406692','/',0,'2015-08-24 15:59:05','171.249.70.154'),(1114,0,'1440406692','/',0,'2015-08-24 15:59:12','171.249.70.154'),(1115,0,'1440406692','/',0,'2015-08-24 15:59:57','171.249.70.154'),(1116,0,'1440406692','/tim-kiem/',0,'2015-08-24 16:00:01','171.249.70.154'),(1117,0,'1440406692','/video/31-gioi-thieu-phan-mem-inventor-2014.html',0,'2015-08-24 16:00:16','171.249.70.154'),(1118,0,'1440406692','/tim-kiem/',0,'2015-08-24 16:00:28','171.249.70.154'),(1119,0,'1440406692','/',0,'2015-08-24 16:00:59','171.249.70.154'),(1120,0,'1440409551','/',0,'2015-08-24 16:45:52','115.77.79.79'),(1121,0,'1440409551','/',0,'2015-08-24 16:45:54','115.77.79.79'),(1122,0,'1440409551','/phan-mem/inventor-c26-s5-l0-a0.html',0,'2015-08-24 16:46:17','115.77.79.79'),(1123,0,'1440409551','/video/31-gioi-thieu-phan-mem-inventor-2014.html',0,'2015-08-24 16:46:22','115.77.79.79'),(1124,0,'1440410077','/video/31-gioi-thieu-phan-mem-inventor-2014.html',0,'2015-08-24 16:54:38','115.77.79.79'),(1125,0,'1440410077','/phan-mem/inventor-c26-s5-l0-a0.html',0,'2015-08-24 16:54:42','115.77.79.79'),(1126,0,'1440410077','/',0,'2015-08-24 16:55:15','115.77.79.79'),(1127,0,'1440410077','/',0,'2015-08-24 16:55:26','115.77.79.79'),(1128,0,'1440411613','/',0,'2015-08-24 18:39:42','66.249.75.88'),(1129,0,'1440419939','/',0,'2015-08-24 19:39:03','1.52.34.125'),(1130,0,'1440419939','/phan-mem/inventor-c26-s5-l0-a0.html',0,'2015-08-24 19:40:59','1.52.34.125'),(1131,0,'1440420251','/video/37-intro.html',0,'2015-08-24 19:44:12','1.52.34.125'),(1132,0,'1440420251','/',0,'2015-08-24 19:44:17','1.52.34.125'),(1133,0,'1440420251','/phan-mem/soildwork-c26-s3-l0-a0.html',0,'2015-08-24 19:44:35','1.52.34.125'),(1134,0,'1440420251','/',0,'2015-08-24 19:44:48','1.52.34.125'),(1135,0,'1440420251','/phan-mem/soildwork-c26-s3-l0-a0.html',0,'2015-08-24 19:46:09','1.52.34.125'),(1136,0,'1440420251','/video/16-solidworks-introduce.html',0,'2015-08-24 19:46:24','1.52.34.125'),(1137,0,'1440420251','/phan-mem/soildwork-c26-s3-l0-a0.html',0,'2015-08-24 19:46:32','1.52.34.125'),(1138,0,'1440420251','/video/16-solidworks-introduce.html',0,'2015-08-24 19:46:39','1.52.34.125'),(1139,0,'1440420251','/dang-nhap',0,'2015-08-24 19:46:47','1.52.34.125'),(1140,1,'1440420251','/',0,'2015-08-24 19:46:50','1.52.34.125'),(1141,1,'1440420251','/phan-mem/soildwork-c26-s3-l0-a0.html',0,'2015-08-24 19:46:52','1.52.34.125'),(1142,1,'1440420251','/video/16-solidworks-introduce.html',0,'2015-08-24 19:46:54','1.52.34.125'),(1143,0,'1440420426','/',0,'2015-08-24 19:47:07','1.52.34.125'),(1144,0,'1440420426','/phan-mem/soildwork-c26-s3-l0-a0.html',0,'2015-08-24 19:47:09','1.52.34.125'),(1145,0,'1440420426','/video/16-solidworks-introduce.html',0,'2015-08-24 19:47:10','1.52.34.125'),(1146,0,'1440420426','/',0,'2015-08-24 19:47:27','1.52.34.125'),(1147,0,'1440420426','/phan-mem/soildwork-c26-s3-l0-a0.html',0,'2015-08-24 19:48:15','1.52.34.125'),(1148,0,'1440420426','/phan-mem/soildwork-c26-s3-l0-a0.html',0,'2015-08-24 19:49:52','1.52.34.125'),(1149,0,'1440420802','/',0,'2015-08-24 19:53:23','1.52.34.125'),(1150,0,'1440421526','/',0,'2015-08-24 20:05:27','1.52.34.125'),(1151,0,'1440421526','/phan-mem/inventor-c26-s5-l0-a0.html',0,'2015-08-24 20:06:07','1.52.34.125'),(1152,0,'1440421526','/',0,'2015-08-24 20:06:29','1.52.34.125'),(1153,0,'1440422017','/phan-mem/soildwork-c26-s3-l0-a0.html',0,'2015-08-24 20:13:39','1.52.34.125'),(1154,0,'1440422017','/dang-nhap',0,'2015-08-24 20:13:54','1.52.34.125'),(1155,0,'1440422017','/auth/login',0,'2015-08-24 20:14:06','1.52.34.125'),(1156,1,'1440422017','/',0,'2015-08-24 20:14:17','1.52.34.125'),(1157,1,'1440422017','/create-video.html',0,'2015-08-24 20:14:20','1.52.34.125'),(1158,1,'1440422017','/edit-user-1.html',0,'2015-08-24 20:14:23','1.52.34.125'),(1159,1,'1440422017','/create-video.html',0,'2015-08-24 20:14:53','1.52.34.125'),(1160,1,'1440422017','/',0,'2015-08-24 20:15:24','1.52.34.125'),(1161,1,'1440422017','/phan-mem/inventor-c26-s5-l0-a0.html',0,'2015-08-24 20:15:27','1.52.34.125'),(1162,1,'1440422017','/',0,'2015-08-24 20:16:18','1.52.34.125'),(1163,1,'1440422017','/',0,'2015-08-24 20:17:40','1.52.34.125'),(1164,1,'1440422017','/',0,'2015-08-24 20:18:28','1.52.34.125'),(1165,1,'1440422017','/',0,'2015-08-24 20:18:37','1.52.34.125'),(1166,1,'1440422320','/phan-mem/soildwork-c26-s3-l0-a0.html',0,'2015-08-24 20:18:41','1.52.34.125'),(1167,1,'1440422320','/video/16-solidworks-introduce.html',0,'2015-08-24 20:19:24','1.52.34.125'),(1168,1,'1440422320','/video/16-solidworks-introduce.html',0,'2015-08-24 20:19:36','1.52.34.125'),(1169,1,'1440422320','/cad/thiet-ke-2d/soildwork-c13-s3-l1-a0.html',0,'2015-08-24 20:19:55','1.52.34.125'),(1170,1,'1440422320','/',0,'2015-08-24 20:19:58','1.52.34.125'),(1171,0,'1440423216','/',0,'2015-08-24 20:34:37','66.249.75.88'),(1172,1,'1440427263','/',0,'2015-08-24 21:41:04','42.118.164.84'),(1173,0,'1440427671','/',0,'2015-08-24 21:47:54','116.100.55.105'),(1174,1,'1440428992','/',0,'2015-08-24 22:09:53','42.118.164.84'),(1175,1,'1440428992','/',0,'2015-08-24 22:11:18','42.118.164.84'),(1176,1,'1440428992','/',0,'2015-08-24 22:12:47','42.118.164.84'),(1177,1,'1440428992','/video/31-gioi-thieu-phan-mem-inventor-2014.html',0,'2015-08-24 22:13:12','42.118.164.84'),(1178,1,'1440428992','/',0,'2015-08-24 22:13:22','42.118.164.84'),(1179,1,'1440429567','/',0,'2015-08-24 22:19:28','42.118.164.84'),(1180,1,'1440429567','/',0,'2015-08-24 22:20:31','42.118.164.84'),(1181,1,'1440430123','/',0,'2015-08-24 22:28:43','42.118.164.84'),(1182,1,'1440430123','/',0,'2015-08-24 22:30:44','42.118.164.84'),(1183,1,'1440430123','/',0,'2015-08-24 22:32:54','42.118.164.84'),(1184,1,'1440430441','/',0,'2015-08-24 22:34:03','42.118.164.84'),(1185,1,'1440430441','/',0,'2015-08-24 22:34:15','42.118.164.84'),(1186,1,'1440430441','/',0,'2015-08-24 22:34:21','42.118.164.84'),(1187,1,'1440430441','/',0,'2015-08-24 22:34:53','42.118.164.84'),(1188,0,'1440431509','/',0,'2015-08-24 22:51:50','125.212.217.200'),(1189,0,'1440431509','/phan-mem/soildwork-c26-s3-l0-a0.html',0,'2015-08-24 22:51:52','125.212.217.200'),(1190,1,'1440432748','/create-video.html',0,'2015-08-24 23:12:29','42.118.164.84'),(1191,0,'1440434666','/',0,'2015-08-24 23:45:33','66.249.71.95'),(1192,1,'1440439768','/',0,'2015-08-25 01:09:29','42.118.164.84'),(1193,1,'1440439768','/phan-mem/soildwork-c26-s3-l0-a0.html',0,'2015-08-25 01:09:55','42.118.164.84'),(1194,1,'1440439768','/',0,'2015-08-25 01:10:09','42.118.164.84'),(1195,0,'1440445208','/',0,'2015-08-25 02:41:59','66.249.71.87'),(1196,0,'1440448895','/',0,'2015-08-25 03:42:30','66.249.71.87'),(1197,0,'1440449535','/',0,'2015-08-25 03:54:57','66.249.71.87'),(1198,0,'1440449535','/',0,'2015-08-25 03:54:58','66.249.71.87'),(1199,0,'1440463848','/',0,'2015-08-25 07:53:07','66.249.71.103'),(1200,0,'1440471276','/',0,'2015-08-25 09:54:40','115.77.79.79'),(1201,0,'1440471276','/',0,'2015-08-25 09:55:03','115.77.79.79'),(1202,0,'1440471352','/',0,'2015-08-25 09:56:02','115.77.79.79'),(1203,0,'1440471352','/phan-mem/soildwork-c26-s3-l0-a0.html',0,'2015-08-25 09:56:10','115.77.79.79'),(1204,0,'1440471352','/video/16-solidworks-introduce.html',0,'2015-08-25 09:56:31','115.77.79.79'),(1205,0,'1440471352','/phan-mem/soildwork-c26-s3-l0-a0.html',0,'2015-08-25 09:56:38','115.77.79.79'),(1206,0,'1440471522','/',0,'2015-08-25 09:58:42','115.79.47.191'),(1207,0,'1440472014','/',0,'2015-08-25 10:06:55','115.79.47.191'),(1208,0,'1440472014','/',0,'2015-08-25 10:09:26','115.79.47.191'),(1209,0,'1440472014','/',0,'2015-08-25 10:11:09','115.79.47.191'),(1210,0,'1440472014','/video/31-gioi-thieu-phan-mem-inventor-2014.html',0,'2015-08-25 10:11:18','115.79.47.191'),(1211,0,'1440472014','/',0,'2015-08-25 10:11:29','115.79.47.191'),(1212,0,'1440472014','/',0,'2015-08-25 10:11:50','115.79.47.191'),(1213,0,'1440472014','/phan-mem/soildwork-c26-s3-l0-a0.html',0,'2015-08-25 10:11:52','115.79.47.191'),(1214,0,'1440472335','/',0,'2015-08-25 10:12:15','115.79.47.191'),(1215,0,'1440473823','/',0,'2015-08-25 10:37:03','115.79.47.191'),(1216,0,'1440473877','/',0,'2015-08-25 10:38:00','115.77.79.79'),(1217,0,'1440473877','/phan-mem/soildwork-c26-s3-l0-a0.html',0,'2015-08-25 10:38:04','115.77.79.79'),(1218,0,'1440475090','/',0,'2015-08-25 10:58:11','115.79.47.191'),(1219,0,'1440475796','/',0,'2015-08-25 11:09:57','171.232.105.234'),(1220,0,'1440475796','/',0,'2015-08-25 11:10:35','171.232.105.234'),(1221,0,'1440476134','/',0,'2015-08-25 11:15:35','171.232.105.234'),(1222,0,'1440468456','/',0,'2015-08-25 11:30:19','66.249.71.103'),(1223,0,'1440479822','/',0,'2015-08-25 12:17:03','116.106.144.16'),(1224,0,'1440479822','/phan-mem/inventor-c26-s5-l0-a0.html',0,'2015-08-25 12:17:59','116.106.144.16'),(1225,0,'1440479822','/video/31-gioi-thieu-phan-mem-inventor-2014.html',0,'2015-08-25 12:19:00','116.106.144.16'),(1226,0,'1440480147','/',0,'2015-08-25 12:22:29','116.106.144.16'),(1227,0,'1440480147','/phan-mem/inventor-c26-s5-l0-a0.html',0,'2015-08-25 12:24:33','116.106.144.16'),(1228,0,'1440480147','/',0,'2015-08-25 12:26:16','116.106.144.16'),(1229,0,'1440480412','/',0,'2015-08-25 12:26:55','115.77.79.79'),(1230,0,'1440480412','/phan-mem/inventor-c26-s5-l0-a0.html',0,'2015-08-25 12:27:05','115.77.79.79'),(1231,0,'1440480412','/',0,'2015-08-25 12:27:18','115.77.79.79'),(1232,0,'1440480517','/',0,'2015-08-25 12:28:38','116.106.144.16'),(1233,0,'1440480517','/',0,'2015-08-25 12:28:40','116.106.144.16'),(1234,0,'1440483422','/',0,'2015-08-25 13:17:04','115.77.79.79'),(1235,0,'1440483422','/phan-mem/inventor-c26-s5-l0-a0.html',0,'2015-08-25 13:17:12','115.77.79.79'),(1236,0,'1440483422','/dang-nhap',0,'2015-08-25 13:20:01','115.77.79.79'),(1237,0,'1440483422','/auth/login',0,'2015-08-25 13:20:18','115.77.79.79'),(1238,0,'1440483422','/dang-nhap',0,'2015-08-25 13:20:24','115.77.79.79'),(1239,44,'1440483422','/',0,'2015-08-25 13:20:59','115.77.79.79'),(1240,44,'1440483422','/',0,'2015-08-25 13:21:34','115.77.79.79'),(1241,44,'1440483422','/phan-mem/creo-c26-s2-l0-a0.html',0,'2015-08-25 13:21:41','115.77.79.79'),(1242,0,'1440483777','/',0,'2015-08-25 13:22:58','115.77.79.79'),(1243,0,'1440484221','/',0,'2015-08-25 13:30:22','115.79.47.191'),(1244,0,'1440484221','/phan-mem/soildwork-c26-s3-l0-a0.html',0,'2015-08-25 13:31:57','115.79.47.191'),(1245,0,'1440484221','/video/16-solidworks-introduce.html',0,'2015-08-25 13:32:03','115.79.47.191'),(1246,0,'1440484221','/dang-nhap',0,'2015-08-25 13:32:09','115.79.47.191'),(1247,33,'1440484221','/',0,'2015-08-25 13:32:10','115.79.47.191'),(1248,33,'1440484221','/create-video.html',0,'2015-08-25 13:32:13','115.79.47.191'),(1249,33,'1440484221','/video-manager-33.html',0,'2015-08-25 13:32:17','115.79.47.191'),(1250,33,'1440484221','/edit-user-33.html',0,'2015-08-25 13:32:20','115.79.47.191'),(1251,33,'1440484221','/edit-user-33.html',0,'2015-08-25 13:32:22','115.79.47.191'),(1252,33,'1440484221','/',0,'2015-08-25 13:32:30','115.79.47.191'),(1253,44,'1440484416','/',0,'2015-08-25 13:33:37','115.77.79.79'),(1254,44,'1440484879','/phan-mem/orthers-c26-s10-l0-a0.html',0,'2015-08-25 13:41:21','115.77.79.79'),(1255,44,'1440484879','/',0,'2015-08-25 13:41:29','115.77.79.79'),(1256,0,'1440485159','/',0,'2015-08-25 13:46:03','115.77.79.79'),(1257,0,'1440485159','/dang-nhap',0,'2015-08-25 13:46:07','115.77.79.79'),(1258,0,'1440485283','/',0,'2015-08-25 13:48:04','115.77.79.79'),(1259,0,'1440485283','/',0,'2015-08-25 13:48:06','115.77.79.79'),(1260,33,'1440485548','/',0,'2015-08-25 13:52:28','115.79.47.191'),(1261,33,'1440485548','/phan-mem/soildwork-c26-s3-l0-a0.html',0,'2015-08-25 13:52:30','115.79.47.191'),(1262,0,'1440485640','/',0,'2015-08-25 13:54:01','115.77.79.79'),(1263,0,'1440486643','/phan-mem/soildwork-c26-s3-l0-a0.html',0,'2015-08-25 14:10:44','115.77.79.79'),(1264,0,'1440486643','/',0,'2015-08-25 14:11:03','115.77.79.79'),(1265,0,'1440487240','/',0,'2015-08-25 14:20:41','115.77.79.79'),(1266,33,'1440487423','/',0,'2015-08-25 14:23:44','115.79.47.191'),(1267,0,'1440487467','/',0,'2015-08-25 14:24:28','171.232.105.234'),(1268,0,'1440487515','/',0,'2015-08-25 14:25:15','115.77.79.79'),(1269,0,'1440487515','/',0,'2015-08-25 14:26:34','115.77.79.79'),(1270,0,'1440487515','/dang-nhap',0,'2015-08-25 14:26:36','115.77.79.79'),(1271,0,'1440487608','/',0,'2015-08-25 14:26:49','115.77.79.79'),(1272,0,'1440487515','/auth/login',0,'2015-08-25 14:27:01','115.77.79.79'),(1273,0,'1440487515','/khuon-mau-c4-s0-l0-a0.html',0,'2015-08-25 14:27:44','115.77.79.79'),(1274,0,'1440487515','/auth/login',0,'2015-08-25 14:27:46','115.77.79.79'),(1275,0,'1440487515','/auth/login',0,'2015-08-25 14:27:54','115.77.79.79'),(1276,0,'1440487515','/dang-ki',0,'2015-08-25 14:27:58','115.77.79.79'),(1277,0,'1440488172','/cam/creo-c2-s2-l0-a0.html',0,'2015-08-25 14:36:13','115.77.79.79'),(1278,0,'1440488928','/',0,'2015-08-25 14:48:49','115.77.79.79'),(1279,0,'1440488928','/',0,'2015-08-25 14:51:00','115.77.79.79'),(1280,0,'1440488928','/',0,'2015-08-25 14:51:03','115.77.79.79'),(1281,0,'1440488928','/phan-mem/inventor-c26-s5-l0-a0.html',0,'2015-08-25 14:51:21','115.77.79.79'),(1282,0,'1440488928','/dang-nhap',0,'2015-08-25 14:51:31','115.77.79.79'),(1283,0,'1440488928','/auth/login',0,'2015-08-25 14:51:49','115.77.79.79'),(1284,0,'1440488928','/auth/login',0,'2015-08-25 14:52:03','115.77.79.79'),(1285,0,'1440488928','/auth/login',0,'2015-08-25 14:52:13','115.77.79.79'),(1286,0,'1440488928','/',0,'2015-08-25 14:52:17','115.77.79.79'),(1287,0,'1440488928','/phan-mem/inventor-c26-s5-l0-a0.html',0,'2015-08-25 14:52:19','115.77.79.79'),(1288,0,'1440488928','/video/33-gioi-thieu-ve-moi-truong-ve-phac-thao-2dsketch-p1.html',0,'2015-08-25 14:52:24','115.77.79.79'),(1289,0,'1440488928','/video/33-gioi-thieu-ve-moi-truong-ve-phac-thao-2dsketch-p1.html',0,'2015-08-25 14:52:28','115.77.79.79'),(1290,0,'1440488928','/video/31-gioi-thieu-phan-mem-inventor-2014.html',0,'2015-08-25 14:52:59','115.77.79.79'),(1291,0,'1440489203','/',0,'2015-08-25 14:53:25','115.77.79.79'),(1292,0,'1440489203','/phan-mem/soildwork-c26-s3-l0-a0.html',0,'2015-08-25 14:53:35','115.77.79.79'),(1293,0,'1440489203','/',0,'2015-08-25 14:53:44','115.77.79.79'),(1294,0,'1440489264','/',0,'2015-08-25 14:54:25','115.77.79.79'),(1295,33,'1440489305','/',0,'2015-08-25 14:55:05','115.79.47.191'),(1296,33,'1440489305','/',0,'2015-08-25 14:55:11','115.79.47.191'),(1297,33,'1440489305','/phan-mem/cimatron-c26-s7-l0-a0.html',0,'2015-08-25 14:55:13','115.79.47.191'),(1298,33,'1440489305','/edit-user-33.html',0,'2015-08-25 14:55:19','115.79.47.191'),(1299,0,'1440489321','/',0,'2015-08-25 14:55:21','115.79.47.191'),(1300,0,'1440489321','/',0,'2015-08-25 14:55:27','115.79.47.191'),(1301,0,'1440489546','/',0,'2015-08-25 14:59:07','115.77.79.79'),(1302,0,'1440489961','/',0,'2015-08-25 15:06:02','115.77.79.79'),(1303,0,'1440490959','/',0,'2015-08-25 15:22:40','115.77.79.79'),(1304,0,'1440491028','/',0,'2015-08-25 15:23:49','115.77.79.79'),(1305,0,'1440492449','/',0,'2015-08-25 15:47:29','115.79.47.191'),(1306,0,'1440492449','/video/31-gioi-thieu-phan-mem-inventor-2014.html',0,'2015-08-25 15:48:22','115.79.47.191'),(1307,0,'1440492449','/',0,'2015-08-25 15:48:35','115.79.47.191'),(1308,0,'1440492449','/phan-mem/cimatron-c26-s7-l0-a0.html',0,'2015-08-25 15:48:38','115.79.47.191'),(1309,0,'1440492449','/cad-c1-s0-l0-a0.html',0,'2015-08-25 15:48:44','115.79.47.191'),(1310,0,'1440492449','/video/33-gioi-thieu-ve-moi-truong-ve-phac-thao-2dsketch-p1.html',0,'2015-08-25 15:48:46','115.79.47.191'),(1311,0,'1440492449','/',0,'2015-08-25 15:48:50','115.79.47.191'),(1312,0,'1440493055','/',0,'2015-08-25 15:57:36','115.77.79.79'),(1313,0,'1440493332','/dang-nhap',0,'2015-08-25 16:02:13','115.77.79.79'),(1314,44,'1440493332','/',0,'2015-08-25 16:02:18','115.77.79.79'),(1315,44,'1440493332','/phan-mem/orthers-c26-s10-l0-a0.html',0,'2015-08-25 16:02:26','115.77.79.79'),(1316,44,'1440493332','/create-video.html',0,'2015-08-25 16:02:32','115.77.79.79'),(1317,44,'1440493332','/',0,'2015-08-25 16:03:36','115.77.79.79'),(1318,44,'1440493332','/phan-mem/orthers-c26-s10-l0-a0.html',0,'2015-08-25 16:03:42','115.77.79.79'),(1319,44,'1440493332','/',0,'2015-08-25 16:03:50','115.77.79.79'),(1320,44,'1440493332','/',0,'2015-08-25 16:04:00','115.77.79.79'),(1321,44,'1440493332','/phan-mem/orthers-c26-s10-l0-a0.html',0,'2015-08-25 16:04:06','115.77.79.79'),(1322,44,'1440493332','/create-video.html',0,'2015-08-25 16:04:31','115.77.79.79'),(1323,44,'1440493332','/',0,'2015-08-25 16:06:18','115.77.79.79'),(1324,44,'1440493332','/',0,'2015-08-25 16:07:03','115.77.79.79'),(1325,44,'1440493332','/phan-mem/orthers-c26-s10-l0-a0.html',0,'2015-08-25 16:07:06','115.77.79.79'),(1326,44,'1440493332','/video/41-gioi-thieu-3ctuts.html',0,'2015-08-25 16:07:10','115.77.79.79'),(1327,44,'1440493636','/others/orthers-c25-s10-l0-a0.html',0,'2015-08-25 16:07:16','115.77.79.79'),(1328,44,'1440493636','/video/41-gioi-thieu-3ctuts.html',0,'2015-08-25 16:07:19','115.77.79.79'),(1329,0,'1440493676','/',0,'2015-08-25 16:07:56','115.77.79.79'),(1330,0,'1440493676','/phan-mem/orthers-c26-s10-l0-a0.html',0,'2015-08-25 16:08:02','115.77.79.79'),(1331,0,'1440493676','/video/41-gioi-thieu-3ctuts.html',0,'2015-08-25 16:08:06','115.77.79.79'),(1332,0,'1440493697','/',0,'2015-08-25 16:08:18','115.77.79.79'),(1333,0,'1440493697','/phan-mem/orthers-c26-s10-l0-a0.html',0,'2015-08-25 16:09:09','115.77.79.79'),(1334,0,'1440493676','/',0,'2015-08-25 16:09:11','115.77.79.79'),(1335,0,'1440493697','/',0,'2015-08-25 16:09:53','115.77.79.79'),(1336,44,'1440493636','/',0,'2015-08-25 16:12:02','115.77.79.79'),(1337,44,'1440493938','/',0,'2015-08-25 16:12:41','115.77.79.79'),(1338,44,'1440493938','/phan-mem/orthers-c26-s10-l0-a0.html',0,'2015-08-25 16:12:46','115.77.79.79'),(1339,44,'1440493938','/video/41-gioi-thieu-3ctuts.html',0,'2015-08-25 16:12:49','115.77.79.79'),(1340,44,'1440494368','/',0,'2015-08-25 16:19:29','115.77.79.79'),(1341,0,'1440494512','/',0,'2015-08-25 16:21:53','115.77.79.79'),(1342,44,'1440494368','/',0,'2015-08-25 16:22:21','115.77.79.79'),(1343,44,'1440494368','/phan-mem/orthers-c26-s10-l0-a0.html',0,'2015-08-25 16:22:38','115.77.79.79'),(1344,44,'1440494368','/',0,'2015-08-25 16:23:34','115.77.79.79'),(1345,44,'1440494368','/cad/thiet-ke-2d-c13-s0-l0-a0.html',0,'2015-08-25 16:23:41','115.77.79.79'),(1346,44,'1440494368','/',0,'2015-08-25 16:23:58','115.77.79.79'),(1347,0,'1440496467','/',0,'2015-08-25 16:54:28','115.77.79.79'),(1348,44,'1440497052','/phan-mem/orthers-c26-s10-l0-a0.html',0,'2015-08-25 17:04:13','115.77.79.79'),(1349,44,'1440497052','/video/41-gioi-thieu-3ctuts.html',0,'2015-08-25 17:04:18','115.77.79.79'),(1350,44,'1440497052','/',0,'2015-08-25 17:04:29','115.77.79.79'),(1351,44,'1440497566','/phan-mem/soildwork-c26-s3-l0-a0.html',0,'2015-08-25 17:12:46','115.77.79.79'),(1352,44,'1440497566','/video/16-solidworks-introduce.html',0,'2015-08-25 17:12:51','115.77.79.79'),(1353,0,'1440498356','/',0,'2015-08-25 17:25:56','115.79.47.191'),(1354,0,'1440498356','/',0,'2015-08-25 17:27:20','115.79.47.191'),(1355,0,'1440501793','/',0,'2015-08-25 18:23:14','115.76.195.35'),(1356,0,'1440501793','/',0,'2015-08-25 18:24:10','115.76.195.35'),(1357,0,'1440501793','/',0,'2015-08-25 18:28:01','115.76.195.35'),(1358,44,'1440503920','/',0,'2015-08-25 18:58:44','116.106.210.177'),(1359,44,'1440503920','/create-video.html',0,'2015-08-25 18:58:59','116.106.210.177'),(1360,44,'1440503920','/',0,'2015-08-25 19:02:29','116.106.210.177'),(1361,44,'1440503920','/',0,'2015-08-25 19:03:00','116.106.210.177'),(1362,44,'1440503920','/phan-mem/orthers-c26-s10-l0-a0.html',0,'2015-08-25 19:03:04','116.106.210.177'),(1363,44,'1440503920','/video/42-gioi-thieu-ve-3ctuts.html',0,'2015-08-25 19:03:17','116.106.210.177'),(1364,0,'1438560000','/auth/create_user',0,'2015-08-25 19:04:58','66.249.71.95'),(1365,44,'1440504385','/',0,'2015-08-25 19:06:26','116.106.210.177'),(1366,44,'1440504385','/',0,'2015-08-25 19:07:29','116.106.210.177'),(1367,44,'1440504385','/phan-mem/cimatron-c26-s7-l0-a0.html',0,'2015-08-25 19:07:55','116.106.210.177'),(1368,44,'1440504385','/',0,'2015-08-25 19:08:24','116.106.210.177'),(1369,44,'1440504385','/',0,'2015-08-25 19:11:12','116.106.210.177'),(1370,44,'1440504385','/',0,'2015-08-25 19:11:17','116.106.210.177'),(1371,44,'1440504698','/phan-mem/orthers-c26-s10-l0-a0.html',0,'2015-08-25 19:11:39','116.106.210.177'),(1372,44,'1440504698','/',0,'2015-08-25 19:11:48','116.106.210.177'),(1373,44,'1440504698','/phan-mem/orthers-c26-s10-l0-a0.html',0,'2015-08-25 19:12:27','116.106.210.177'),(1374,44,'1440504698','/video/42-gioi-thieu-ve-3ctuts.html',0,'2015-08-25 19:12:30','116.106.210.177'),(1375,44,'1440505274','/',0,'2015-08-25 19:21:15','116.106.210.177'),(1376,44,'1440505274','/phan-mem/soildwork-c26-s3-l0-a0.html',0,'2015-08-25 19:21:19','116.106.210.177'),(1377,44,'1440505274','/phan-mem/soildwork-c26-s3-l0-a0.html',0,'2015-08-25 19:21:37','116.106.210.177'),(1378,44,'1440505274','/',0,'2015-08-25 19:21:49','116.106.210.177'),(1379,44,'1440505274','/phan-mem/soildwork-c26-s3-l0-a0.html',0,'2015-08-25 19:21:51','116.106.210.177'),(1380,44,'1440505274','/create-video.html',0,'2015-08-25 19:22:31','116.106.210.177'),(1381,44,'1440505274','/edit-user-44.html',0,'2015-08-25 19:23:01','116.106.210.177'),(1382,44,'1440505274','/',0,'2015-08-25 19:23:16','116.106.210.177'),(1383,44,'1440505274','/',0,'2015-08-25 19:24:06','116.106.210.177'),(1384,0,'1440505636','/',0,'2015-08-25 19:27:29','1.52.36.160'),(1385,0,'1440507725','/',0,'2015-08-25 20:02:06','116.100.55.105'),(1386,0,'1440507725','/dang-ki',0,'2015-08-25 20:02:20','116.100.55.105'),(1387,0,'1440507725','/',0,'2015-08-25 20:05:38','116.100.55.105'),(1388,0,'1440507725','/phan-mem/inventor-c26-s5-l0-a0.html',0,'2015-08-25 20:06:03','116.100.55.105'),(1389,0,'1440507725','/video/33-gioi-thieu-ve-moi-truong-ve-phac-thao-2dsketch-p1.html',0,'2015-08-25 20:06:15','116.100.55.105'),(1390,0,'1440508097','/',0,'2015-08-25 20:08:18','116.100.55.105'),(1391,0,'1440508097','/phan-mem/soildwork-c26-s3-l0-a0.html',0,'2015-08-25 20:08:26','116.100.55.105'),(1392,0,'1440508097','/video/16-solidworks-introduce.html',0,'2015-08-25 20:08:29','116.100.55.105'),(1393,0,'1440508097','/',0,'2015-08-25 20:09:49','116.100.55.105'),(1394,0,'1440508097','/phan-mem/inventor-c26-s5-l0-a0.html',0,'2015-08-25 20:09:59','116.100.55.105'),(1395,0,'1440508097','/video/31-gioi-thieu-phan-mem-inventor-2014.html',0,'2015-08-25 20:10:18','116.100.55.105'),(1396,0,'1440508097','/cad/thiet-ke-3d-c14-s0-l0-a0.html',0,'2015-08-25 20:11:23','116.100.55.105'),(1397,0,'1440508097','/video/16-solidworks-introduce.html',0,'2015-08-25 20:12:06','116.100.55.105'),(1398,0,'1440508097','/',0,'2015-08-25 20:12:30','116.100.55.105'),(1399,0,'1440508097','/phan-mem/orthers-c26-s10-l0-a0.html',0,'2015-08-25 20:13:06','116.100.55.105'),(1400,0,'1440508097','/video/42-gioi-thieu-ve-3ctuts.html',0,'2015-08-25 20:13:09','116.100.55.105'),(1401,0,'1440508534','/',0,'2015-08-25 20:15:35','116.100.55.105'),(1402,0,'1440508534','/phan-mem/orthers-c26-s10-l0-a0.html',0,'2015-08-25 20:15:45','116.100.55.105'),(1403,0,'1440508534','/video/42-gioi-thieu-ve-3ctuts.html',0,'2015-08-25 20:15:48','116.100.55.105'),(1404,0,'1440508534','/dang-ki',0,'2015-08-25 20:16:32','116.100.55.105'),(1405,0,'1440508534','/auth/create_user',0,'2015-08-25 20:18:23','116.100.55.105'),(1406,0,'1440508534','/auth/login',0,'2015-08-25 20:19:19','116.100.55.105'),(1407,46,'1440508534','/',0,'2015-08-25 20:19:42','116.100.55.105'),(1408,46,'1440508534','/phan-mem/orthers-c26-s10-l0-a0.html',0,'2015-08-25 20:19:56','116.100.55.105'),(1409,46,'1440508534','/video/42-gioi-thieu-ve-3ctuts.html',0,'2015-08-25 20:19:59','116.100.55.105'),(1410,46,'1440508924','/',0,'2015-08-25 20:22:05','116.100.55.105'),(1411,0,'1440508945','/',0,'2015-08-25 20:22:26','116.100.55.105'),(1412,0,'1440508945','/phan-mem/inventor-c26-s5-l0-a0.html',0,'2015-08-25 20:22:50','116.100.55.105'),(1413,0,'1440509418','/dang-nhap',0,'2015-08-25 20:30:19','116.100.55.105'),(1414,0,'1440509418','/',0,'2015-08-25 20:30:37','116.100.55.105'),(1415,0,'1440509418','/phan-mem/orthers-c26-s10-l0-a0.html',0,'2015-08-25 20:30:43','116.100.55.105'),(1416,0,'1440509418','/video/42-gioi-thieu-ve-3ctuts.html',0,'2015-08-25 20:30:48','116.100.55.105'),(1417,0,'1440510586','/',0,'2015-08-25 20:50:32','66.249.79.34'),(1418,0,'1440512983','/',0,'2015-08-25 21:29:47','116.100.55.105'),(1419,0,'1440512983','/phan-mem/orthers-c26-s10-l0-a0.html',0,'2015-08-25 21:29:51','116.100.55.105'),(1420,0,'1440512983','/video/42-gioi-thieu-ve-3ctuts.html',0,'2015-08-25 21:29:53','116.100.55.105'),(1421,0,'1440512983','/dang-nhap',0,'2015-08-25 21:31:14','116.100.55.105'),(1422,0,'1440512983','/',0,'2015-08-25 21:31:40','116.100.55.105'),(1423,0,'1440514032','/',0,'2015-08-25 21:55:31','66.249.71.95'),(1424,0,'1440514032','/',0,'2015-08-25 21:55:32','66.249.71.103'),(1425,0,'1440514620','/',0,'2015-08-25 21:57:04','14.168.112.205'),(1426,0,'1440514620','/dang-ki',0,'2015-08-25 21:59:33','14.168.112.205'),(1427,0,'1440514620','/',0,'2015-08-25 22:01:40','14.168.112.205'),(1428,0,'1440514620','/dang-nhap',0,'2015-08-25 22:01:49','14.168.112.205'),(1429,0,'1440514620','/auth/login',0,'2015-08-25 22:02:01','14.168.112.205'),(1430,0,'1440514927','/auth/forgot_password',0,'2015-08-25 22:02:07','14.168.112.205'),(1431,0,'1440514927','/auth/login',0,'2015-08-25 22:02:19','14.168.112.205'),(1432,0,'1440514927','/auth/reset_password/zdV55ZwK7mqzAOjhQbki5O47feb5ef0b0520d743',0,'2015-08-25 22:03:21','14.168.112.205'),(1433,0,'1440514927','/auth/forgot_password',0,'2015-08-25 22:03:53','14.168.112.205'),(1434,0,'1440514927','/auth/forgot_password',0,'2015-08-25 22:04:00','14.168.112.205'),(1435,0,'1440514927','/auth/login',0,'2015-08-25 22:04:12','14.168.112.205'),(1436,0,'1440514927','/auth/forgot_password',0,'2015-08-25 22:04:36','14.168.112.205'),(1437,0,'1440514927','/auth/login',0,'2015-08-25 22:05:07','14.168.112.205'),(1438,0,'1440514927','/auth/login',0,'2015-08-25 22:05:25','14.168.112.205'),(1439,0,'1440514927','/auth/forgot_password',0,'2015-08-25 22:06:16','14.168.112.205'),(1440,0,'1440514927','/auth/login',0,'2015-08-25 22:06:40','14.168.112.205'),(1441,0,'1440514927','/auth/login',0,'2015-08-25 22:07:08','14.168.112.205'),(1442,0,'1440515237','/auth/login',0,'2015-08-25 22:07:27','14.168.112.205'),(1443,0,'1440515237','/auth/login',0,'2015-08-25 22:07:52','14.168.112.205'),(1444,0,'1440515237','/auth/forgot_password',0,'2015-08-25 22:08:03','14.168.112.205'),(1445,0,'1440515339','/',0,'2015-08-25 22:09:06','171.249.70.154'),(1446,0,'1440515237','/auth/create_user',0,'2015-08-25 22:09:10','14.168.112.205'),(1447,0,'1440515339','/phan-mem/orthers-c26-s10-l0-a0.html',0,'2015-08-25 22:09:12','171.249.70.154'),(1448,0,'1440515339','/video/42-gioi-thieu-ve-3ctuts.html',0,'2015-08-25 22:09:21','171.249.70.154'),(1449,0,'1440515393','/video/42-gioi-thieu-ve-3ctuts.html',0,'2015-08-25 22:09:56','27.2.191.133'),(1450,0,'1440515237','/auth/login',0,'2015-08-25 22:11:20','14.168.112.205'),(1451,0,'1440515237','/auth/login',0,'2015-08-25 22:11:36','14.168.112.205'),(1452,0,'1440515237','/auth/login',0,'2015-08-25 22:12:01','14.168.112.205'),(1453,0,'1440515237','/',0,'2015-08-25 22:12:06','14.168.112.205'),(1454,0,'1440515237','/dang-nhap',0,'2015-08-25 22:12:09','14.168.112.205'),(1455,0,'1440515540','/auth/login',0,'2015-08-25 22:12:23','14.168.112.205'),(1456,0,'1440515339','/video/42-gioi-thieu-ve-3ctuts.html',0,'2015-08-25 22:12:37','171.249.70.154'),(1457,0,'1440515540','/auth/forgot_password',0,'2015-08-25 22:12:41','14.168.112.205'),(1458,0,'1440515540','/auth/login',0,'2015-08-25 22:12:55','14.168.112.205'),(1459,0,'1440515540','/auth/reset_password/UZo9fANcuOhSIsK7r4TQM.28e070a5412989ed21',0,'2015-08-25 22:13:02','14.168.112.205'),(1460,0,'1440515339','/phan-mem/orthers-c26-s10-l0-a0.html',0,'2015-08-25 22:13:05','171.249.70.154'),(1461,0,'1440515540','/auth/login',0,'2015-08-25 22:13:51','14.168.112.205'),(1462,0,'1440515540','/',0,'2015-08-25 22:14:09','14.168.112.205'),(1463,0,'1440515651','/video/42-gioi-thieu-ve-3ctuts.html',0,'2015-08-25 22:14:12','171.249.70.154'),(1464,0,'1440515540','/phan-mem/inventor-c26-s5-l0-a0.html',0,'2015-08-25 22:14:13','14.168.112.205'),(1465,0,'1440515663','/',0,'2015-08-25 22:14:26','116.106.210.177'),(1466,0,'1440515540','/phan-mem/inventor-c26-s5-l0-a0.html',0,'2015-08-25 22:14:30','14.168.112.205'),(1467,0,'1440515540','/',0,'2015-08-25 22:14:30','14.168.112.205'),(1468,0,'1440515663','/phan-mem/soildwork-c26-s3-l0-a0.html',0,'2015-08-25 22:14:30','116.106.210.177'),(1469,0,'1440515651','/video/42-gioi-thieu-ve-3ctuts.html',0,'2015-08-25 22:14:56','171.249.70.154'),(1470,0,'1440515540','/video/31-gioi-thieu-phan-mem-inventor-2014.html',0,'2015-08-25 22:15:04','14.168.112.205'),(1471,0,'1440515540','/video/31-gioi-thieu-phan-mem-inventor-2014.html',0,'2015-08-25 22:15:10','14.168.112.205'),(1472,0,'1440515540','/dang-nhap',0,'2015-08-25 22:16:15','14.168.112.205'),(1473,0,'1440515540','/auth/login',0,'2015-08-25 22:16:33','14.168.112.205'),(1474,0,'1440515540','/auth/login',0,'2015-08-25 22:16:45','14.168.112.205'),(1475,0,'1440515540','/dang-ki',0,'2015-08-25 22:16:53','14.168.112.205'),(1476,0,'1440515540','/phan-mem/inventor-c26-s5-l0-a0.html',0,'2015-08-25 22:17:08','14.168.112.205'),(1477,0,'1440515540','/video/33-gioi-thieu-ve-moi-truong-ve-phac-thao-2dsketch-p1.html',0,'2015-08-25 22:17:15','14.168.112.205'),(1478,0,'1440516032','/',0,'2015-08-25 22:20:32','14.168.112.205'),(1479,0,'1440516032','/dang-nhap',0,'2015-08-25 22:20:35','14.168.112.205'),(1480,0,'1440516032','/auth/login',0,'2015-08-25 22:20:54','14.168.112.205'),(1481,0,'1440516032','/auth/login',0,'2015-08-25 22:21:13','14.168.112.205'),(1482,0,'1440516032','/auth/login',0,'2015-08-25 22:21:19','14.168.112.205'),(1483,0,'1440516032','/',0,'2015-08-25 22:21:28','14.168.112.205'),(1484,0,'1440516032','/phan-mem/inventor-c26-s5-l0-a0.html',0,'2015-08-25 22:21:32','14.168.112.205'),(1485,0,'1440516032','/video/33-gioi-thieu-ve-moi-truong-ve-phac-thao-2dsketch-p1.html',0,'2015-08-25 22:21:37','14.168.112.205'),(1486,0,'1440516102','/',0,'2015-08-25 22:21:43','116.106.210.177'),(1487,0,'1440516032','/dang-nhap',0,'2015-08-25 22:21:54','14.168.112.205'),(1488,0,'1440516102','/',0,'2015-08-25 22:21:55','116.106.210.177'),(1489,0,'1440516102','/phan-mem/orthers-c26-s10-l0-a0.html',0,'2015-08-25 22:22:08','116.106.210.177'),(1490,0,'1440516032','/auth/login',0,'2015-08-25 22:22:09','14.168.112.205'),(1491,0,'1440516032','/cam-c2-s0-l0-a0.html',0,'2015-08-25 22:22:11','14.168.112.205'),(1492,0,'1440516102','/video/42-gioi-thieu-ve-3ctuts.html',0,'2015-08-25 22:22:13','116.106.210.177'),(1493,0,'1440516032','/',0,'2015-08-25 22:22:14','14.168.112.205'),(1494,0,'1440516032','/dang-nhap',0,'2015-08-25 22:22:15','14.168.112.205'),(1495,0,'1440516032','/dang-ki',0,'2015-08-25 22:22:21','14.168.112.205'),(1496,0,'1440516102','/video/42-gioi-thieu-ve-3ctuts.html',0,'2015-08-25 22:23:35','116.106.210.177'),(1497,0,'1440516032','/dang-nhap',0,'2015-08-25 22:24:28','14.168.112.205'),(1498,0,'1440516032','/auth/forgot_password',0,'2015-08-25 22:24:36','14.168.112.205'),(1499,0,'1440516032','/auth/login',0,'2015-08-25 22:24:48','14.168.112.205'),(1500,0,'1440516381','/auth/forgot_password',0,'2015-08-25 22:26:22','14.168.112.205'),(1501,0,'1440516102','/',0,'2015-08-25 22:26:26','116.106.210.177'),(1502,0,'1440516416','/phan-mem/inventor-c26-s5-l0-a0.html',0,'2015-08-25 22:26:56','116.106.210.177'),(1503,0,'1440516381','/',0,'2015-08-25 22:27:05','14.168.112.205'),(1504,0,'1440516381','/phan-mem/inventor-c26-s5-l0-a0.html',0,'2015-08-25 22:27:06','14.168.112.205'),(1505,0,'1440516381','/video/33-gioi-thieu-ve-moi-truong-ve-phac-thao-2dsketch-p1.html',0,'2015-08-25 22:27:11','14.168.112.205'),(1506,0,'1440516381','/dang-nhap',0,'2015-08-25 22:27:13','14.168.112.205'),(1507,0,'1440516381','/auth/login',0,'2015-08-25 22:27:35','14.168.112.205'),(1508,0,'1440516416','/auth/login',0,'2015-08-25 22:27:40','116.106.210.177'),(1509,44,'1440516416','/',0,'2015-08-25 22:27:46','116.106.210.177'),(1510,0,'1440516381','/auth/login',0,'2015-08-25 22:28:15','14.168.112.205'),(1511,44,'1440516416','/auth/create_user/',0,'2015-08-25 22:29:27','116.106.210.177'),(1512,44,'1440516416','/',0,'2015-08-25 22:29:34','116.106.210.177'),(1513,0,'1440516578','/',0,'2015-08-25 22:29:39','116.106.210.177'),(1514,0,'1440516578','/',0,'2015-08-25 22:30:40','116.106.210.177'),(1515,0,'1440516578','/dang-ki',0,'2015-08-25 22:30:44','116.106.210.177'),(1516,0,'1440516578','/',0,'2015-08-25 22:31:19','116.106.210.177'),(1517,0,'1440516709','/auth/forgot_password',0,'2015-08-25 22:31:50','14.168.112.205'),(1518,0,'1440516711','/',0,'2015-08-25 22:31:51','116.100.55.105'),(1519,0,'1440516709','/auth/login',0,'2015-08-25 22:32:06','14.168.112.205'),(1520,0,'1440516709','/dang-ki',0,'2015-08-25 22:32:19','14.168.112.205'),(1521,0,'1440516709','/',0,'2015-08-25 22:32:46','14.168.112.205'),(1522,0,'1440516709','/dang-ki',0,'2015-08-25 22:32:49','14.168.112.205'),(1523,0,'1440516578','/phan-mem/orthers-c26-s10-l0-a0.html',0,'2015-08-25 22:32:51','116.106.210.177'),(1524,0,'1440516578','/video/42-gioi-thieu-ve-3ctuts.html',0,'2015-08-25 22:33:08','116.106.210.177'),(1525,0,'1440516709','/',0,'2015-08-25 22:33:59','14.168.112.205'),(1526,0,'1440516709','/phan-mem/inventor-c26-s5-l0-a0.html',0,'2015-08-25 22:34:01','14.168.112.205'),(1527,0,'1440516709','/video/33-gioi-thieu-ve-moi-truong-ve-phac-thao-2dsketch-p1.html',0,'2015-08-25 22:34:09','14.168.112.205'),(1528,0,'1440516709','/video/33-gioi-thieu-ve-moi-truong-ve-phac-thao-2dsketch-p1.html',0,'2015-08-25 22:34:26','14.168.112.205'),(1529,0,'1440516709','/video/33-gioi-thieu-ve-moi-truong-ve-phac-thao-2dsketch-p1.html',0,'2015-08-25 22:34:32','14.168.112.205'),(1530,0,'1440516709','/',0,'2015-08-25 22:35:05','14.168.112.205'),(1531,0,'1440516709','/video/16-solidworks-introduce.html',0,'2015-08-25 22:35:58','14.168.112.205'),(1532,0,'1440517051','/',0,'2015-08-25 22:37:32','116.106.210.177'),(1533,0,'1440517051','/cam/creo-c2-s2-l0-a0.html',0,'2015-08-25 22:37:57','116.106.210.177'),(1534,0,'1440517269','/',0,'2015-08-25 22:41:10','115.76.195.35'),(1535,0,'1440517324','/',0,'2015-08-25 22:42:05','14.168.112.205'),(1536,0,'1440517269','/',0,'2015-08-25 22:42:13','115.76.195.35'),(1537,0,'1440517324','/',0,'2015-08-25 22:42:19','14.168.112.205'),(1538,0,'1440517324','/',0,'2015-08-25 22:42:41','14.168.112.205'),(1539,0,'1440517324','/',0,'2015-08-25 22:42:43','14.168.112.205'),(1540,0,'1440517324','/',0,'2015-08-25 22:44:12','14.168.112.205'),(1541,0,'1440517324','/phan-mem/orthers-c26-s10-l0-a0.html',0,'2015-08-25 22:44:19','14.168.112.205'),(1542,0,'1440517324','/video/42-gioi-thieu-ve-3ctuts.html',0,'2015-08-25 22:44:22','14.168.112.205'),(1543,0,'1440517324','/phan-mem/orthers-c26-s10-l0-a0.html',0,'2015-08-25 22:45:02','14.168.112.205'),(1544,0,'1440517324','/video/31-gioi-thieu-phan-mem-inventor-2014.html',0,'2015-08-25 22:45:18','14.168.112.205'),(1545,0,'1440517324','/dang-nhap',0,'2015-08-25 22:45:24','14.168.112.205'),(1546,0,'1440517644','/auth/forgot_password',0,'2015-08-25 22:47:27','14.168.112.205'),(1547,0,'1440517644','/auth/login',0,'2015-08-25 22:47:43','14.168.112.205'),(1548,0,'1440517644','/auth/forgot_password',0,'2015-08-25 22:48:00','14.168.112.205'),(1549,0,'1440517857','/',0,'2015-08-25 22:51:01','54.220.15.47'),(1550,0,'1440518058','/',0,'2015-08-25 22:56:25','66.249.71.103'),(1551,0,'1440518211','/',0,'2015-08-25 22:56:51','116.106.210.177'),(1552,0,'1440518211','/phan-mem/orthers-c26-s10-l0-a0.html',0,'2015-08-25 22:56:53','116.106.210.177'),(1553,0,'1440518211','/video/42-gioi-thieu-ve-3ctuts.html',0,'2015-08-25 22:56:55','116.106.210.177'),(1554,0,'1440520046','/',0,'2015-08-25 23:27:27','116.100.55.105'),(1555,0,'1440520046','/phan-mem/orthers-c26-s10-l0-a0.html',0,'2015-08-25 23:29:23','116.100.55.105'),(1556,0,'1440520046','/video/42-gioi-thieu-ve-3ctuts.html',0,'2015-08-25 23:29:26','116.100.55.105'),(1557,0,'1440520046','/phan-mem/orthers-c26-s10-l0-a0.html',0,'2015-08-25 23:29:29','116.100.55.105'),(1558,0,'1440520046','/video/42-gioi-thieu-ve-3ctuts.html',0,'2015-08-25 23:29:34','116.100.55.105'),(1559,0,'1440520413','/phan-mem/orthers-c26-s10-l0-a0.html',0,'2015-08-25 23:33:34','116.100.55.105'),(1560,0,'1438560000','/cad/tao-ban-ve-c16-s0-l0-a0.html',0,'2015-08-25 23:54:45','66.249.79.48'),(1561,0,'1440529466','/',0,'2015-08-26 02:04:27','116.106.210.177'),(1562,0,'1440529466','/phan-mem/soildwork-c26-s3-l0-a0.html',0,'2015-08-26 02:04:30','116.106.210.177'),(1563,0,'1440551148','/',0,'2015-08-26 08:05:50','115.77.79.79'),(1564,0,'1440551148','/phan-mem/inventor-c26-s5-l0-a0.html',0,'2015-08-26 08:05:55','115.77.79.79'),(1565,0,'1440551148','/video/31-gioi-thieu-phan-mem-inventor-2014.html',0,'2015-08-26 08:06:06','115.77.79.79'),(1566,0,'1440551521','/video/32-gioi-thieu-ve-moi-truong-ve-phac-thao-2dsketch-p1.html',0,'2015-08-26 08:12:02','115.77.79.79'),(1567,0,'1440551521','/video/31-gioi-thieu-phan-mem-inventor-2014.html',0,'2015-08-26 08:12:12','115.77.79.79'),(1568,0,'1438560000','/user/categories/',0,'2015-08-26 08:23:56','66.249.71.87'),(1569,0,'1440552614','/',0,'2015-08-26 08:30:16','115.77.79.79'),(1570,0,'1440552928','/',0,'2015-08-26 08:35:31','115.77.79.79'),(1571,0,'1440552928','/dang-ki',0,'2015-08-26 08:35:42','115.77.79.79'),(1572,0,'1440553305','/',0,'2015-08-26 08:41:53','115.77.79.79'),(1573,0,'1440553305','/phan-mem/inventor-c26-s5-l0-a0.html',0,'2015-08-26 08:41:58','115.77.79.79'),(1574,0,'1440553378','/auth/create_user',0,'2015-08-26 08:43:04','115.77.79.79'),(1575,0,'1440553305','/',0,'2015-08-26 08:43:15','115.77.79.79'),(1576,0,'1440553305','/phan-mem/orthers-c26-s10-l0-a0.html',0,'2015-08-26 08:43:18','115.77.79.79'),(1577,0,'1440553305','/video/42-gioi-thieu-ve-3ctuts.html',0,'2015-08-26 08:43:20','115.77.79.79'),(1578,0,'1440553416','/',0,'2015-08-26 08:43:36','115.77.79.79'),(1579,0,'1440553416','/phan-mem/orthers-c26-s10-l0-a0.html',0,'2015-08-26 08:43:39','115.77.79.79'),(1580,0,'1440553416','/video/42-gioi-thieu-ve-3ctuts.html',0,'2015-08-26 08:43:42','115.77.79.79'),(1581,0,'1440553378','/auth/login',0,'2015-08-26 08:44:03','115.77.79.79'),(1582,0,'1440553305','/',0,'2015-08-26 08:44:13','115.77.79.79'),(1583,48,'1440553378','/',0,'2015-08-26 08:44:31','115.77.79.79'),(1584,0,'1440554073','/dang-nhap',0,'2015-08-26 08:54:34','115.77.79.79'),(1585,0,'1440554073','/',0,'2015-08-26 08:54:46','115.77.79.79'),(1586,0,'1440554351','/',0,'2015-08-26 08:59:11','115.77.79.79'),(1587,0,'1440554942','/',0,'2015-08-26 09:09:03','115.77.79.79'),(1588,0,'1440522827','/',0,'2015-08-26 09:12:35','66.249.71.103'),(1589,0,'1440555652','/video/42-gioi-thieu-ve-3ctuts.html',0,'2015-08-26 09:20:55','171.249.70.154'),(1590,0,'1440555671','/video/42-gioi-thieu-ve-3ctuts.html',0,'2015-08-26 09:21:12','171.233.36.148'),(1591,0,'1440556610','/others/orthers-c25-s10-l1-a0.html',0,'2015-08-26 09:36:51','171.233.36.148'),(1592,0,'1440556610','/video/33-gioi-thieu-ve-moi-truong-ve-phac-thao-2dsketch-p1.html',0,'2015-08-26 09:37:08','171.233.36.148'),(1593,0,'1440558488','/phan-mem/soildwork-c26-s3-l0-a0.html',0,'2015-08-26 10:08:09','115.79.47.191'),(1594,0,'1440558488','/',0,'2015-08-26 10:08:12','115.79.47.191'),(1595,0,'1440556848','/',0,'2015-08-26 10:18:24','66.249.79.34'),(1596,0,'1440559507','/',0,'2015-08-26 10:25:08','171.232.104.85'),(1597,0,'1440559507','/phan-mem/orthers-c26-s10-l0-a0.html',0,'2015-08-26 10:25:17','171.232.104.85'),(1598,0,'1440559507','/video/42-gioi-thieu-ve-3ctuts.html',0,'2015-08-26 10:25:19','171.232.104.85'),(1599,0,'1440559507','/phan-mem/orthers-c26-s10-l0-a0.html',0,'2015-08-26 10:26:07','171.232.104.85'),(1600,0,'1440559507','/',0,'2015-08-26 10:26:44','171.232.104.85'),(1601,0,'1440559507','/phan-mem/orthers-c26-s10-l0-a0.html',0,'2015-08-26 10:26:57','171.232.104.85'),(1602,0,'1440559507','/',0,'2015-08-26 10:27:06','171.232.104.85'),(1603,0,'1440559833','/',0,'2015-08-26 10:30:34','171.232.104.85'),(1604,0,'1440560608','/phan-mem/orthers-c26-s10-l0-a0.html',0,'2015-08-26 10:43:29','115.77.79.79'),(1605,0,'1440560608','/video/42-gioi-thieu-ve-3ctuts.html',0,'2015-08-26 10:43:32','115.77.79.79'),(1606,0,'1440560608','/',0,'2015-08-26 10:43:57','115.77.79.79'),(1607,0,'1440560608','/phan-mem/orthers-c26-s10-l0-a0.html',0,'2015-08-26 10:45:29','115.77.79.79'),(1608,0,'1440560608','/',0,'2015-08-26 10:45:44','115.77.79.79'),(1609,0,'1440560608','/',0,'2015-08-26 10:46:37','115.77.79.79'),(1610,0,'1440560608','/phan-mem/inventor-c26-s5-l0-a0.html',0,'2015-08-26 10:48:24','115.77.79.79'),(1611,0,'1440560910','/video/32-gioi-thieu-ve-moi-truong-ve-phac-thao-2dsketch-p1.html',0,'2015-08-26 10:48:30','115.77.79.79'),(1612,0,'1440560910','/',0,'2015-08-26 10:51:08','115.77.79.79'),(1613,0,'1440561269','/dang-ki',0,'2015-08-26 10:54:30','115.77.79.79'),(1614,0,'1440561269','/',0,'2015-08-26 10:54:40','115.77.79.79'),(1615,0,'1440561269','/dang-nhap',0,'2015-08-26 10:54:43','115.77.79.79'),(1616,44,'1440561269','/',0,'2015-08-26 10:54:46','115.77.79.79'),(1617,44,'1440561269','/edit-user-44.html',0,'2015-08-26 10:54:48','115.77.79.79'),(1618,44,'1440561269','/create-video.html',0,'2015-08-26 10:54:52','115.77.79.79'),(1619,44,'1440561269','/',0,'2015-08-26 10:55:22','115.77.79.79'),(1620,44,'1440561269','/',0,'2015-08-26 10:56:48','115.77.79.79'),(1621,44,'1440561269','/phan-mem/orthers-c26-s10-l0-a0.html',0,'2015-08-26 10:58:04','115.77.79.79'),(1622,44,'1440561269','/video/42-gioi-thieu-ve-3ctuts.html',0,'2015-08-26 10:58:06','115.77.79.79'),(1623,44,'1440561571','/',0,'2015-08-26 10:59:32','115.77.79.79'),(1624,0,'1440561617','/',0,'2015-08-26 11:00:18','171.232.104.85'),(1625,0,'1440561617','/video/16-solidworks-introduce.html',0,'2015-08-26 11:00:41','171.232.104.85'),(1626,0,'1440561617','/',0,'2015-08-26 11:00:51','171.232.104.85'),(1627,0,'1440561617','/video/16-solidworks-introduce.html',0,'2015-08-26 11:00:53','171.232.104.85'),(1628,0,'1440561617','/',0,'2015-08-26 11:00:56','171.232.104.85'),(1629,0,'1440561617','/video/33-gioi-thieu-ve-moi-truong-ve-phac-thao-2dsketch-p1.html',0,'2015-08-26 11:00:58','171.232.104.85'),(1630,0,'1440561617','/video/32-gioi-thieu-ve-moi-truong-ve-phac-thao-2dsketch-p1.html',0,'2015-08-26 11:01:35','171.232.104.85'),(1631,0,'1440561617','/video/31-gioi-thieu-phan-mem-inventor-2014.html',0,'2015-08-26 11:01:53','171.232.104.85'),(1632,0,'1440561617','/',0,'2015-08-26 11:02:16','171.232.104.85'),(1633,0,'1440561617','/phan-mem/orthers-c26-s10-l0-a0.html',0,'2015-08-26 11:02:17','171.232.104.85'),(1634,0,'1440561617','/video/42-gioi-thieu-ve-3ctuts.html',0,'2015-08-26 11:02:30','171.232.104.85'),(1635,0,'1440561617','/phan-mem/orthers-c26-s10-l0-a0.html',0,'2015-08-26 11:02:44','171.232.104.85'),(1636,0,'1438560000','/video/16-solidworks-introduce.html',0,'2015-08-26 11:10:09','66.249.71.87'),(1637,44,'1440563776','/',0,'2015-08-26 11:36:18','115.77.79.79'),(1638,0,'1440564257','/',0,'2015-08-26 11:44:18','116.100.55.105'),(1639,0,'1440564257','/',0,'2015-08-26 11:45:51','116.100.55.105'),(1640,0,'1440564257','/',0,'2015-08-26 11:46:18','116.100.55.105'),(1641,44,'1440564393','/create-video.html',0,'2015-08-26 11:46:35','115.77.79.79'),(1642,0,'1440564257','/',0,'2015-08-26 11:46:46','116.100.55.105'),(1643,0,'1440564257','/phan-mem/soildwork-c26-s3-l0-a0.html',0,'2015-08-26 11:46:53','116.100.55.105'),(1644,44,'1440564393','/edit-user-44.html',0,'2015-08-26 11:47:30','115.77.79.79'),(1645,44,'1440564393','/edit-user-44.html',0,'2015-08-26 11:47:32','115.77.79.79'),(1646,44,'1440564393','/edit-user-44.html',0,'2015-08-26 11:47:34','115.77.79.79'),(1647,44,'1440564393','/edit-user-44.html',0,'2015-08-26 11:47:36','115.77.79.79'),(1648,44,'1440564393','/edit-user-44.html',0,'2015-08-26 11:47:37','115.77.79.79'),(1649,44,'1440564393','/create-video.html',0,'2015-08-26 11:47:41','115.77.79.79'),(1650,44,'1440564393','/edit-user-44.html',0,'2015-08-26 11:48:44','115.77.79.79'),(1651,44,'1440564393','/edit-user-44.html',0,'2015-08-26 11:48:48','115.77.79.79'),(1652,44,'1440564393','/create-video.html',0,'2015-08-26 11:48:54','115.77.79.79'),(1653,44,'1440564393','/',0,'2015-08-26 11:51:26','115.77.79.79'),(1654,44,'1440564694','/',0,'2015-08-26 11:51:48','115.77.79.79'),(1655,44,'1440564694','/phan-mem/orthers-c26-s10-l0-a0.html',0,'2015-08-26 11:51:50','115.77.79.79'),(1656,44,'1440564694','/video/43-gioi-thieu-ve-3ctuts.html',0,'2015-08-26 11:51:55','115.77.79.79'),(1657,0,'1440567104','/phan-mem/soildwork-c26-s3-l0-a0.html',0,'2015-08-26 12:31:44','115.79.47.191'),(1658,0,'1440567104','/video/43-gioi-thieu-ve-3ctuts.html',0,'2015-08-26 12:32:00','115.79.47.191'),(1659,0,'1440567104','/',0,'2015-08-26 12:33:00','115.79.47.191'),(1660,0,'1440567104','/phan-mem/soildwork-c26-s3-l0-a0.html',0,'2015-08-26 12:33:06','115.79.47.191'),(1661,0,'1440567104','/video/16-solidworks-introduce.html',0,'2015-08-26 12:33:16','115.79.47.191'),(1662,0,'1440567104','/cad/thiet-ke-2d/soildwork-c13-s3-l0-a0.html',0,'2015-08-26 12:33:23','115.79.47.191'),(1663,0,'1440567104','/',0,'2015-08-26 12:33:27','115.79.47.191'),(1664,0,'1440567104','/',0,'2015-08-26 12:33:28','115.79.47.191'),(1665,0,'1440567104','/cnc/van-hanh-may-phay-c20-s0-l0-a0.html',0,'2015-08-26 12:33:36','115.79.47.191'),(1666,44,'1440570606','/',0,'2015-08-26 13:30:10','115.77.79.79'),(1667,44,'1440570606','/phan-mem/orthers-c26-s10-l0-a0.html',0,'2015-08-26 13:30:14','115.77.79.79'),(1668,44,'1440570606','/video/43-gioi-thieu-ve-3ctuts.html',0,'2015-08-26 13:30:16','115.77.79.79'),(1669,0,'1440570949','/',0,'2015-08-26 13:35:53','115.77.79.79'),(1670,0,'1440570949','/dang-nhap',0,'2015-08-26 13:36:14','115.77.79.79'),(1671,48,'1440570949','/',0,'2015-08-26 13:36:46','115.77.79.79'),(1672,44,'1440571467','/',0,'2015-08-26 13:44:28','115.77.79.79'),(1673,0,'1440572340','/',0,'2015-08-26 13:59:01','115.79.42.39'),(1674,0,'1440572340','/khuon-mau-c4-s0-l0-a0.html',0,'2015-08-26 13:59:05','115.79.42.39'),(1675,44,'1440574755','/',0,'2015-08-26 14:39:16','115.77.79.79'),(1676,44,'1440574755','/phan-mem/inventor-c26-s5-l0-a0.html',0,'2015-08-26 14:39:22','115.77.79.79'),(1677,0,'1438560000','/phan-mem/inventor-c26-s5-l0-a0.html',0,'2015-08-26 15:12:22','66.249.71.103'),(1678,0,'1440578522','/',0,'2015-08-26 15:42:04','115.77.79.79'),(1679,0,'1440578522','/phan-mem/orthers-c26-s10-l0-a0.html',0,'2015-08-26 15:42:06','115.77.79.79'),(1680,0,'1440580937','/',0,'2015-08-26 16:22:18','115.77.79.79'),(1681,0,'1440581394','/',0,'2015-08-26 16:29:56','171.249.70.154'),(1682,0,'1440581394','/phan-mem/creo-c26-s2-l0-a0.html',0,'2015-08-26 16:30:06','171.249.70.154'),(1683,0,'1440581809','/',0,'2015-08-26 16:36:50','115.77.79.79'),(1684,0,'1440581809','/dang-nhap',0,'2015-08-26 16:36:52','115.77.79.79'),(1685,29,'1440581809','/',0,'2015-08-26 16:36:54','115.77.79.79'),(1686,29,'1440581809','/create-video.html',0,'2015-08-26 16:36:58','115.77.79.79'),(1687,44,'1440581841','/create-video.html',0,'2015-08-26 16:37:23','115.77.79.79'),(1688,29,'1440581809','/',0,'2015-08-26 16:38:40','115.77.79.79'),(1689,29,'1440581809','/phan-mem/soildwork-c26-s3-l0-a0.html',0,'2015-08-26 16:38:44','115.77.79.79'),(1690,29,'1440581809','/video/16-solidworks-introduce.html',0,'2015-08-26 16:38:48','115.77.79.79'),(1691,29,'1440581809','/edit-user-29.html',0,'2015-08-26 16:38:57','115.77.79.79'),(1692,29,'1440581809','/video-manager-29.html',0,'2015-08-26 16:38:58','115.77.79.79'),(1693,29,'1440581809','/user/video_edit/16',0,'2015-08-26 16:39:00','115.77.79.79'),(1694,44,'1440581841','/',0,'2015-08-26 16:40:02','115.77.79.79'),(1695,29,'1440581809','/user/video_manager/29',0,'2015-08-26 16:41:03','115.77.79.79'),(1696,29,'1440581809','/create-video.html',0,'2015-08-26 16:41:06','115.77.79.79'),(1697,44,'1440581841','/',0,'2015-08-26 16:42:06','115.77.79.79'),(1698,44,'1440581841','/phan-mem/orthers-c26-s10-l0-a0.html',0,'2015-08-26 16:42:08','115.77.79.79'),(1699,29,'1440582127','/',0,'2015-08-26 16:42:08','115.77.79.79'),(1700,29,'1440582127','/phan-mem/soildwork-c26-s3-l0-a0.html',0,'2015-08-26 16:42:12','115.77.79.79'),(1701,44,'1440581841','/',0,'2015-08-26 16:42:13','115.77.79.79'),(1702,29,'1440582127','/edit-user-29.html',0,'2015-08-26 16:42:18','115.77.79.79'),(1703,29,'1440582127','/video-manager-29.html',0,'2015-08-26 16:42:19','115.77.79.79'),(1704,29,'1440582127','/video/45-1-gioi-thieu-phan-mem-solidworks-2015.html',0,'2015-08-26 16:42:22','115.77.79.79'),(1705,29,'1440582127','/video-manager-29.html',0,'2015-08-26 16:42:24','115.77.79.79'),(1706,29,'1440582127','/user/video_edit/45',0,'2015-08-26 16:42:26','115.77.79.79'),(1707,29,'1440582127','/user/video_manager/29',0,'2015-08-26 16:42:30','115.77.79.79'),(1708,29,'1440582127','/',0,'2015-08-26 16:42:32','115.77.79.79'),(1709,29,'1440582127','/phan-mem/soildwork-c26-s3-l0-a0.html',0,'2015-08-26 16:42:36','115.77.79.79'),(1710,29,'1440582127','/',0,'2015-08-26 16:42:41','115.77.79.79'),(1711,29,'1440582127','/phan-mem/autocad-c26-s1-l0-a0.html',0,'2015-08-26 16:42:44','115.77.79.79'),(1712,29,'1440582127','/edit-user-29.html',0,'2015-08-26 16:42:52','115.77.79.79'),(1713,29,'1440582127','/create-video.html',0,'2015-08-26 16:42:54','115.77.79.79'),(1714,29,'1440582127','/video-manager-29.html',0,'2015-08-26 16:42:55','115.77.79.79'),(1715,29,'1440582127','/user/video_edit/45',0,'2015-08-26 16:42:58','115.77.79.79'),(1716,44,'1440582142','/',0,'2015-08-26 16:42:59','115.77.79.79'),(1717,29,'1440582127','/user/video_manager/29',0,'2015-08-26 16:43:05','115.77.79.79'),(1718,29,'1440582127','/',0,'2015-08-26 16:43:07','115.77.79.79'),(1719,29,'1440582127','/phan-mem/soildwork-c26-s3-l0-a0.html',0,'2015-08-26 16:43:08','115.77.79.79'),(1720,29,'1440582127','/video/45-1-gioi-thieu-phan-mem-solidworks-2015.html',0,'2015-08-26 16:43:10','115.77.79.79'),(1721,44,'1440582142','/user/news/45',0,'2015-08-26 16:43:52','115.77.79.79'),(1722,44,'1440582142','/',0,'2015-08-26 16:44:53','115.77.79.79'),(1723,0,'1440582396','/',0,'2015-08-26 16:46:38','115.77.79.79'),(1724,44,'1440582142','/',0,'2015-08-26 16:46:41','115.77.79.79'),(1725,0,'1440582396','/phan-mem/soildwork-c26-s3-l0-a0.html',0,'2015-08-26 16:46:42','115.77.79.79'),(1726,0,'1440582396','/video/45-1-gioi-thieu-phan-mem-solidworks-2015.html',0,'2015-08-26 16:46:48','115.77.79.79'),(1727,44,'1440582142','/cad/thiet-ke-2d/soildwork-c13-s3-l0-a0.html',0,'2015-08-26 16:47:00','115.77.79.79'),(1728,44,'1440582451','/video/44-gioi-thieu-ve-3ctuts.html',0,'2015-08-26 16:47:32','115.77.79.79'),(1729,0,'1440582396','/',0,'2015-08-26 16:48:49','115.77.79.79'),(1730,0,'1440582396','/phan-mem/soildwork-c26-s3-l0-a0.html',0,'2015-08-26 16:48:51','115.77.79.79'),(1731,0,'1440582396','/video/16-solidworks-introduce.html',0,'2015-08-26 16:48:53','115.77.79.79'),(1732,29,'1440582537','/',0,'2015-08-26 16:48:58','115.77.79.79'),(1733,44,'1440582451','/',0,'2015-08-26 16:49:42','115.77.79.79'),(1734,0,'1440582396','/',0,'2015-08-26 16:49:57','115.77.79.79'),(1735,0,'1440582396','/phan-mem/orthers-c26-s10-l0-a0.html',0,'2015-08-26 16:50:02','115.77.79.79'),(1736,0,'1440582396','/',0,'2015-08-26 16:50:07','115.77.79.79'),(1737,44,'1440582451','/phan-mem/orthers-c26-s10-l0-a0.html',0,'2015-08-26 16:50:27','115.77.79.79'),(1738,44,'1440582451','/create-video.html',0,'2015-08-26 16:50:34','115.77.79.79'),(1739,44,'1440582451','/video-manager-44.html',0,'2015-08-26 16:50:39','115.77.79.79'),(1740,44,'1440582451','/user/video_edit/44',0,'2015-08-26 16:50:42','115.77.79.79'),(1741,44,'1440582451','/user/video_manager/44',0,'2015-08-26 16:51:00','115.77.79.79'),(1742,44,'1440582451','/',0,'2015-08-26 16:51:04','115.77.79.79'),(1743,44,'1440582451','/phan-mem/orthers-c26-s10-l0-a0.html',0,'2015-08-26 16:51:07','115.77.79.79'),(1744,44,'1440582451','/video/44-gioi-thieu-ve-3ctuts.html',0,'2015-08-26 16:51:09','115.77.79.79'),(1745,44,'1440582781','/',0,'2015-08-26 16:53:02','115.77.79.79'),(1746,44,'1440582781','/phan-mem/soildwork-c26-s3-l0-a0.html',0,'2015-08-26 16:53:03','115.77.79.79'),(1747,44,'1440582781','/video/45-1-gioi-thieu-phan-mem-solidworks-2015.html',0,'2015-08-26 16:53:06','115.77.79.79'),(1748,0,'1440583084','/',0,'2015-08-26 16:58:05','115.79.47.191'),(1749,0,'1440583084','/video/45-1-gioi-thieu-phan-mem-solidworks-2015.html',0,'2015-08-26 16:58:09','115.79.47.191'),(1750,0,'1440583084','/video/16-solidworks-introduce.html',0,'2015-08-26 16:59:50','115.79.47.191'),(1751,0,'1440583084','/',0,'2015-08-26 16:59:59','115.79.47.191'),(1752,0,'1440583084','/khuon-mau/khuon-ep-nhua-c22-s0-l0-a0.html',0,'2015-08-26 17:00:20','115.79.47.191'),(1753,44,'1440583476','/',0,'2015-08-26 17:04:38','115.77.79.79'),(1754,44,'1440583476','/phan-mem/soildwork-c26-s3-l0-a0.html',0,'2015-08-26 17:04:43','115.77.79.79'),(1755,44,'1440583476','/video/45-1-gioi-thieu-phan-mem-solidworks-2015.html',0,'2015-08-26 17:04:45','115.77.79.79'),(1756,0,'1440583487','/',0,'2015-08-26 17:04:47','115.79.47.191'),(1757,0,'1440583487','/phan-mem/soildwork-c26-s3-l0-a0.html',0,'2015-08-26 17:05:06','115.79.47.191'),(1758,44,'1440583476','/',0,'2015-08-26 17:05:43','115.77.79.79'),(1759,44,'1440583476','/phan-mem/orthers-c26-s10-l0-a0.html',0,'2015-08-26 17:05:46','115.77.79.79'),(1760,44,'1440583476','/video/44-gioi-thieu-ve-3ctuts.html',0,'2015-08-26 17:05:48','115.77.79.79'),(1761,44,'1440583476','/',0,'2015-08-26 17:06:53','115.77.79.79'),(1762,44,'1440583476','/phan-mem/inventor-c26-s5-l0-a0.html',0,'2015-08-26 17:07:41','115.77.79.79'),(1763,44,'1440583476','/',0,'2015-08-26 17:07:58','115.77.79.79'),(1764,44,'1440583476','/phan-mem/soildwork-c26-s3-l0-a0.html',0,'2015-08-26 17:08:00','115.77.79.79'),(1765,44,'1440583476','/video/45-1-gioi-thieu-phan-mem-solidworks-2015.html',0,'2015-08-26 17:08:13','115.77.79.79'),(1766,44,'1440583843','/',0,'2015-08-26 17:10:44','115.77.79.79'),(1767,44,'1440583843','/phan-mem/inventor-c26-s5-l0-a0.html',0,'2015-08-26 17:10:49','115.77.79.79'),(1768,44,'1440583843','/',0,'2015-08-26 17:11:07','115.77.79.79'),(1769,44,'1440583843','/',0,'2015-08-26 17:13:11','115.77.79.79'),(1770,44,'1440583843','/',0,'2015-08-26 17:14:12','115.77.79.79'),(1771,44,'1440583843','/phan-mem/inventor-c26-s5-l0-a0.html',0,'2015-08-26 17:15:13','115.77.79.79'),(1772,0,'1440584121','/',0,'2015-08-26 17:15:22','115.77.79.79'),(1773,44,'1440583843','/',0,'2015-08-26 17:15:37','115.77.79.79'),(1774,44,'1440584152','/phan-mem/orthers-c26-s10-l0-a0.html',0,'2015-08-26 17:15:52','115.77.79.79'),(1775,44,'1440584152','/video/44-gioi-thieu-ve-3ctuts.html',0,'2015-08-26 17:16:01','115.77.79.79'),(1776,0,'1440586014','/cad-c1-s0-l0-a0.html',0,'2015-08-26 17:46:54','115.79.47.191'),(1777,0,'1440586014','/',0,'2015-08-26 17:46:55','115.79.47.191'),(1778,0,'1440586014','/phan-mem/rhinoceros-c26-s9-l0-a0.html',0,'2015-08-26 17:47:07','115.79.47.191'),(1779,0,'1440586014','/',0,'2015-08-26 17:47:08','115.79.47.191'),(1780,0,'1440586014','/video/31-gioi-thieu-phan-mem-inventor-2014.html',0,'2015-08-26 17:47:17','115.79.47.191'),(1781,0,'1440586014','/',0,'2015-08-26 17:47:21','115.79.47.191'),(1782,0,'1438560000','/auth/login',0,'2015-08-26 19:14:39','66.249.71.95'),(1783,0,'1438560000','/video/45-1-gioi-thieu-phan-mem-solidworks-2015.html',0,'2015-08-26 19:32:47','66.249.71.87'),(1784,0,'1440595388','/',0,'2015-08-26 20:23:09','42.118.164.89'),(1785,0,'1440600307','/',0,'2015-08-26 21:45:08','42.118.164.89'),(1786,0,'1440600307','/auth/login',0,'2015-08-26 21:45:15','42.118.164.89'),(1787,1,'1440600307','/',0,'2015-08-26 21:45:17','42.118.164.89'),(1788,0,'1440601075','/',0,'2015-08-26 21:57:58','116.106.210.177'),(1789,0,'1440602047','/',0,'2015-08-26 22:14:08','115.76.195.35'),(1790,0,'1440602047','/phan-mem/orthers-c26-s10-l0-a0.html',0,'2015-08-26 22:14:15','115.76.195.35'),(1791,0,'1440602047','/',0,'2015-08-26 22:14:18','115.76.195.35'),(1792,0,'1440602047','/phan-mem/orthers-c26-s10-l0-a0.html',0,'2015-08-26 22:14:20','115.76.195.35'),(1793,0,'1440602047','/video/44-gioi-thieu-ve-3ctuts.html',0,'2015-08-26 22:14:22','115.76.195.35'),(1794,0,'1440602047','/dang-nhap',0,'2015-08-26 22:14:31','115.76.195.35'),(1795,29,'1440602047','/',0,'2015-08-26 22:14:33','115.76.195.35'),(1796,29,'1440602047','/phan-mem/orthers-c26-s10-l0-a0.html',0,'2015-08-26 22:14:35','115.76.195.35'),(1797,29,'1440602047','/video/44-gioi-thieu-ve-3ctuts.html',0,'2015-08-26 22:14:37','115.76.195.35'),(1798,29,'1440602047','/',0,'2015-08-26 22:14:42','115.76.195.35'),(1799,29,'1440602047','/',0,'2015-08-26 22:16:31','115.76.195.35'),(1800,29,'1440602047','/',0,'2015-08-26 22:16:38','115.76.195.35'),(1801,29,'1440602047','/',0,'2015-08-26 22:18:51','115.76.195.35'),(1802,0,'1440610468','/',0,'2015-08-27 00:50:54','66.249.71.87'),(1803,0,'1440610468','/',0,'2015-08-27 00:50:55','66.249.71.103'),(1804,0,'1440614279','/',0,'2015-08-27 01:38:00','42.118.167.92'),(1805,0,'1440614279','/',0,'2015-08-27 01:39:22','42.118.167.92'),(1806,0,'1440614279','/cad-c1-s0-l0-a0.html',0,'2015-08-27 01:39:38','42.118.167.92'),(1807,0,'1440638071','/',0,'2015-08-27 08:14:34','115.77.79.79'),(1808,0,'1440638071','/phan-mem/soildwork-c26-s3-l0-a0.html',0,'2015-08-27 08:14:37','115.77.79.79'),(1809,0,'1440638071','/video/45-1-gioi-thieu-phan-mem-solidworks-2015.html',0,'2015-08-27 08:14:41','115.77.79.79'),(1810,0,'1440638071','/phan-mem/soildwork-c26-s3-l0-a0.html',0,'2015-08-27 08:16:55','115.77.79.79'),(1811,0,'1440638071','/video/31-gioi-thieu-phan-mem-inventor-2014.html',0,'2015-08-27 08:17:07','115.77.79.79'),(1812,0,'1440638618','/',0,'2015-08-27 08:23:45','115.77.79.79'),(1813,0,'1440641151','/',0,'2015-08-27 09:06:04','66.249.71.103'),(1814,0,'1440641877','/',0,'2015-08-27 09:17:58','115.77.79.79'),(1815,0,'1440641877','/phan-mem/soildwork-c26-s3-l0-a0.html',0,'2015-08-27 09:18:00','115.77.79.79'),(1816,0,'1440641877','/',0,'2015-08-27 09:18:04','115.77.79.79'),(1817,0,'1440642796','/',0,'2015-08-27 09:33:19','171.249.70.154'),(1818,0,'1440642796','/phan-mem/inventor-c26-s5-l0-a0.html',0,'2015-08-27 09:33:45','171.249.70.154'),(1819,0,'1440642460','/',0,'2015-08-27 09:35:42','66.249.71.87'),(1820,0,'1440643052','/',0,'2015-08-27 09:37:33','171.233.242.114'),(1821,0,'1440643052','/phan-mem/soildwork-c26-s3-l0-a0.html',0,'2015-08-27 09:37:59','171.233.242.114'),(1822,0,'1440643052','/video/45-1-gioi-thieu-phan-mem-solidworks-2015.html',0,'2015-08-27 09:38:13','171.233.242.114'),(1823,0,'1440646824','/',0,'2015-08-27 10:40:26','115.77.79.79'),(1824,0,'1440646824','/dang-nhap',0,'2015-08-27 10:40:29','115.77.79.79'),(1825,48,'1440646824','/',0,'2015-08-27 10:40:35','115.77.79.79'),(1826,48,'1440646824','/edit-user-48.html',0,'2015-08-27 10:40:40','115.77.79.79'),(1827,48,'1440646824','/',0,'2015-08-27 10:40:45','115.77.79.79'),(1828,48,'1440646824','/edit-user-48.html',0,'2015-08-27 10:40:48','115.77.79.79'),(1829,48,'1440646824','/edit-user-48.html',0,'2015-08-27 10:40:54','115.77.79.79'),(1830,48,'1440646824','/',0,'2015-08-27 10:41:36','115.77.79.79'),(1831,48,'1440646824','/edit-user-48.html',0,'2015-08-27 10:41:40','115.77.79.79'),(1832,48,'1440646824','/',0,'2015-08-27 10:41:45','115.77.79.79'),(1833,48,'1440646824','/edit-user-48.html',0,'2015-08-27 10:41:50','115.77.79.79'),(1834,48,'1440646824','/create-video.html',0,'2015-08-27 10:41:54','115.77.79.79'),(1835,48,'1440647180','/',0,'2015-08-27 10:46:22','115.77.79.79'),(1836,48,'1440647180','/phan-mem/inventor-c26-s5-l0-a0.html',0,'2015-08-27 10:46:25','115.77.79.79'),(1837,0,'1440647203','/',0,'2015-08-27 10:46:44','115.77.79.79'),(1838,0,'1440647203','/auth/login',0,'2015-08-27 10:46:49','115.77.79.79'),(1839,0,'1440647203','/dang-nhap',0,'2015-08-27 10:46:50','115.77.79.79'),(1840,44,'1440647203','/',0,'2015-08-27 10:46:54','115.77.79.79'),(1841,48,'1440647180','/',0,'2015-08-27 10:47:08','115.77.79.79'),(1842,48,'1440647180','/phan-mem/inventor-c26-s5-l0-a0.html',0,'2015-08-27 10:47:10','115.77.79.79'),(1843,44,'1440647203','/',0,'2015-08-27 10:47:10','115.77.79.79'),(1844,44,'1440647203','/phan-mem/inventor-c26-s5-l0-a0.html',0,'2015-08-27 10:47:15','115.77.79.79'),(1845,48,'1440647180','/',0,'2015-08-27 10:48:18','115.77.79.79'),(1846,48,'1440647180','/phan-mem/inventor-c26-s5-l0-a0.html',0,'2015-08-27 10:48:20','115.77.79.79'),(1847,44,'1440647203','/',0,'2015-08-27 10:48:31','115.77.79.79'),(1848,44,'1440647203','/',0,'2015-08-27 10:48:49','115.77.79.79'),(1849,44,'1440647203','/',0,'2015-08-27 10:48:58','115.77.79.79'),(1850,48,'1440647180','/video/46-gioi-thieu-ve-autodesk-inventor-professional-2015.html',0,'2015-08-27 10:49:33','115.77.79.79'),(1851,44,'1440647203','/',0,'2015-08-27 10:50:06','115.77.79.79'),(1852,48,'1440647180','/',0,'2015-08-27 10:50:48','115.77.79.79'),(1853,44,'1440647203','/phan-mem/inventor-c26-s5-l0-a0.html',0,'2015-08-27 10:50:50','115.77.79.79'),(1854,44,'1440647203','/video/46-gioi-thieu-ve-autodesk-inventor-professional-2015.html',0,'2015-08-27 10:50:53','115.77.79.79'),(1855,48,'1440647180','/phan-mem/soildwork-c26-s3-l0-a0.html',0,'2015-08-27 10:51:00','115.77.79.79'),(1856,48,'1440647180','/',0,'2015-08-27 10:51:09','115.77.79.79'),(1857,48,'1440647180','/phan-mem/inventor-c26-s5-l0-a0.html',0,'2015-08-27 10:51:10','115.77.79.79'),(1858,48,'1440647597','/',0,'2015-08-27 10:53:18','115.77.79.79'),(1859,48,'1440647597','/',0,'2015-08-27 10:53:26','115.77.79.79'),(1860,48,'1440647597','/',0,'2015-08-27 10:54:16','115.77.79.79'),(1861,48,'1440647597','/',0,'2015-08-27 10:55:56','115.77.79.79'),(1862,48,'1440647597','/phan-mem/inventor-c26-s5-l0-a0.html',0,'2015-08-27 10:56:04','115.77.79.79'),(1863,48,'1440647597','/',0,'2015-08-27 10:56:28','115.77.79.79'),(1864,48,'1440647597','/phan-mem/inventor-c26-s5-l0-a0.html',0,'2015-08-27 10:58:12','115.77.79.79'),(1865,0,'1440649745','/',0,'2015-08-27 11:29:06','115.77.79.79'),(1866,0,'1440649745','/phan-mem/soildwork-c26-s3-l0-a0.html',0,'2015-08-27 11:29:08','115.77.79.79'),(1867,0,'1440649745','/dang-nhap',0,'2015-08-27 11:29:11','115.77.79.79'),(1868,29,'1440649745','/',0,'2015-08-27 11:29:13','115.77.79.79'),(1869,29,'1440649745','/phan-mem/soildwork-c26-s3-l0-a0.html',0,'2015-08-27 11:29:17','115.77.79.79'),(1870,29,'1440649745','/video/45-1-gioi-thieu-phan-mem-solidworks-2015.html',0,'2015-08-27 11:29:21','115.77.79.79'),(1871,29,'1440649745','/create-video.html',0,'2015-08-27 11:29:27','115.77.79.79'),(1872,29,'1440649745','/edit-user-29.html',0,'2015-08-27 11:29:28','115.77.79.79'),(1873,29,'1440649745','/video-manager-29.html',0,'2015-08-27 11:29:29','115.77.79.79'),(1874,29,'1440649745','/user/video_edit/16',0,'2015-08-27 11:29:31','115.77.79.79'),(1875,29,'1440649745','/video-manager-29.html',0,'2015-08-27 11:29:33','115.77.79.79'),(1876,29,'1440649745','/user/video_edit/45',0,'2015-08-27 11:29:35','115.77.79.79'),(1877,29,'1440649745','/video-manager-29.html',0,'2015-08-27 11:29:38','115.77.79.79'),(1878,29,'1440649745','/user/video_manager/29',0,'2015-08-27 11:29:40','115.77.79.79'),(1879,29,'1440649745','/create-video.html',0,'2015-08-27 11:29:43','115.77.79.79'),(1880,29,'1440649745','/',0,'2015-08-27 11:31:04','115.77.79.79'),(1881,29,'1440649745','/phan-mem/soildwork-c26-s3-l0-a0.html',0,'2015-08-27 11:31:06','115.77.79.79'),(1882,29,'1440649745','/',0,'2015-08-27 11:31:09','115.77.79.79'),(1883,29,'1440649745','/edit-user-29.html',0,'2015-08-27 11:31:15','115.77.79.79'),(1884,29,'1440649745','/video-manager-29.html',0,'2015-08-27 11:31:17','115.77.79.79'),(1885,29,'1440649745','/user/video_edit/47',0,'2015-08-27 11:31:21','115.77.79.79'),(1886,29,'1440649745','/user/video_manager/29',0,'2015-08-27 11:31:25','115.77.79.79'),(1887,29,'1440649745','/',0,'2015-08-27 11:31:27','115.77.79.79'),(1888,29,'1440649745','/phan-mem/orthers-c26-s10-l0-a0.html',0,'2015-08-27 11:31:32','115.77.79.79'),(1889,29,'1440649745','/',0,'2015-08-27 11:31:34','115.77.79.79'),(1890,29,'1440649745','/edit-user-29.html',0,'2015-08-27 11:31:36','115.77.79.79'),(1891,29,'1440649745','/create-video.html',0,'2015-08-27 11:31:38','115.77.79.79'),(1892,29,'1440649745','/video-manager-29.html',0,'2015-08-27 11:31:39','115.77.79.79'),(1893,29,'1440649745','/user/video_edit/47',0,'2015-08-27 11:31:41','115.77.79.79'),(1894,29,'1440649745','/user/video_manager/29',0,'2015-08-27 11:31:47','115.77.79.79'),(1895,29,'1440649745','/',0,'2015-08-27 11:31:50','115.77.79.79'),(1896,29,'1440649745','/phan-mem/soildwork-c26-s3-l0-a0.html',0,'2015-08-27 11:31:52','115.77.79.79'),(1897,29,'1440649745','/',0,'2015-08-27 11:32:08','115.77.79.79'),(1898,29,'1440649745','/phan-mem/soildwork-c26-s3-l0-a0.html',0,'2015-08-27 11:32:10','115.77.79.79'),(1899,29,'1440649745','/edit-user-29.html',0,'2015-08-27 11:32:13','115.77.79.79'),(1900,29,'1440649745','/edit-user-29.html',0,'2015-08-27 11:32:14','115.77.79.79'),(1901,29,'1440649745','/video-manager-29.html',0,'2015-08-27 11:32:17','115.77.79.79'),(1902,29,'1440649745','/user/video_edit/47',0,'2015-08-27 11:32:19','115.77.79.79'),(1903,29,'1440649745','/user/video_manager/29',0,'2015-08-27 11:32:33','115.77.79.79'),(1904,29,'1440649745','/user/video_edit/16',0,'2015-08-27 11:32:38','115.77.79.79'),(1905,29,'1440649745','/user/video_manager/29',0,'2015-08-27 11:32:40','115.77.79.79'),(1906,29,'1440649745','/',0,'2015-08-27 11:32:43','115.77.79.79'),(1907,29,'1440649745','/phan-mem/soildwork-c26-s3-l0-a0.html',0,'2015-08-27 11:32:45','115.77.79.79'),(1908,29,'1440649745','/video/46-gioi-thieu-ve-autodesk-inventor-professional-2015.html',0,'2015-08-27 11:32:58','115.77.79.79'),(1909,29,'1440649745','/create-video.html',0,'2015-08-27 11:33:03','115.77.79.79'),(1910,29,'1440649745','/video-manager-29.html',0,'2015-08-27 11:33:04','115.77.79.79'),(1911,29,'1440649745','/user/video_edit/47',0,'2015-08-27 11:33:06','115.77.79.79'),(1912,29,'1440649745','/user/video_manager/29',0,'2015-08-27 11:33:18','115.77.79.79'),(1913,29,'1440649745','/',0,'2015-08-27 11:33:24','115.77.79.79'),(1914,29,'1440649745','/phan-mem/soildwork-c26-s3-l0-a0.html',0,'2015-08-27 11:33:29','115.77.79.79'),(1915,29,'1440649745','/',0,'2015-08-27 11:33:33','115.77.79.79'),(1916,29,'1440649745','/phan-mem/orthers-c26-s10-l0-a0.html',0,'2015-08-27 11:33:36','115.77.79.79'),(1917,29,'1440649745','/',0,'2015-08-27 11:33:38','115.77.79.79'),(1918,29,'1440650121','/',0,'2015-08-27 11:35:21','115.77.79.79'),(1919,29,'1440650121','/phan-mem/soildwork-c26-s3-l0-a0.html',0,'2015-08-27 11:35:23','115.77.79.79'),(1920,29,'1440650121','/',0,'2015-08-27 11:35:48','115.77.79.79'),(1921,29,'1440650121','/create-video.html',0,'2015-08-27 11:35:53','115.77.79.79'),(1922,29,'1440650121','/',0,'2015-08-27 11:36:40','115.77.79.79'),(1923,29,'1440650121','/edit-user-29.html',0,'2015-08-27 11:36:49','115.77.79.79'),(1924,29,'1440650121','/video-manager-29.html',0,'2015-08-27 11:36:56','115.77.79.79'),(1925,29,'1440650121','/user/video_manager/29',0,'2015-08-27 11:37:00','115.77.79.79'),(1926,29,'1440650121','/video/47-1-gioi-thieu-khoa-hoc-solidworks-2015.html',0,'2015-08-27 11:37:02','115.77.79.79'),(1927,29,'1440650121','/',0,'2015-08-27 11:37:10','115.77.79.79'),(1928,29,'1440650121','/edit-user-29.html',0,'2015-08-27 11:37:23','115.77.79.79'),(1929,29,'1440650121','/video-manager-29.html',0,'2015-08-27 11:37:24','115.77.79.79'),(1930,29,'1440650121','/video/47-1-gioi-thieu-khoa-hoc-solidworks-2015.html',0,'2015-08-27 11:37:25','115.77.79.79'),(1931,29,'1440650121','/others/autocad-c25-s1-l1-a0.html',0,'2015-08-27 11:37:29','115.77.79.79'),(1932,29,'1440650121','/edit-user-29.html',0,'2015-08-27 11:37:36','115.77.79.79'),(1933,29,'1440650121','/video-manager-29.html',0,'2015-08-27 11:37:39','115.77.79.79'),(1934,29,'1440650121','/video/16-solidworks-introduce.html',0,'2015-08-27 11:37:40','115.77.79.79'),(1935,29,'1440650121','/video-manager-29.html',0,'2015-08-27 11:37:43','115.77.79.79'),(1936,29,'1440650121','/video/47-1-gioi-thieu-khoa-hoc-solidworks-2015.html',0,'2015-08-27 11:37:45','115.77.79.79'),(1937,29,'1440650121','/video-manager-29.html',0,'2015-08-27 11:38:03','115.77.79.79'),(1938,29,'1440650121','/video/16-solidworks-introduce.html',0,'2015-08-27 11:38:05','115.77.79.79'),(1939,29,'1440650121','/video-manager-29.html',0,'2015-08-27 11:38:07','115.77.79.79'),(1940,29,'1440650121','/user/video_edit/16',0,'2015-08-27 11:38:08','115.77.79.79'),(1941,29,'1440650121','/video-manager-29.html',0,'2015-08-27 11:38:13','115.77.79.79'),(1942,29,'1440650121','/user/video_edit/47',0,'2015-08-27 11:38:15','115.77.79.79'),(1943,29,'1440650121','/user/video_manager/29',0,'2015-08-27 11:38:26','115.77.79.79'),(1944,29,'1440650121','/',0,'2015-08-27 11:38:28','115.77.79.79'),(1945,29,'1440650121','/phan-mem/soildwork-c26-s3-l0-a0.html',0,'2015-08-27 11:38:29','115.77.79.79'),(1946,29,'1440650121','/',0,'2015-08-27 11:38:31','115.77.79.79'),(1947,0,'1440650243','/',0,'2015-08-27 11:38:37','66.249.71.103'),(1948,29,'1440650121','/',0,'2015-08-27 11:39:06','115.77.79.79'),(1949,29,'1440650121','/phan-mem/soildwork-c26-s3-l0-a0.html',0,'2015-08-27 11:39:08','115.77.79.79'),(1950,29,'1440650121','/',0,'2015-08-27 11:39:10','115.77.79.79'),(1951,29,'1440650121','/edit-user-29.html',0,'2015-08-27 11:39:16','115.77.79.79'),(1952,29,'1440650121','/video-manager-29.html',0,'2015-08-27 11:39:18','115.77.79.79'),(1953,29,'1440650121','/user/video_edit/47',0,'2015-08-27 11:39:20','115.77.79.79'),(1954,29,'1440650121','/user/video_manager/29',0,'2015-08-27 11:39:24','115.77.79.79'),(1955,29,'1440650121','/',0,'2015-08-27 11:39:26','115.77.79.79'),(1956,44,'1440650331','/',0,'2015-08-27 11:39:29','115.77.79.79'),(1957,29,'1440650121','/phan-mem/soildwork-c26-s3-l0-a0.html',0,'2015-08-27 11:39:29','115.77.79.79'),(1958,44,'1440650331','/phan-mem/soildwork-c26-s3-l0-a0.html',0,'2015-08-27 11:39:32','115.77.79.79'),(1959,44,'1440650331','/video/47-1-gioi-thieu-khoa-hoc-solidworks-2015.html',0,'2015-08-27 11:39:37','115.77.79.79'),(1960,44,'1440650331','/',0,'2015-08-27 11:40:09','115.77.79.79'),(1961,29,'1440650952','/',0,'2015-08-27 11:49:13','115.77.79.79'),(1962,0,'1438560000','/others/inventor-c25-s5-l0-a0.html',0,'2015-08-27 11:50:40','66.249.71.95'),(1963,0,'1440653044','/',0,'2015-08-27 12:24:04','115.79.47.191'),(1964,0,'1440652667','/',0,'2015-08-27 13:12:15','66.249.71.95'),(1965,0,'1440652667','/',0,'2015-08-27 13:12:16','66.249.71.95'),(1966,0,'1440657084','/',0,'2015-08-27 13:31:25','115.79.47.191'),(1967,0,'1440657084','/video/46-gioi-thieu-ve-autodesk-inventor-professional-2015.html',0,'2015-08-27 13:31:47','115.79.47.191'),(1968,0,'1440657084','/',0,'2015-08-27 13:32:26','115.79.47.191'),(1969,0,'1440658602','/',0,'2015-08-27 13:56:57','115.77.79.79'),(1970,0,'1440658602','/phan-mem/inventor-c26-s5-l0-a0.html',0,'2015-08-27 13:57:07','115.77.79.79'),(1971,0,'1440658643','/',0,'2015-08-27 13:57:24','115.77.79.79'),(1972,0,'1440658643','/phan-mem/inventor-c26-s5-l0-a0.html',0,'2015-08-27 13:57:27','115.77.79.79'),(1973,0,'1440658643','/video/46-gioi-thieu-ve-autodesk-inventor-professional-2015.html',0,'2015-08-27 13:57:36','115.77.79.79'),(1974,0,'1440658602','/',0,'2015-08-27 13:57:41','115.77.79.79'),(1975,0,'1440658602','/phan-mem/inventor-c26-s5-l0-a0.html',0,'2015-08-27 13:57:43','115.77.79.79'),(1976,0,'1440658643','/phan-mem/inventor-c26-s5-l0-a0.html',0,'2015-08-27 13:57:47','115.77.79.79'),(1977,0,'1440658643','/phan-mem/inventor-c26-s5-l0-a0.html',0,'2015-08-27 13:57:49','115.77.79.79'),(1978,0,'1440658643','/',0,'2015-08-27 13:57:54','115.77.79.79'),(1979,0,'1440658643','/phan-mem/soildwork-c26-s3-l0-a0.html',0,'2015-08-27 13:57:57','115.77.79.79'),(1980,0,'1440658643','/video/47-1-gioi-thieu-khoa-hoc-solidworks-2015.html',0,'2015-08-27 13:57:58','115.77.79.79'),(1981,0,'1440660366','/',0,'2015-08-27 14:26:06','115.77.79.79'),(1982,0,'1440660366','/phan-mem/inventor-c26-s5-l0-a0.html',0,'2015-08-27 14:26:10','115.77.79.79'),(1983,0,'1440660366','/video/46-gioi-thieu-ve-autodesk-inventor-professional-2015.html',0,'2015-08-27 14:26:12','115.77.79.79'),(1984,0,'1440661172','/',0,'2015-08-27 14:39:32','171.233.242.114'),(1985,0,'1440661172','/phan-mem/soildwork-c26-s3-l0-a0.html',0,'2015-08-27 14:40:10','171.233.242.114'),(1986,0,'1440661172','/video/47-1-gioi-thieu-khoa-hoc-solidworks-2015.html',0,'2015-08-27 14:40:16','171.233.242.114'),(1987,0,'1440661172','/phan-mem/soildwork-c26-s3-l0-a0.html',0,'2015-08-27 14:40:26','171.233.242.114'),(1988,0,'1440661172','/video/16-solidworks-introduce.html',0,'2015-08-27 14:40:32','171.233.242.114'),(1989,0,'1440661172','/phan-mem/soildwork-c26-s3-l0-a0.html',0,'2015-08-27 14:40:37','171.233.242.114'),(1990,0,'1440661500','/',0,'2015-08-27 14:47:22','66.249.79.41'),(1991,0,'1440662672','/',0,'2015-08-27 15:04:33','171.233.242.114'),(1992,0,'1440665564','/',0,'2015-08-27 15:52:44','115.79.47.191'),(1993,0,'1440666354','/',0,'2015-08-27 16:05:59','74.207.229.206'),(1994,0,'1440666362','/',0,'2015-08-27 16:06:07','74.207.229.206'),(1995,0,'1440666818','/',0,'2015-08-27 16:13:41','93.158.211.66'),(1996,0,'1440666836','/',0,'2015-08-27 16:14:00','93.158.211.66'),(1997,0,'1440666855','/',0,'2015-08-27 16:14:19','93.158.211.66'),(1998,0,'1440669363','/',0,'2015-08-27 16:56:05','171.233.242.114'),(1999,0,'1440669363','/phan-mem/soildwork-c26-s3-l0-a0.html',0,'2015-08-27 16:56:13','171.233.242.114'),(2000,0,'1440669363','/video/47-1-gioi-thieu-khoa-hoc-solidworks-2015.html',0,'2015-08-27 16:56:16','171.233.242.114'),(2001,0,'1440669363','/video/16-solidworks-introduce.html',0,'2015-08-27 16:58:49','171.233.242.114'),(2002,0,'1440669363','/video/47-1-gioi-thieu-khoa-hoc-solidworks-2015.html',0,'2015-08-27 16:59:20','171.233.242.114'),(2003,0,'1440669363','/phan-mem/soildwork-c26-s3-l0-a0.html',0,'2015-08-27 16:59:39','171.233.242.114'),(2004,0,'1440669363','/',0,'2015-08-27 16:59:44','171.233.242.114'),(2005,0,'1440669363','/phan-mem/inventor-c26-s5-l0-a0.html',0,'2015-08-27 16:59:46','171.233.242.114'),(2006,0,'1440669363','/video/46-gioi-thieu-ve-autodesk-inventor-professional-2015.html',0,'2015-08-27 16:59:49','171.233.242.114'),(2007,0,'1440669675','/video/46-gioi-thieu-ve-autodesk-inventor-professional-2015.html',0,'2015-08-27 17:01:18','171.233.242.114'),(2008,0,'1440669675','/phan-mem/inventor-c26-s5-l0-a0.html',0,'2015-08-27 17:01:31','171.233.242.114'),(2009,0,'1440669675','/video/46-gioi-thieu-ve-autodesk-inventor-professional-2015.html',0,'2015-08-27 17:01:34','171.233.242.114'),(2010,0,'1440669675','/dang-nhap',0,'2015-08-27 17:04:47','171.233.242.114'),(2011,45,'1440669675','/',0,'2015-08-27 17:04:51','171.233.242.114'),(2012,45,'1440669675','/phan-mem/soildwork-c26-s3-l0-a0.html',0,'2015-08-27 17:04:56','171.233.242.114'),(2013,45,'1440669675','/video/47-1-gioi-thieu-khoa-hoc-solidworks-2015.html',0,'2015-08-27 17:04:58','171.233.242.114'),(2014,45,'1440670074','/phan-mem/soildwork-c26-s3-l0-a0.html',0,'2015-08-27 17:07:54','171.233.242.114'),(2015,0,'1440670079','/',0,'2015-08-27 17:08:00','171.233.242.114'),(2016,0,'1440670923','/',0,'2015-08-27 17:22:04','115.77.79.79'),(2017,0,'1440670923','/',0,'2015-08-27 17:22:08','115.77.79.79'),(2018,0,'1440670923','/phan-mem/soildwork-c26-s3-l0-a0.html',0,'2015-08-27 17:22:10','115.77.79.79'),(2019,0,'1440670923','/dang-nhap',0,'2015-08-27 17:22:11','115.77.79.79'),(2020,29,'1440670923','/',0,'2015-08-27 17:22:14','115.77.79.79'),(2021,29,'1440670923','/phan-mem/soildwork-c26-s3-l0-a0.html',0,'2015-08-27 17:22:17','115.77.79.79'),(2022,29,'1440670923','/create-video.html',0,'2015-08-27 17:22:22','115.77.79.79'),(2023,29,'1440670923','/phan-mem/soildwork-c26-s3-l0-a0.html',0,'2015-08-27 17:22:23','115.77.79.79'),(2024,29,'1440670923','/create-video.html',0,'2015-08-27 17:22:29','115.77.79.79'),(2025,29,'1440670923','/',0,'2015-08-27 17:23:26','115.77.79.79'),(2026,29,'1440670923','/edit-user-29.html',0,'2015-08-27 17:23:30','115.77.79.79'),(2027,29,'1440670923','/video-manager-29.html',0,'2015-08-27 17:23:32','115.77.79.79'),(2028,29,'1440670923','/user/video_manager/29',0,'2015-08-27 17:23:39','115.77.79.79'),(2029,29,'1440670923','/video/49-2-giao-dien-va-thao-tac-chuot-tren-solidworks.html',0,'2015-08-27 17:23:41','115.77.79.79'),(2030,29,'1440671281','/',0,'2015-08-27 17:28:01','115.77.79.79'),(2031,29,'1440671281','/phan-mem/soildwork-c26-s3-l0-a0.html',0,'2015-08-27 17:28:04','115.77.79.79'),(2032,29,'1440671281','/edit-user-29.html',0,'2015-08-27 17:30:38','115.77.79.79'),(2033,29,'1440671281','/video-manager-29.html',0,'2015-08-27 17:30:40','115.77.79.79'),(2034,29,'1440671281','/video/49-2-giao-dien-va-thao-tac-chuot-tren-solidworks.html',0,'2015-08-27 17:30:42','115.77.79.79'),(2035,29,'1440671281','/video-manager-29.html',0,'2015-08-27 17:30:44','115.77.79.79'),(2036,29,'1440671281','/user/video_edit/49',0,'2015-08-27 17:30:46','115.77.79.79'),(2037,29,'1440671281','/user/video_manager/29',0,'2015-08-27 17:30:55','115.77.79.79'),(2038,29,'1440671281','/',0,'2015-08-27 17:30:58','115.77.79.79'),(2039,0,'1440671481','/auth/login',0,'2015-08-27 17:31:24','115.77.79.79'),(2040,0,'1440671481','/',0,'2015-08-27 17:31:24','115.77.79.79'),(2041,44,'1440671481','/',0,'2015-08-27 17:31:27','115.77.79.79'),(2042,0,'1440671526','/',0,'2015-08-27 17:32:09','115.77.79.79'),(2043,0,'1440671526','/phan-mem/inventor-c26-s5-l0-a0.html',0,'2015-08-27 17:32:16','115.77.79.79'),(2044,0,'1440671526','/dang-nhap',0,'2015-08-27 17:32:20','115.77.79.79'),(2045,29,'1440671281','/phan-mem/soildwork-c26-s3-l0-a0.html',0,'2015-08-27 17:32:21','115.77.79.79'),(2046,29,'1440671281','/video/49-2-giao-dien-va-thao-tac-chuot-tren-solidworks.html',0,'2015-08-27 17:32:23','115.77.79.79'),(2047,29,'1440671281','/',0,'2015-08-27 17:32:26','115.77.79.79'),(2048,29,'1440671281','/phan-mem/soildwork-c26-s3-l0-a0.html',0,'2015-08-27 17:32:28','115.77.79.79'),(2049,48,'1440671526','/',0,'2015-08-27 17:32:30','115.77.79.79'),(2050,29,'1440671281','/video/49-2-giao-dien-va-thao-tac-chuot-tren-solidworks.html',0,'2015-08-27 17:32:30','115.77.79.79'),(2051,48,'1440671526','/create-video.html',0,'2015-08-27 17:32:37','115.77.79.79'),(2052,48,'1440671526','/',0,'2015-08-27 17:34:26','115.77.79.79'),(2053,48,'1440671526','/phan-mem/inventor-c26-s5-l0-a0.html',0,'2015-08-27 17:34:28','115.77.79.79'),(2054,48,'1440671526','/video/46-gioi-thieu-ve-autodesk-inventor-professional-2015.html',0,'2015-08-27 17:34:33','115.77.79.79'),(2055,48,'1440671526','/create-video.html',0,'2015-08-27 17:34:41','115.77.79.79'),(2056,48,'1440671526','/video-manager-48.html',0,'2015-08-27 17:34:44','115.77.79.79'),(2057,48,'1440671526','/user/video_edit/46',0,'2015-08-27 17:34:47','115.77.79.79'),(2058,48,'1440671526','/',0,'2015-08-27 17:35:46','115.77.79.79'),(2059,48,'1440671526','/',0,'2015-08-27 17:35:58','115.77.79.79'),(2060,48,'1440671526','/phan-mem/inventor-c26-s5-l0-a0.html',0,'2015-08-27 17:36:00','115.77.79.79'),(2061,44,'1440671481','/',0,'2015-08-27 17:36:02','115.77.79.79'),(2062,48,'1440671526','/phan-mem/inventor-c26-s5-l0-a0.html',0,'2015-08-27 17:36:19','115.77.79.79'),(2063,48,'1440671835','/',0,'2015-08-27 17:37:17','115.77.79.79'),(2064,48,'1440671835','/phan-mem/inventor-c26-s5-l0-a0.html',0,'2015-08-27 17:37:24','115.77.79.79'),(2065,48,'1440671835','/',0,'2015-08-27 17:38:03','115.77.79.79'),(2066,48,'1440671835','/phan-mem/inventor-c26-s5-l0-a0.html',0,'2015-08-27 17:38:05','115.77.79.79'),(2067,48,'1440671835','/',0,'2015-08-27 17:38:54','115.77.79.79'),(2068,48,'1440671835','/phan-mem/inventor-c26-s5-l0-a0.html',0,'2015-08-27 17:38:58','115.77.79.79'),(2069,48,'1440671835','/',0,'2015-08-27 17:39:00','115.77.79.79'),(2070,0,'1440671992','/',0,'2015-08-27 17:40:00','116.100.55.105'),(2071,0,'1440671992','/video/49-2-giao-dien-va-thao-tac-chuot-tren-solidworks.html',0,'2015-08-27 17:40:21','116.100.55.105'),(2072,0,'1440671992','/video/49-2-giao-dien-va-thao-tac-chuot-tren-solidworks.html',0,'2015-08-27 17:40:45','116.100.55.105'),(2073,48,'1440671835','/phan-mem/inventor-c26-s5-l0-a0.html',0,'2015-08-27 17:40:53','115.77.79.79'),(2074,48,'1440671835','/',0,'2015-08-27 17:41:01','115.77.79.79'),(2075,48,'1440671835','/phan-mem/inventor-c26-s5-l0-a0.html',0,'2015-08-27 17:41:02','115.77.79.79'),(2076,0,'1440671992','/video/49-2-giao-dien-va-thao-tac-chuot-tren-solidworks.html',0,'2015-08-27 17:41:11','116.100.55.105'),(2077,48,'1440671835','/video/50-bai-1-gioi-thieu-ve-giao-dien-cua-autodesk-inventor-professional-2015.html',0,'2015-08-27 17:41:11','115.77.79.79'),(2078,48,'1440671835','/phan-mem/inventor-c26-s5-l0-a0.html',0,'2015-08-27 17:41:20','115.77.79.79'),(2079,48,'1440671835','/video/50-bai-1-gioi-thieu-ve-giao-dien-cua-autodesk-inventor-professional-2015.html',0,'2015-08-27 17:41:24','115.77.79.79'),(2080,48,'1440671835','/video/46-gioi-thieu-ve-autodesk-inventor-professional-2015.html',0,'2015-08-27 17:41:47','115.77.79.79'),(2081,48,'1440671835','/video/50-bai-1-gioi-thieu-ve-giao-dien-cua-autodesk-inventor-professional-2015.html',0,'2015-08-27 17:42:07','115.77.79.79'),(2082,29,'1440672127','/',0,'2015-08-27 17:42:08','115.77.79.79'),(2083,29,'1440672127','/phan-mem/orthers-c26-s10-l0-a0.html',0,'2015-08-27 17:44:15','115.77.79.79'),(2084,0,'1440672316','/',0,'2015-08-27 17:45:17','115.77.79.79'),(2085,0,'1440672316','/dang-nhap',0,'2015-08-27 17:45:23','115.77.79.79'),(2086,43,'1440672316','/',0,'2015-08-27 17:45:36','115.77.79.79'),(2087,43,'1440672316','/create-video.html',0,'2015-08-27 17:45:43','115.77.79.79'),(2088,29,'1440672478','/',0,'2015-08-27 17:47:58','115.77.79.79'),(2089,29,'1440672478','/phan-mem/inventor-c26-s5-l0-a0.html',0,'2015-08-27 17:48:10','115.77.79.79'),(2090,29,'1440672478','/',0,'2015-08-27 17:48:15','115.77.79.79'),(2091,43,'1440672316','/',0,'2015-08-27 17:48:34','115.77.79.79'),(2092,43,'1440672316','/',0,'2015-08-27 17:48:51','115.77.79.79'),(2093,43,'1440672316','/phan-mem/creo-c26-s2-l0-a0.html',0,'2015-08-27 17:48:53','115.77.79.79'),(2094,43,'1440672316','/video/51-extrude-in-creo30.html',0,'2015-08-27 17:49:19','115.77.79.79'),(2095,0,'1440673751','/',0,'2015-08-27 18:09:12','116.106.210.177'),(2096,0,'1440673751','/video/51-extrude-in-creo30.html',0,'2015-08-27 18:09:19','116.106.210.177'),(2097,0,'1440673751','/video/51-extrude-in-creo30.html',0,'2015-08-27 18:09:47','116.106.210.177'),(2098,43,'1440673985','/',0,'2015-08-27 18:13:16','116.106.210.177'),(2099,43,'1440673985','/video/51-extrude-in-creo30.html',0,'2015-08-27 18:13:32','116.106.210.177'),(2100,43,'1440674804','/',0,'2015-08-27 18:27:55','116.106.210.177'),(2101,43,'1440674804','/video/46-gioi-thieu-ve-autodesk-inventor-professional-2015.html',0,'2015-08-27 18:28:20','116.106.210.177'),(2102,43,'1440674804','/video/50-bai-1-gioi-thieu-ve-giao-dien-cua-autodesk-inventor-professional-2015.html',0,'2015-08-27 18:28:52','116.106.210.177'),(2103,43,'1440674804','/',0,'2015-08-27 18:30:47','116.106.210.177'),(2104,43,'1440674804','/video/49-2-giao-dien-va-thao-tac-chuot-tren-solidworks.html',0,'2015-08-27 18:31:04','116.106.210.177'),(2105,43,'1440675177','/cad-c1-s0-l0-a0.html',0,'2015-08-27 18:33:01','116.106.210.177'),(2106,43,'1440675177','/video/51-extrude-in-creo30.html',0,'2015-08-27 18:33:20','116.106.210.177'),(2107,43,'1440675177','/',0,'2015-08-27 18:35:50','116.106.210.177'),(2108,43,'1440675177','/video/51-extrude-in-creo30.html',0,'2015-08-27 18:36:08','116.106.210.177'),(2109,43,'1440675177','/',0,'2015-08-27 18:36:15','116.106.210.177'),(2110,43,'1440675177','/video/51-extrude-in-creo30.html',0,'2015-08-27 18:36:20','116.106.210.177'),(2111,43,'1440675177','/video/51-extrude-in-creo30.html',0,'2015-08-27 18:37:19','116.106.210.177'),(2112,43,'1440680019','/',0,'2015-08-27 19:53:40','116.106.210.177'),(2113,43,'1440680019','/video/51-extrude-in-creo30.html',0,'2015-08-27 19:53:53','116.106.210.177'),(2114,43,'1440680019','/',0,'2015-08-27 19:57:22','116.106.210.177'),(2115,43,'1440680019','/video/51-extrude-in-creo30.html',0,'2015-08-27 19:57:26','116.106.210.177'),(2116,43,'1440680019','/',0,'2015-08-27 19:57:42','116.106.210.177'),(2117,0,'1440681325','/',0,'2015-08-27 20:15:28','116.106.145.16'),(2118,0,'1440681325','/auth/login',0,'2015-08-27 20:15:33','116.106.145.16'),(2119,0,'1440681325','/auth/login',0,'2015-08-27 20:15:44','116.106.145.16'),(2120,0,'1440681325','/auth/login',0,'2015-08-27 20:15:58','116.106.145.16'),(2121,32,'1440681325','/',0,'2015-08-27 20:16:06','116.106.145.16'),(2122,32,'1440681325','/',0,'2015-08-27 20:16:33','116.106.145.16'),(2123,32,'1440681325','/auth/create_user/',0,'2015-08-27 20:17:57','116.106.145.16'),(2124,32,'1440681325','/',0,'2015-08-27 20:18:00','116.106.145.16'),(2125,32,'1440681325','/user/news/51',0,'2015-08-27 20:18:30','116.106.145.16'),(2126,32,'1440681325','/',0,'2015-08-27 20:18:38','116.106.145.16'),(2127,32,'1440681325','/video/51-extrude-in-creo30.html',0,'2015-08-27 20:18:44','116.106.145.16'),(2128,32,'1440681325','/',0,'2015-08-27 20:19:15','116.106.145.16'),(2129,32,'1440681325','/video/47-1-gioi-thieu-khoa-hoc-solidworks-2015.html',0,'2015-08-27 20:19:22','116.106.145.16'),(2130,32,'1440681325','/',0,'2015-08-27 20:19:44','116.106.145.16'),(2131,32,'1440681325','/video/51-extrude-in-creo30.html',0,'2015-08-27 20:20:03','116.106.145.16'),(2132,32,'1440682018','/',0,'2015-08-27 20:26:58','116.106.145.16'),(2133,32,'1440682018','/video/47-1-gioi-thieu-khoa-hoc-solidworks-2015.html',0,'2015-08-27 20:27:02','116.106.145.16'),(2134,32,'1440682018','/video/49-2-giao-dien-va-thao-tac-chuot-tren-solidworks.html',0,'2015-08-27 20:29:08','116.106.145.16'),(2135,32,'1440682018','/video/47-1-gioi-thieu-khoa-hoc-solidworks-2015.html',0,'2015-08-27 20:30:44','116.106.145.16'),(2136,32,'1440682018','/',0,'2015-08-27 20:31:32','116.106.145.16'),(2137,32,'1440682018','/phan-mem/inventor-c26-s5-l0-a0.html',0,'2015-08-27 20:31:36','116.106.145.16'),(2138,32,'1440682018','/',0,'2015-08-27 20:31:40','116.106.145.16'),(2139,32,'1440682018','/phan-mem/orthers-c26-s10-l0-a0.html',0,'2015-08-27 20:31:43','116.106.145.16'),(2140,32,'1440682018','/video/44-gioi-thieu-ve-3ctuts.html',0,'2015-08-27 20:31:45','116.106.145.16'),(2141,32,'1440682373','/phan-mem/orthers-c26-s10-l0-a0.html',0,'2015-08-27 20:32:54','116.106.145.16'),(2142,32,'1440682373','/',0,'2015-08-27 20:32:58','116.106.145.16'),(2143,32,'1440682373','/phan-mem/inventor-c26-s5-l0-a0.html',0,'2015-08-27 20:33:01','116.106.145.16'),(2144,32,'1440682373','/video/50-bai-1-gioi-thieu-ve-giao-dien-cua-autodesk-inventor-professional-2015.html',0,'2015-08-27 20:33:05','116.106.145.16'),(2145,0,'1440683075','/',0,'2015-08-27 20:44:37','171.248.43.131'),(2146,0,'1440683075','/phan-mem/soildwork-c26-s3-l0-a0.html',0,'2015-08-27 20:44:41','171.248.43.131'),(2147,32,'1440683103','/',0,'2015-08-27 20:45:03','116.106.145.16'),(2148,0,'1440683075','/',0,'2015-08-27 20:45:09','171.248.43.131'),(2149,0,'1440683075','/phan-mem/creo-c26-s2-l0-a0.html',0,'2015-08-27 20:45:12','171.248.43.131'),(2150,32,'1440683103','/',0,'2015-08-27 20:45:55','116.106.145.16'),(2151,0,'1440683075','/',0,'2015-08-27 20:46:09','171.248.43.131'),(2152,32,'1440683435','/user/news/46',0,'2015-08-27 20:50:36','116.106.145.16'),(2153,32,'1440683435','/user/news/49',0,'2015-08-27 20:50:58','116.106.145.16'),(2154,32,'1440683435','/user/news/46',0,'2015-08-27 20:51:38','116.106.145.16'),(2155,0,'1440684890','/video/49-2-giao-dien-va-thao-tac-chuot-tren-solidworks.html',0,'2015-08-27 21:14:53','171.248.43.131'),(2156,32,'1440685123','/',0,'2015-08-27 21:18:46','116.100.55.105'),(2157,0,'1440685141','/',0,'2015-08-27 21:19:02','116.100.55.105'),(2158,0,'1440685141','/dang-nhap',0,'2015-08-27 21:19:04','116.100.55.105'),(2159,46,'1440685141','/',0,'2015-08-27 21:19:20','116.100.55.105'),(2160,46,'1440685141','/edit-user-46.html',0,'2015-08-27 21:19:35','116.100.55.105'),(2161,0,'1440684890','/cad-c1-s0-l0-a0.html',0,'2015-08-27 21:19:46','171.248.43.131'),(2162,46,'1440685141','/',0,'2015-08-27 21:19:47','116.100.55.105'),(2163,46,'1440685141','/phan-mem/creo-c26-s2-l0-a0.html',0,'2015-08-27 21:19:53','116.100.55.105'),(2164,46,'1440685141','/video/51-extrude-in-creo30.html',0,'2015-08-27 21:19:58','116.100.55.105'),(2165,46,'1440685485','/',0,'2015-08-27 21:24:46','116.100.55.105'),(2166,46,'1440685485','/',0,'2015-08-27 21:24:47','116.100.55.105'),(2167,46,'1440685485','/phan-mem/soildwork-c26-s3-l0-a0.html',0,'2015-08-27 21:24:49','116.100.55.105'),(2168,46,'1440685485','/video/49-2-giao-dien-va-thao-tac-chuot-tren-solidworks.html',0,'2015-08-27 21:24:52','116.100.55.105'),(2169,46,'1440685485','/video/47-1-gioi-thieu-khoa-hoc-solidworks-2015.html',0,'2015-08-27 21:24:59','116.100.55.105'),(2170,46,'1440685485','/video/49-2-giao-dien-va-thao-tac-chuot-tren-solidworks.html',0,'2015-08-27 21:28:38','116.100.55.105'),(2171,46,'1440686058','/',0,'2015-08-27 21:34:18','116.100.55.105'),(2172,46,'1440686058','/phan-mem/orthers-c26-s10-l0-a0.html',0,'2015-08-27 21:34:25','116.100.55.105'),(2173,46,'1440686058','/video/44-gioi-thieu-ve-3ctuts.html',0,'2015-08-27 21:34:39','116.100.55.105'),(2174,46,'1440686058','/video/44-gioi-thieu-ve-3ctuts.html',0,'2015-08-27 21:35:00','116.100.55.105'),(2175,46,'1440686058','/',0,'2015-08-27 21:35:41','116.100.55.105'),(2176,46,'1440686058','/phan-mem/inventor-c26-s5-l0-a0.html',0,'2015-08-27 21:35:46','116.100.55.105'),(2177,46,'1440686058','/video/46-gioi-thieu-ve-autodesk-inventor-professional-2015.html',0,'2015-08-27 21:35:52','116.100.55.105'),(2178,46,'1440686058','/video/50-bai-1-gioi-thieu-ve-giao-dien-cua-autodesk-inventor-professional-2015.html',0,'2015-08-27 21:38:03','116.100.55.105'),(2179,46,'1440686690','/',0,'2015-08-27 21:44:51','116.100.55.105'),(2180,46,'1440686690','/phan-mem/creo-c26-s2-l0-a0.html',0,'2015-08-27 21:44:58','116.100.55.105'),(2181,46,'1440686690','/video/51-extrude-in-creo30.html',0,'2015-08-27 21:45:04','116.100.55.105'),(2182,46,'1440686690','/',0,'2015-08-27 21:45:40','116.100.55.105'),(2183,46,'1440686690','/phan-mem/creo-c26-s2-l0-a0.html',0,'2015-08-27 21:45:46','116.100.55.105'),(2184,46,'1440686690','/video/51-extrude-in-creo30.html',0,'2015-08-27 21:45:50','116.100.55.105'),(2185,46,'1440686690','/phan-mem/creo-c26-s2-l0-a0.html',0,'2015-08-27 21:48:18','116.100.55.105'),(2186,46,'1440686690','/',0,'2015-08-27 21:48:22','116.100.55.105'),(2187,46,'1440687043','/',0,'2015-08-27 21:50:44','116.100.55.105'),(2188,0,'1440687271','/',0,'2015-08-27 21:54:31','116.100.55.105'),(2189,0,'1440687271','/',0,'2015-08-27 21:54:44','116.100.55.105'),(2190,0,'1440687271','/',0,'2015-08-27 21:54:51','116.100.55.105'),(2191,0,'1440687271','/',0,'2015-08-27 21:56:10','116.100.55.105'),(2192,43,'1440687458','/',0,'2015-08-27 21:57:39','116.106.210.177'),(2193,43,'1440687458','/video/51-extrude-in-creo30.html',0,'2015-08-27 21:57:46','116.106.210.177'),(2194,43,'1440687458','/video/51-extrude-in-creo30.html',0,'2015-08-27 21:58:28','116.106.210.177'),(2195,43,'1440687458','/',0,'2015-08-27 22:00:54','116.106.210.177'),(2196,43,'1440687835','/phan-mem/orthers-c26-s10-l0-a0.html',0,'2015-08-27 22:03:56','116.106.210.177'),(2197,43,'1440687835','/video/44-gioi-thieu-ve-3ctuts.html',0,'2015-08-27 22:03:58','116.106.210.177'),(2198,43,'1440687835','/',0,'2015-08-27 22:04:58','116.106.210.177'),(2199,0,'1440688347','/',0,'2015-08-27 22:12:31','14.168.112.205'),(2200,0,'1440688347','/phan-mem/inventor-c26-s5-l0-a0.html',0,'2015-08-27 22:12:37','14.168.112.205'),(2201,43,'1440689443','/',0,'2015-08-27 22:30:44','116.106.210.177'),(2202,0,'1440690714','/',0,'2015-08-27 22:51:55','116.100.55.105'),(2203,0,'1440690714','/phan-mem/orthers-c26-s10-l0-a0.html',0,'2015-08-27 22:52:19','116.100.55.105'),(2204,0,'1440690714','/video/44-gioi-thieu-ve-3ctuts.html',0,'2015-08-27 22:52:22','116.100.55.105'),(2205,0,'1440690714','/phan-mem/orthers-c26-s10-l0-a0.html',0,'2015-08-27 22:52:34','116.100.55.105'),(2206,0,'1440690714','/',0,'2015-08-27 22:52:42','116.100.55.105'),(2207,0,'1440690714','/phan-mem/soildwork-c26-s3-l0-a0.html',0,'2015-08-27 22:52:49','116.100.55.105'),(2208,0,'1440690714','/video/47-1-gioi-thieu-khoa-hoc-solidworks-2015.html',0,'2015-08-27 22:52:55','116.100.55.105'),(2209,0,'1440690714','/phan-mem/soildwork-c26-s3-l0-a0.html',0,'2015-08-27 22:54:21','116.100.55.105'),(2210,0,'1440690714','/',0,'2015-08-27 22:54:41','116.100.55.105'),(2211,0,'1440690714','/phan-mem/inventor-c26-s5-l0-a0.html',0,'2015-08-27 22:54:45','116.100.55.105'),(2212,0,'1440690714','/video/50-bai-1-gioi-thieu-ve-giao-dien-cua-autodesk-inventor-professional-2015.html',0,'2015-08-27 22:54:49','116.100.55.105'),(2213,0,'1440690714','/phan-mem/inventor-c26-s5-l0-a0.html',0,'2015-08-27 22:55:21','116.100.55.105'),(2214,0,'1440690714','/video/50-bai-1-gioi-thieu-ve-giao-dien-cua-autodesk-inventor-professional-2015.html',0,'2015-08-27 22:55:24','116.100.55.105'),(2215,0,'1440690714','/phan-mem/inventor-c26-s5-l0-a0.html',0,'2015-08-27 22:55:30','116.100.55.105'),(2216,0,'1440690714','/video/50-bai-1-gioi-thieu-ve-giao-dien-cua-autodesk-inventor-professional-2015.html',0,'2015-08-27 22:55:31','116.100.55.105'),(2217,0,'1440690714','/phan-mem/inventor-c26-s5-l0-a0.html',0,'2015-08-27 22:55:37','116.100.55.105'),(2218,0,'1440690714','/video/50-bai-1-gioi-thieu-ve-giao-dien-cua-autodesk-inventor-professional-2015.html',0,'2015-08-27 22:55:39','116.100.55.105'),(2219,0,'1440690714','/phan-mem/inventor-c26-s5-l0-a0.html',0,'2015-08-27 22:55:44','116.100.55.105'),(2220,0,'1440690714','/video/50-bai-1-gioi-thieu-ve-giao-dien-cua-autodesk-inventor-professional-2015.html',0,'2015-08-27 22:55:46','116.100.55.105'),(2221,0,'1440690714','/phan-mem/inventor-c26-s5-l0-a0.html',0,'2015-08-27 22:55:54','116.100.55.105'),(2222,0,'1440690714','/video/50-bai-1-gioi-thieu-ve-giao-dien-cua-autodesk-inventor-professional-2015.html',0,'2015-08-27 22:55:56','116.100.55.105'),(2223,0,'1440690714','/phan-mem/inventor-c26-s5-l0-a0.html',0,'2015-08-27 22:56:02','116.100.55.105'),(2224,0,'1440690714','/video/50-bai-1-gioi-thieu-ve-giao-dien-cua-autodesk-inventor-professional-2015.html',0,'2015-08-27 22:56:04','116.100.55.105'),(2225,0,'1440690714','/phan-mem/inventor-c26-s5-l0-a0.html',0,'2015-08-27 22:56:09','116.100.55.105'),(2226,0,'1440690714','/video/50-bai-1-gioi-thieu-ve-giao-dien-cua-autodesk-inventor-professional-2015.html',0,'2015-08-27 22:56:12','116.100.55.105'),(2227,0,'1440690714','/phan-mem/inventor-c26-s5-l0-a0.html',0,'2015-08-27 22:56:16','116.100.55.105'),(2228,0,'1440690714','/video/50-bai-1-gioi-thieu-ve-giao-dien-cua-autodesk-inventor-professional-2015.html',0,'2015-08-27 22:56:18','116.100.55.105'),(2229,0,'1440690714','/phan-mem/inventor-c26-s5-l0-a0.html',0,'2015-08-27 22:56:24','116.100.55.105'),(2230,0,'1440690714','/video/50-bai-1-gioi-thieu-ve-giao-dien-cua-autodesk-inventor-professional-2015.html',0,'2015-08-27 22:56:30','116.100.55.105'),(2231,0,'1440690714','/phan-mem/inventor-c26-s5-l0-a0.html',0,'2015-08-27 22:56:39','116.100.55.105'),(2232,0,'1440690714','/video/50-bai-1-gioi-thieu-ve-giao-dien-cua-autodesk-inventor-professional-2015.html',0,'2015-08-27 22:56:40','116.100.55.105'),(2233,0,'1440690714','/phan-mem/inventor-c26-s5-l0-a0.html',0,'2015-08-27 22:56:46','116.100.55.105'),(2234,0,'1440691025','/video/50-bai-1-gioi-thieu-ve-giao-dien-cua-autodesk-inventor-professional-2015.html',0,'2015-08-27 22:57:05','116.100.55.105'),(2235,0,'1440691025','/phan-mem/inventor-c26-s5-l0-a0.html',0,'2015-08-27 22:57:17','116.100.55.105'),(2236,0,'1440691025','/video/50-bai-1-gioi-thieu-ve-giao-dien-cua-autodesk-inventor-professional-2015.html',0,'2015-08-27 22:57:24','116.100.55.105'),(2237,0,'1440691025','/phan-mem/inventor-c26-s5-l0-a0.html',0,'2015-08-27 22:57:33','116.100.55.105'),(2238,0,'1440691025','/',0,'2015-08-27 22:58:00','116.100.55.105'),(2239,0,'1440691025','/phan-mem/inventor-c26-s5-l0-a0.html',0,'2015-08-27 22:58:08','116.100.55.105'),(2240,0,'1440691025','/',0,'2015-08-27 22:58:12','116.100.55.105'),(2241,0,'1440691025','/phan-mem/inventor-c26-s5-l0-a0.html',0,'2015-08-27 22:58:21','116.100.55.105'),(2242,0,'1440691025','/phan-mem/inventor-c26-s5-l0-a0.html',0,'2015-08-27 22:58:58','116.100.55.105'),(2243,0,'1440692507','/phan-mem/inventor-c26-s5-l0-a0.html',0,'2015-08-27 23:21:48','116.100.55.105'),(2244,0,'1440692507','/',0,'2015-08-27 23:22:19','116.100.55.105'),(2245,0,'1440692507','/phan-mem/orthers-c26-s10-l0-a0.html',0,'2015-08-27 23:22:45','116.100.55.105'),(2246,0,'1440692507','/',0,'2015-08-27 23:22:53','116.100.55.105'),(2247,0,'1440692507','/',0,'2015-08-27 23:23:21','116.100.55.105'),(2248,43,'1440694507','/',0,'2015-08-27 23:55:08','116.106.210.177'),(2249,43,'1440694507','/video/51-extrude-in-creo30.html',0,'2015-08-27 23:55:14','116.106.210.177'),(2250,43,'1440695185','/',0,'2015-08-28 00:06:26','116.106.210.177'),(2251,0,'1443403297','/',0,'2015-09-28 08:21:40','171.250.25.76'),(2252,0,'1443403297','/dang-nhap',0,'2015-09-28 08:21:59','171.250.25.76'),(2253,0,'1443403297','/',0,'2015-09-28 08:22:02','171.250.25.76'),(2254,0,'1443403297','/',0,'2015-09-28 08:22:18','171.250.25.76'),(2255,0,'1443403384','/',0,'2015-09-28 08:23:05','116.100.66.86'),(2256,0,'1443403297','/video/51-extrude-in-creo30.html',0,'2015-09-28 08:23:18','171.250.25.76'),(2257,0,'1443403384','/phan-mem/inventor-c0-s5-l0-a0.html',0,'2015-09-28 08:23:32','116.100.66.86'),(2258,0,'1443403297','/cad-c1-s0-l0-a0.html',0,'2015-09-28 08:23:32','171.250.25.76'),(2259,0,'1443403384','/',0,'2015-09-28 08:23:58','116.100.66.86'),(2260,0,'1443403384','/phan-mem/inventor-c0-s5-l0-a0.html',0,'2015-09-28 08:24:00','116.100.66.86'),(2261,0,'1443403445','/',0,'2015-09-28 08:24:21','116.100.66.86'),(2262,0,'1443403384','/',0,'2015-09-28 08:25:24','116.100.66.86'),(2263,0,'1443403297','/cad-c1-s0-l0-a0.html',0,'2015-09-28 08:26:03','171.250.25.76'),(2264,0,'1443403297','/',0,'2015-09-28 08:26:09','171.250.25.76'),(2265,0,'1443403692','/',0,'2015-09-28 08:28:13','116.100.66.86'),(2266,0,'1443403692','/phan-mem/inventor-c0-s5-l0-a0.html',0,'2015-09-28 08:28:19','116.100.66.86'),(2267,0,'1443403445','/',0,'2015-09-28 08:28:31','116.100.66.86'),(2268,0,'1443403692','/video/88-bai-81-kim-loai-tam-sheet-metal.html',0,'2015-09-28 08:28:36','116.100.66.86'),(2269,0,'1443403969','/phan-mem/inventor-c0-s5-l0-a0.html',0,'2015-09-28 08:32:50','116.100.66.86'),(2270,0,'1443404403','/',0,'2015-09-28 08:40:04','171.250.25.76'),(2271,0,'1443404515','/',0,'2015-09-28 08:41:56','116.100.66.86'),(2272,0,'1443404515','/',0,'2015-09-28 08:42:16','116.100.66.86'),(2273,0,'1443404515','/phan-mem/creo-c0-s2-l0-a0.html',0,'2015-09-28 08:42:20','116.100.66.86'),(2274,0,'1443404933','/',0,'2015-09-28 08:48:55','116.100.66.86'),(2275,0,'1443404933','/phan-mem/inventor-c0-s5-l0-a0.html',0,'2015-09-28 08:49:04','116.100.66.86'),(2276,0,'1443404933','/',0,'2015-09-28 08:52:35','116.100.66.86'),(2277,0,'1443404933','/phan-mem/soildwork-c0-s3-l0-a0.html',0,'2015-09-28 08:53:52','116.100.66.86'),(2278,0,'1443405291','/phan-mem/tong-hop-c0-s0-l0-a0.html',0,'2015-09-28 08:54:52','116.100.66.86'),(2279,0,'1443405291','/phan-mem/tong-hop-c0-s0-l0-a0.html',0,'2015-09-28 08:55:03','116.100.66.86'),(2280,0,'1443405291','/',0,'2015-09-28 08:55:05','116.100.66.86'),(2281,0,'1443405371','/',0,'2015-09-28 08:56:13','116.100.66.86'),(2282,0,'1443406503','/',0,'2015-09-28 09:15:18','116.100.66.86'),(2283,0,'1443406503','/',0,'2015-09-28 09:15:31','116.100.66.86'),(2284,0,'1443406503','/phan-mem/inventor-c0-s5-l0-a0.html',0,'2015-09-28 09:15:39','116.100.66.86'),(2285,0,'1443406503','/',0,'2015-09-28 09:16:07','116.100.66.86'),(2286,0,'1443406503','/',0,'2015-09-28 09:16:30','116.100.66.86'),(2287,0,'1443406503','/phan-mem/creo-c0-s2-l0-a0.html',0,'2015-09-28 09:16:35','116.100.66.86'),(2288,0,'1443406503','/video/86-bai-25-creating-holes-in-creo30.html',0,'2015-09-28 09:16:42','116.100.66.86'),(2289,0,'1443406878','/',0,'2015-09-28 09:21:20','115.79.47.191'),(2290,0,'1443407075','/',0,'2015-09-28 09:24:36','116.100.66.86'),(2291,0,'1443407075','/',0,'2015-09-28 09:24:51','116.100.66.86'),(2292,0,'1443406878','/',0,'2015-09-28 09:25:18','115.79.47.191'),(2293,0,'1443407402','/phan-mem/orthers-c0-s10-l0-a0.html',0,'2015-09-28 09:30:03','115.79.47.191'),(2294,0,'1443407402','/video/79-bai-71-xay-dung-ban-ve-2-chieu.html',0,'2015-09-28 09:30:14','115.79.47.191'),(2295,0,'1443411473','/',0,'2015-09-28 10:38:00','116.100.66.86'),(2296,0,'1443411591','/',0,'2015-09-28 10:39:53','116.100.66.86'),(2297,0,'1443412463','/',0,'2015-09-28 10:54:24','116.100.66.86'),(2298,0,'1443412463','/',0,'2015-09-28 10:56:36','116.100.66.86'),(2299,0,'1443412463','/dang-nhap',0,'2015-09-28 10:56:47','116.100.66.86'),(2300,48,'1443412463','/',0,'2015-09-28 10:58:27','116.100.66.86'),(2301,48,'1443412463','/create-video.html',0,'2015-09-28 10:58:33','116.100.66.86'),(2302,0,'1443413797','/',0,'2015-09-28 11:16:38','116.100.66.86'),(2303,0,'1443416739','/',0,'2015-09-28 12:05:41','116.100.66.86'),(2304,0,'1443416772','/',0,'2015-09-28 12:06:17','115.79.53.216'),(2305,0,'1443416772','/dang-nhap',0,'2015-09-28 12:06:38','115.79.53.216'),(2306,0,'1443416772','/auth/login',0,'2015-09-28 12:07:21','115.79.53.216'),(2307,0,'1443416772','/auth/login',0,'2015-09-28 12:07:31','115.79.53.216'),(2308,0,'1443417111','/',0,'2015-09-28 12:11:53','42.119.195.72'),(2309,0,'1443417111','/phan-mem/soildwork-c0-s3-l0-a0.html',0,'2015-09-28 12:12:26','42.119.195.72'),(2310,0,'1443417111','/video/47-1-gioi-thieu-khoa-hoc-solidworks-2015.html',0,'2015-09-28 12:12:34','42.119.195.72'),(2311,0,'1443417111','/video/47-1-gioi-thieu-khoa-hoc-solidworks-2015.html',0,'2015-09-28 12:13:58','42.119.195.72'),(2312,0,'1443417111','/dang-nhap',0,'2015-09-28 12:15:27','42.119.195.72'),(2313,0,'1443417111','/auth/login',0,'2015-09-28 12:15:41','42.119.195.72'),(2314,0,'1443417111','/auth/login',0,'2015-09-28 12:16:02','42.119.195.72'),(2315,0,'1443417111','/auth/login',0,'2015-09-28 12:16:25','42.119.195.72'),(2316,0,'1443417111','/',0,'2015-09-28 12:16:30','42.119.195.72'),(2317,0,'1443417111','/dang-nhap',0,'2015-09-28 12:16:32','42.119.195.72'),(2318,0,'1443417456','/auth/forgot_password',0,'2015-09-28 12:17:37','42.119.195.72'),(2319,0,'1443417456','/auth/forgot_password',0,'2015-09-28 12:17:53','42.119.195.72'),(2320,0,'1443417456','/auth/forgot_password',0,'2015-09-28 12:18:03','42.119.195.72'),(2321,0,'1443417456','/auth/forgot_password',0,'2015-09-28 12:18:09','42.119.195.72'),(2322,0,'1443417456','/',0,'2015-09-28 12:18:21','42.119.195.72'),(2323,0,'1443417456','/phan-mem/soildwork-c0-s3-l0-a0.html',0,'2015-09-28 12:18:24','42.119.195.72'),(2324,0,'1443417456','/video/49-2-giao-dien-va-thao-tac-chuot-tren-solidworks.html',0,'2015-09-28 12:18:26','42.119.195.72'),(2325,0,'1443417633','/',0,'2015-09-28 12:20:36','116.100.66.86'),(2326,0,'1443417633','/',0,'2015-09-28 12:23:50','116.100.66.86'),(2327,0,'1443417633','/phan-mem/inventor-c0-s5-l0-a0.html',0,'2015-09-28 12:23:57','116.100.66.86'),(2328,0,'1443418252','/',0,'2015-09-28 12:30:54','116.100.66.86'),(2329,0,'1443419194','/',0,'2015-09-28 12:46:37','116.100.66.86'),(2330,0,'1443419194','/dang-nhap',0,'2015-09-28 12:46:40','116.100.66.86'),(2331,0,'1443420743','/',0,'2015-09-28 13:12:26','116.100.66.86'),(2332,0,'1443420743','/',0,'2015-09-28 13:12:32','116.100.66.86'),(2333,0,'1443420743','/dang-nhap',0,'2015-09-28 13:12:34','116.100.66.86'),(2334,48,'1443420743','/',0,'2015-09-28 13:13:03','116.100.66.86'),(2335,48,'1443420743','/create-video.html',0,'2015-09-28 13:13:13','116.100.66.86'),(2336,0,'1443420928','/',0,'2015-09-28 13:15:30','116.100.66.86'),(2337,0,'1443420928','/phan-mem/creo-c0-s2-l0-a0.html',0,'2015-09-28 13:15:36','116.100.66.86'),(2338,0,'1443421913','/',0,'2015-09-28 13:31:58','116.106.220.96'),(2339,0,'1443423403','/',0,'2015-09-28 13:56:45','116.106.220.96'),(2340,0,'1443423403','/dang-nhap',0,'2015-09-28 13:58:17','116.106.220.96'),(2341,0,'1443423784','/auth/login',0,'2015-09-28 14:03:06','116.106.220.96'),(2342,0,'1443423784','/auth/login',0,'2015-09-28 14:03:27','116.106.220.96'),(2343,0,'1443423784','/auth/login',0,'2015-09-28 14:03:41','116.106.220.96'),(2344,0,'1443423821','/',0,'2015-09-28 14:03:45','14.168.115.199'),(2345,0,'1443423821','/phan-mem/creo-c0-s2-l0-a0.html',0,'2015-09-28 14:03:49','14.168.115.199'),(2346,0,'1443424596','/',0,'2015-09-28 14:16:38','116.100.66.86'),(2347,0,'1443424596','/dang-nhap',0,'2015-09-28 14:16:40','116.100.66.86'),(2348,48,'1443424596','/',0,'2015-09-28 14:16:51','116.100.66.86'),(2349,48,'1443424596','/create-video.html',0,'2015-09-28 14:16:57','116.100.66.86'),(2350,0,'1443427183','/',0,'2015-09-28 14:59:45','14.168.115.199'),(2351,0,'1443427249','/',0,'2015-09-28 15:00:50','14.169.244.81'),(2352,0,'1443427249','/cad/lap-rap-c15-s0-l0-a0.html',0,'2015-09-28 15:01:28','14.169.244.81'),(2353,0,'1443427249','/cam/lap-trinh-phay-c18-s0-l0-a0.html',0,'2015-09-28 15:01:35','14.169.244.81'),(2354,0,'1443427249','/',0,'2015-09-28 15:01:47','14.169.244.81'),(2355,0,'1443427249','/phan-mem/inventor-c0-s5-l0-a0.html',0,'2015-09-28 15:01:48','14.169.244.81'),(2356,0,'1443427249','/video/46-gioi-thieu-ve-autodesk-inventor-professional-2015.html',0,'2015-09-28 15:01:52','14.169.244.81'),(2357,0,'1443427249','/',0,'2015-09-28 15:01:58','14.169.244.81'),(2358,0,'1443427249','/cad-c1-s0-l0-a0.html',0,'2015-09-28 15:02:20','14.169.244.81'),(2359,0,'1443427249','/video/61-bai-32-cac-phuong-phap-tao-hinh-co-ban.html',0,'2015-09-28 15:02:54','14.169.244.81'),(2360,0,'1443427249','/video/89-bai-82-kim-loai-tam.html',0,'2015-09-28 15:03:47','14.169.244.81'),(2361,0,'1443427249','/video/46-gioi-thieu-ve-autodesk-inventor-professional-2015.html',0,'2015-09-28 15:04:20','14.169.244.81'),(2362,0,'1443427249','/',0,'2015-09-28 15:04:47','14.169.244.81'),(2363,0,'1443427597','/',0,'2015-09-28 15:06:39','14.169.244.81'),(2364,0,'1443427997','/phan-mem/inventor-c0-s5-l0-a0.html',0,'2015-09-28 15:13:17','14.169.244.81'),(2365,0,'1443427997','/video/50-bai-1-gioi-thieu-ve-giao-dien-cua-autodesk-inventor-professional-2015.html',0,'2015-09-28 15:13:21','14.169.244.81'),(2366,0,'1443428973','/',0,'2015-09-28 15:29:33','14.169.244.81'),(2367,0,'1443429573','/phan-mem/autocad-c0-s1-l0-a0.html',0,'2015-09-28 15:39:34','14.169.244.81'),(2368,0,'1443429902','/cam/lap-trinh-phay-c18-s0-l0-a0.html',0,'2015-09-28 15:45:02','14.169.244.81'),(2369,48,'1443430281','/',0,'2015-09-28 15:51:23','116.100.66.86'),(2370,48,'1443430281','/create-video.html',0,'2015-09-28 15:51:26','116.100.66.86'),(2371,0,'1443431551','/',0,'2015-09-28 16:12:32','116.106.220.96'),(2372,0,'1443431551','/dang-nhap',0,'2015-09-28 16:12:36','116.106.220.96'),(2373,0,'1443431551','/auth/login',0,'2015-09-28 16:12:45','116.106.220.96'),(2374,48,'1443431624','/',0,'2015-09-28 16:13:45','116.100.66.86'),(2375,48,'1443431624','/create-video.html',0,'2015-09-28 16:13:50','116.100.66.86'),(2376,0,'1443431551','/dang-nhap',0,'2015-09-28 16:14:09','116.106.220.96'),(2377,0,'1443431551','/auth/login',0,'2015-09-28 16:14:19','116.106.220.96'),(2378,0,'1443431704','/',0,'2015-09-28 16:15:05','115.79.47.191'),(2379,0,'1443431704','/dang-nhap',0,'2015-09-28 16:15:38','115.79.47.191'),(2380,1,'1443431704','/',0,'2015-09-28 16:15:40','115.79.47.191'),(2381,0,'1443431894','/auth/login',0,'2015-09-28 16:18:16','116.106.220.96'),(2382,43,'1443431894','/',0,'2015-09-28 16:19:21','116.106.220.96'),(2383,1,'1443432397','/',0,'2015-09-28 16:26:37','115.79.47.191'),(2384,1,'1443432397','/',0,'2015-09-28 16:30:07','115.79.47.191'),(2385,43,'1443432652','/',0,'2015-09-28 16:30:53','116.106.220.96'),(2386,43,'1443432652','/edit-user-43.html',0,'2015-09-28 16:30:57','116.106.220.96'),(2387,0,'1443432661','/',0,'2015-09-28 16:31:01','116.106.220.96'),(2388,0,'1443432661','/dang-nhap',0,'2015-09-28 16:31:03','116.106.220.96'),(2389,0,'1443432661','/auth/login',0,'2015-09-28 16:31:12','116.106.220.96'),(2390,43,'1443432661','/',0,'2015-09-28 16:31:21','116.106.220.96'),(2391,43,'1443432661','/edit-user-43.html',0,'2015-09-28 16:31:58','116.106.220.96'),(2392,43,'1443432661','/doi-pass-43.html',0,'2015-09-28 16:32:03','116.106.220.96'),(2393,0,'1443432770','/',0,'2015-09-28 16:32:51','14.169.244.81'),(2394,0,'1443433009','/',0,'2015-09-28 16:36:51','116.102.229.179'),(2395,0,'1443439319','/',0,'2015-09-28 18:22:01','1.52.36.102'),(2396,0,'1443439319','/phan-mem/inventor-c0-s5-l0-a0.html',0,'2015-09-28 18:22:21','1.52.36.102'),(2397,0,'1443439319','/video/75-bai-54-phuong-phap-tao-dac-tinh-vi-tri-modify.html',0,'2015-09-28 18:25:19','1.52.36.102'),(2398,0,'1443439658','/phan-mem/inventor-c0-s5-l0-a0.html',0,'2015-09-28 18:27:39','1.52.36.102'),(2399,0,'1443439658','/',0,'2015-09-28 18:27:41','1.52.36.102'),(2400,0,'1443442094','/',0,'2015-09-28 19:08:16','14.169.244.81'),(2401,0,'1443442462','/',0,'2015-09-28 19:14:23','116.106.220.96'),(2402,0,'1443442462','/',0,'2015-09-28 19:14:57','116.106.220.96'),(2403,0,'1443443945','/cad-c1-s0-l0-a0.html',0,'2015-09-28 19:39:06','14.169.244.81'),(2404,0,'1443444945','/',0,'2015-09-28 19:55:46','116.106.220.96'),(2405,0,'1443444945','/phan-mem/inventor-c0-s5-l0-a0.html',0,'2015-09-28 19:55:53','116.106.220.96'),(2406,0,'1443445702','/',0,'2015-09-28 20:08:25','42.119.5.198'),(2407,0,'1443445702','/dang-nhap',0,'2015-09-28 20:08:29','42.119.5.198'),(2408,48,'1443445702','/',0,'2015-09-28 20:08:43','42.119.5.198'),(2409,48,'1443445702','/create-video.html',0,'2015-09-28 20:08:47','42.119.5.198'),(2410,0,'1443452183','/',0,'2015-09-28 21:56:24','42.118.164.103'),(2411,0,'1443452183','/dang-nhap',0,'2015-09-28 21:56:35','42.118.164.103'),(2412,0,'1443452183','/',0,'2015-09-28 21:56:45','42.118.164.103'),(2413,0,'1443452568','/',0,'2015-09-28 22:02:49','116.106.220.96'),(2414,0,'1443452568','/',0,'2015-09-28 22:03:13','116.106.220.96'),(2415,0,'1443454038','/',0,'2015-09-28 22:27:19','42.118.164.103'),(2416,0,'1443454408','/',0,'2015-09-28 22:33:30','42.118.164.103'),(2417,0,'1443454408','/',0,'2015-09-28 22:35:20','42.118.164.103'),(2418,0,'1443456210','/phan-mem/soildwork-c0-s3-l0-a0.html',0,'2015-09-28 23:03:31','42.118.164.103'),(2419,0,'1443456210','/video/47-1-gioi-thieu-khoa-hoc-solidworks-2015.html',0,'2015-09-28 23:03:57','42.118.164.103'),(2420,0,'1443461917','/',0,'2015-09-29 00:38:53','27.77.129.217'),(2421,0,'1443501195','/',0,'2015-09-29 11:33:18','171.249.124.145'),(2422,0,'1443501195','/phan-mem/creo-c0-s2-l0-a0.html',0,'2015-09-29 11:33:35','171.249.124.145'),(2423,0,'1443501195','/video/71-cach-thuc-lam-viec-cua-creo30.html',0,'2015-09-29 11:33:57','171.249.124.145'),(2424,0,'1443511284','/video/55-bai-23-ve-phac-thao-2d-trong-moi-truong-sketch4.html',0,'2015-09-29 14:21:25','118.69.64.201'),(2425,0,'1443528344','/',0,'2015-09-29 19:09:46','113.22.163.229'),(2426,0,'1443528691','/phan-mem/inventor-c0-s5-l0-a0.html',0,'2015-09-29 19:11:32','113.22.163.229'),(2427,0,'1443529231','/video/50-bai-1-gioi-thieu-ve-giao-dien-cua-autodesk-inventor-professional-2015.html',0,'2015-09-29 19:20:34','118.68.180.1'),(2428,0,'1443531403','/',0,'2015-09-29 19:56:45','42.118.164.103'),(2429,0,'1443531804','/',0,'2015-09-29 20:03:45','116.106.220.96'),(2430,0,'1443532300','/',0,'2015-09-29 20:11:41','116.106.220.96'),(2431,0,'1443532300','/dang-nhap',0,'2015-09-29 20:11:43','116.106.220.96'),(2432,43,'1443532300','/',0,'2015-09-29 20:11:50','116.106.220.96'),(2433,43,'1443532300','/user/news/90',0,'2015-09-29 20:12:13','116.106.220.96'),(2434,43,'1443532745','/',0,'2015-09-29 20:19:07','116.106.220.96'),(2435,43,'1443532745','/phan-mem/orthers-c0-s10-l0-a0.html',0,'2015-09-29 20:19:12','116.106.220.96'),(2436,0,'1443532782','/auth/login',0,'2015-09-29 20:19:49','116.106.220.96'),(2437,0,'1443532782','/auth/login',0,'2015-09-29 20:19:58','116.106.220.96'),(2438,0,'1443536479','/',0,'2015-09-29 21:21:21','113.22.163.229'),(2439,0,'1443536479','/phan-mem/inventor-c0-s5-l0-a0.html',0,'2015-09-29 21:21:22','113.22.163.229'),(2440,0,'1443536479','/video/50-bai-1-gioi-thieu-ve-giao-dien-cua-autodesk-inventor-professional-2015.html',0,'2015-09-29 21:21:33','113.22.163.229'),(2441,0,'1443539931','/',0,'2015-09-29 22:19:03','116.102.229.179'),(2442,0,'1443539931','/phan-mem/mastercam-c0-s6-l0-a0.html',0,'2015-09-29 22:22:22','116.102.229.179'),(2443,0,'1443539931','/',0,'2015-09-29 22:22:27','116.102.229.179'),(2444,0,'1443539931','/phan-mem/orthers-c0-s10-l0-a0.html',0,'2015-09-29 22:22:34','116.102.229.179'),(2445,0,'1443539931','/video/90-cac-lenh-ve-co-ban-trong-mastercam.html',0,'2015-09-29 22:22:40','116.102.229.179'),(2446,0,'1443540240','/phan-mem/orthers-c0-s10-l0-a0.html',0,'2015-09-29 22:24:00','116.102.229.179'),(2447,0,'1443541103','/',0,'2015-09-29 22:38:24','116.106.220.96'),(2448,0,'1443541103','/phan-mem/orthers-c0-s10-l0-a0.html',0,'2015-09-29 22:38:27','116.106.220.96'),(2449,0,'1443541103','/video/90-cac-lenh-ve-co-ban-trong-mastercam.html',0,'2015-09-29 22:38:31','116.106.220.96'),(2450,0,'1443541103','/dang-nhap',0,'2015-09-29 22:42:58','116.106.220.96'),(2451,43,'1443541103','/',0,'2015-09-29 22:43:06','116.106.220.96'),(2452,43,'1443541103','/phan-mem/orthers-c0-s10-l0-a0.html',0,'2015-09-29 22:43:11','116.106.220.96'),(2453,43,'1443541103','/video/90-cac-lenh-ve-co-ban-trong-mastercam.html',0,'2015-09-29 22:43:15','116.106.220.96'),(2454,0,'1443541538','/',0,'2015-09-29 22:45:40','42.118.18.31'),(2455,0,'1443541538','/cam-c2-s0-l0-a0.html',0,'2015-09-29 22:46:11','42.118.18.31'),(2456,43,'1443541663','/',0,'2015-09-29 22:47:44','116.106.220.96'),(2457,43,'1443541663','/phan-mem/creo-c0-s2-l0-a0.html',0,'2015-09-29 22:47:52','116.106.220.96'),(2458,43,'1443541663','/',0,'2015-09-29 22:48:27','116.106.220.96'),(2459,0,'1443542831','/video/47-1-gioi-thieu-khoa-hoc-solidworks-2015.html',0,'2015-09-29 23:07:12','42.118.18.31'),(2460,0,'1443542831','/',0,'2015-09-29 23:07:36','42.118.18.31'),(2461,0,'1443542831','/video/86-bai-25-creating-holes-in-creo30.html',0,'2015-09-29 23:07:41','42.118.18.31'),(2462,0,'1443551671','/',0,'2015-09-30 01:34:32','42.118.164.103'),(2463,0,'1443567588','/auth/login',0,'2015-09-30 05:59:50','116.106.220.96'),(2464,0,'1443567588','/',0,'2015-09-30 05:59:53','116.106.220.96'),(2465,0,'1443575037','/video/49-2-giao-dien-va-thao-tac-chuot-tren-solidworks.html',0,'2015-09-30 08:03:59','113.160.131.181'),(2466,0,'1443575085','/',0,'2015-09-30 08:04:50','42.116.48.137'),(2467,0,'1443575085','/phan-mem/orthers-c0-s10-l0-a0.html',0,'2015-09-30 08:04:54','42.116.48.137'),(2468,0,'1443575085','/video/90-cac-lenh-ve-co-ban-trong-mastercam.html',0,'2015-09-30 08:05:00','42.116.48.137'),(2469,0,'1443575085','/dang-nhap',0,'2015-09-30 08:05:11','42.116.48.137'),(2470,43,'1443575085','/',0,'2015-09-30 08:05:22','42.116.48.137'),(2471,43,'1443575085','/phan-mem/orthers-c0-s10-l0-a0.html',0,'2015-09-30 08:05:25','42.116.48.137'),(2472,43,'1443575085','/video/90-cac-lenh-ve-co-ban-trong-mastercam.html',0,'2015-09-30 08:05:29','42.116.48.137'),(2473,0,'1443576699','/',0,'2015-09-30 08:31:41','14.169.129.39'),(2474,43,'1443577421','/',0,'2015-09-30 08:43:55','116.100.66.86'),(2475,0,'1443579579','/cad/autocad-c1-s1-l0-a0.html',0,'2015-09-30 09:19:39','14.169.129.39'),(2476,0,'1443582206','/',0,'2015-09-30 10:03:27','116.100.66.86'),(2477,0,'1443582206','/',0,'2015-09-30 10:04:28','116.100.66.86'),(2478,0,'1443583466','/',0,'2015-09-30 10:24:28','115.79.41.137'),(2479,0,'1443583466','/',0,'2015-09-30 10:24:28','116.100.66.86'),(2480,43,'1443583567','/',0,'2015-09-30 10:26:08','116.100.66.86'),(2481,43,'1443583567','/video/86-bai-25-creating-holes-in-creo30.html',0,'2015-09-30 10:26:24','116.100.66.86'),(2482,0,'1443583466','/phan-mem/creo-c0-s2-l0-a0.html',0,'2015-09-30 10:28:52','115.79.41.137'),(2483,0,'1443583466','/',0,'2015-09-30 10:29:02','115.79.41.137'),(2484,0,'1443583820','/',0,'2015-09-30 10:30:20','115.79.41.137'),(2485,0,'1443583820','/phan-mem/rhinoceros-c0-s9-l0-a0.html',0,'2015-09-30 10:30:44','115.79.41.137'),(2486,0,'1443583820','/phan-mem/rhinoceros-c0-s9-l0-a0.html',0,'2015-09-30 10:31:02','115.79.41.137'),(2487,0,'1443583820','/',0,'2015-09-30 10:31:05','115.79.41.137'),(2488,0,'1443584568','/',0,'2015-09-30 10:42:50','118.69.111.1'),(2489,0,'1443584568','/',0,'2015-09-30 10:47:52','118.69.111.1'),(2490,0,'1443584889','/video/49-2-giao-dien-va-thao-tac-chuot-tren-solidworks.html',0,'2015-09-30 10:48:11','118.69.111.1'),(2491,0,'1443584908','/',0,'2015-09-30 10:48:29','118.69.111.1'),(2492,0,'1443584923','/phan-mem/soildwork-c0-s3-l0-a0.html',0,'2015-09-30 10:48:43','115.79.41.137'),(2493,0,'1443584923','/',0,'2015-09-30 10:48:55','115.79.41.137'),(2494,0,'1443584923','/',0,'2015-09-30 10:49:07','115.79.41.137'),(2495,0,'1443584923','/phan-mem/orthers-c0-s10-l0-a0.html',0,'2015-09-30 10:49:25','115.79.41.137'),(2496,0,'1443584923','/',0,'2015-09-30 10:51:22','115.79.41.137'),(2497,0,'1443585284','/phan-mem/soildwork-c0-s3-l0-a0.html',0,'2015-09-30 10:54:45','115.79.41.137'),(2498,0,'1443585284','/',0,'2015-09-30 10:55:05','115.79.41.137'),(2499,0,'1443585611','/',0,'2015-09-30 11:00:15','42.119.5.198'),(2500,0,'1443585611','/dang-nhap',0,'2015-09-30 11:00:17','42.119.5.198'),(2501,48,'1443585611','/',0,'2015-09-30 11:00:26','42.119.5.198'),(2502,48,'1443585611','/create-video.html',0,'2015-09-30 11:00:33','42.119.5.198'),(2503,0,'1443586482','/',0,'2015-09-30 11:14:43','14.168.115.199'),(2504,0,'1443586482','/phan-mem/orthers-c0-s10-l0-a0.html',0,'2015-09-30 11:14:50','14.168.115.199'),(2505,0,'1443586482','/video/90-cac-lenh-ve-co-ban-trong-mastercam.html',0,'2015-09-30 11:14:55','14.168.115.199'),(2506,0,'1443588524','/',0,'2015-09-30 11:48:45','14.168.115.199'),(2507,0,'1443588524','/phan-mem/inventor-c0-s5-l0-a0.html',0,'2015-09-30 11:48:47','14.168.115.199'),(2508,0,'1443596054','/',0,'2015-09-30 13:54:22','116.106.220.96'),(2509,0,'1443596599','/',0,'2015-09-30 14:03:26','115.79.41.137'),(2510,0,'1443597106','/phan-mem/orthers-c0-s10-l0-a0.html',0,'2015-09-30 14:11:47','115.79.41.137'),(2511,0,'1443597106','/',0,'2015-09-30 14:11:58','115.79.41.137'),(2512,0,'1443597106','/',0,'2015-09-30 14:13:22','115.79.41.137'),(2513,0,'1443597468','/',0,'2015-09-30 14:17:49','115.79.41.137'),(2514,0,'1443598025','/',0,'2015-09-30 14:27:06','115.79.41.137'),(2515,0,'1443599332','/',0,'2015-09-30 14:48:53','116.106.220.96'),(2516,0,'1443601423','/',0,'2015-09-30 15:23:45','42.119.5.198'),(2517,0,'1443601423','/phan-mem/inventor-c0-s5-l0-a0.html',0,'2015-09-30 15:23:51','42.119.5.198'),(2518,0,'1443601423','/',0,'2015-09-30 15:23:54','42.119.5.198'),(2519,0,'1443601423','/phan-mem/creo-c0-s2-l0-a0.html',0,'2015-09-30 15:23:56','42.119.5.198'),(2520,0,'1443604578','/',0,'2015-09-30 16:16:22','116.106.220.96'),(2521,0,'1443613508','/',0,'2015-09-30 18:45:09','116.106.220.96'),(2522,0,'1443613508','/',0,'2015-09-30 18:45:16','116.106.220.96'),(2523,0,'1443616601','/',0,'2015-09-30 19:36:48','42.118.167.102'),(2524,0,'1443616601','/video/84-bai-24-blend-in-creo30.html',0,'2015-09-30 19:36:52','42.118.167.102'),(2525,0,'1443616601','/cad/thiet-ke-3d-c14-s0-l0-a0.html',0,'2015-09-30 19:36:57','42.118.167.102'),(2526,0,'1443618900','/',0,'2015-09-30 20:15:01','116.106.220.96'),(2527,0,'1443619779','/',0,'2015-09-30 20:29:42','116.102.229.179'),(2528,0,'1443624810','/',0,'2015-09-30 21:53:32','116.106.220.96'),(2529,0,'1443624810','/',0,'2015-09-30 21:53:37','116.106.220.96'),(2530,0,'1443624810','/dang-nhap',0,'2015-09-30 21:53:39','116.106.220.96'),(2531,43,'1443624810','/',0,'2015-09-30 21:53:46','116.106.220.96'),(2532,43,'1443628506','/',0,'2015-09-30 22:55:07','116.106.220.96'),(2533,0,'1443663573','/',0,'2015-10-01 08:39:35','118.69.111.1'),(2534,0,'1443665011','/',0,'2015-10-01 09:03:32','14.161.46.204'),(2535,0,'1443665011','/phan-mem/mastercam-c0-s6-l0-a0.html',0,'2015-10-01 09:03:43','14.161.46.204'),(2536,0,'1443665011','/',0,'2015-10-01 09:03:50','14.161.46.204'),(2537,0,'1443665011','/phan-mem/creo-c0-s2-l0-a0.html',0,'2015-10-01 09:03:52','14.161.46.204'),(2538,0,'1443665011','/video/51-extrude-in-creo30.html',0,'2015-10-01 09:03:57','14.161.46.204'),(2539,0,'1443665011','/dang-ki',0,'2015-10-01 09:04:32','14.161.46.204'),(2540,0,'1443665011','/auth/create_user',0,'2015-10-01 09:06:03','14.161.46.204'),(2541,0,'1443665011','/dang-nhap',0,'2015-10-01 09:06:15','14.161.46.204'),(2542,0,'1443665011','/auth/login',0,'2015-10-01 09:06:26','14.161.46.204'),(2543,0,'1443665011','/auth/login',0,'2015-10-01 09:07:14','14.161.46.204'),(2544,53,'1443665011','/',0,'2015-10-01 09:07:23','14.161.46.204'),(2545,53,'1443665011','/phan-mem/mastercam-c0-s6-l0-a0.html',0,'2015-10-01 09:07:28','14.161.46.204'),(2546,53,'1443665011','/',0,'2015-10-01 09:07:31','14.161.46.204'),(2547,53,'1443665011','/phan-mem/creo-c0-s2-l0-a0.html',0,'2015-10-01 09:07:35','14.161.46.204'),(2548,53,'1443665011','/video/51-extrude-in-creo30.html',0,'2015-10-01 09:07:39','14.161.46.204'),(2549,53,'1443665339','/cad-c1-s0-l0-a0.html',0,'2015-10-01 09:09:00','14.161.46.204'),(2550,53,'1443665339','/video/49-2-giao-dien-va-thao-tac-chuot-tren-solidworks.html',0,'2015-10-01 09:09:05','14.161.46.204'),(2551,53,'1443665339','/',0,'2015-10-01 09:11:37','14.161.46.204'),(2552,53,'1443665339','/phan-mem/inventor-c0-s5-l0-a0.html',0,'2015-10-01 09:11:41','14.161.46.204'),(2553,53,'1443665339','/video/50-bai-1-gioi-thieu-ve-giao-dien-cua-autodesk-inventor-professional-2015.html',0,'2015-10-01 09:11:46','14.161.46.204'),(2554,0,'1443665770','/',0,'2015-10-01 09:16:11','14.161.46.204'),(2555,0,'1443665770','/',0,'2015-10-01 09:16:49','14.161.46.204'),(2556,0,'1443665770','/',0,'2015-10-01 09:16:51','14.161.46.204'),(2557,0,'1443665770','/khuon-mau/nx-c4-s4-l0-a0.html',0,'2015-10-01 09:17:48','14.161.46.204'),(2558,0,'1443665770','/',0,'2015-10-01 09:17:56','14.161.46.204'),(2559,0,'1443665770','/phan-mem/creo-c0-s2-l0-a0.html',0,'2015-10-01 09:17:58','14.161.46.204'),(2560,0,'1443665770','/video/86-bai-25-creating-holes-in-creo30.html',0,'2015-10-01 09:18:34','14.161.46.204'),(2561,0,'1443666408','/',0,'2015-10-01 09:26:49','116.102.239.136'),(2562,0,'1443666784','/',0,'2015-10-01 09:33:07','113.174.15.198'),(2563,0,'1443666910','/video/86-bai-25-creating-holes-in-creo30.html',0,'2015-10-01 09:35:10','14.161.46.204'),(2564,0,'1443666910','/',0,'2015-10-01 09:35:13','14.161.46.204'),(2565,0,'1443666910','/phan-mem/orthers-c0-s10-l0-a0.html',0,'2015-10-01 09:35:23','14.161.46.204'),(2566,0,'1443666910','/',0,'2015-10-01 09:35:25','14.161.46.204'),(2567,0,'1443666910','/auth/login',0,'2015-10-01 09:35:54','14.161.46.204'),(2568,0,'1443666910','/auth/login',0,'2015-10-01 09:36:08','14.161.46.204'),(2569,0,'1443666910','/',0,'2015-10-01 09:36:57','14.161.46.204'),(2570,0,'1443667192','/',0,'2015-10-01 09:39:56','14.161.46.204'),(2571,0,'1443667192','/phan-mem/soildwork-c0-s3-l0-a0.html',0,'2015-10-01 09:40:20','14.161.46.204'),(2572,0,'1443667192','/video/47-1-gioi-thieu-khoa-hoc-solidworks-2015.html',0,'2015-10-01 09:40:27','14.161.46.204'),(2573,0,'1443667308','/',0,'2015-10-01 09:41:49','116.102.239.136'),(2574,0,'1443667192','/video/47-1-gioi-thieu-khoa-hoc-solidworks-2015.html',0,'2015-10-01 09:42:18','14.161.46.204'),(2575,0,'1443667192','/video/47-1-gioi-thieu-khoa-hoc-solidworks-2015.html',0,'2015-10-01 09:42:30','14.161.46.204'),(2576,0,'1443667808','/',0,'2015-10-01 09:50:09','116.102.239.136'),(2577,0,'1443668040','/',0,'2015-10-01 09:54:03','14.161.5.219'),(2578,0,'1443668797','/phan-mem/inventor-c0-s5-l0-a0.html',0,'2015-10-01 10:06:38','116.102.239.136'),(2579,0,'1443668797','/phan-mem/tong-hop-c0-s0-l0-a0.html',0,'2015-10-01 10:11:12','116.102.239.136'),(2580,0,'1443668797','/',0,'2015-10-01 10:11:31','116.102.239.136'),(2581,0,'1443669109','/video/84-bai-24-blend-in-creo30.html',0,'2015-10-01 10:11:51','116.102.239.136'),(2582,0,'1443669109','/',0,'2015-10-01 10:12:01','116.102.239.136'),(2583,0,'1443669782','/dang-nhap',0,'2015-10-01 10:23:03','116.102.239.136'),(2584,0,'1443669782','/',0,'2015-10-01 10:23:26','116.102.239.136'),(2585,0,'1443670140','/',0,'2015-10-01 10:29:01','116.102.239.136'),(2586,0,'1443670140','/',0,'2015-10-01 10:30:03','116.102.239.136'),(2587,0,'1443670140','/video/89-bai-82-kim-loai-tam.html',0,'2015-10-01 10:31:31','116.102.239.136'),(2588,0,'1443670478','/video/89-bai-82-kim-loai-tam.html',0,'2015-10-01 10:34:39','116.102.239.136'),(2589,0,'1443670478','/video/89-bai-82-kim-loai-tam.html',0,'2015-10-01 10:34:42','116.102.239.136'),(2590,0,'1443673610','/',0,'2015-10-01 11:26:50','116.102.239.136'),(2591,0,'1443673913','/video/84-bai-24-blend-in-creo30.html',0,'2015-10-01 11:31:54','116.102.239.136'),(2592,0,'1443674236','/',0,'2015-10-01 11:37:17','116.102.239.136'),(2593,0,'1443674841','/video/89-bai-82-kim-loai-tam.html',0,'2015-10-01 11:47:22','116.102.239.136'),(2594,0,'1443675953','/',0,'2015-10-01 12:05:55','116.102.239.136'),(2595,0,'1443675953','/',0,'2015-10-01 12:06:26','116.102.239.136'),(2596,0,'1443686081','/',0,'2015-10-01 14:54:45','116.106.220.96'),(2597,0,'1443689004','/',0,'2015-10-01 15:43:26','116.106.220.96'),(2598,0,'1443689004','/video/89-bai-82-kim-loai-tam.html',0,'2015-10-01 15:43:35','116.106.220.96'),(2599,0,'1443691771','/',0,'2015-10-01 16:29:35','116.102.229.179'),(2600,0,'1443691851','/',0,'2015-10-01 16:30:53','115.79.41.137'),(2601,0,'1443693578','/',0,'2015-10-01 16:59:42','14.161.46.204'),(2602,0,'1443693578','/cad-c1-s0-l0-a0.html',0,'2015-10-01 17:01:57','14.161.46.204'),(2603,0,'1443703955','/',0,'2015-10-01 19:52:37','171.250.29.10'),(2604,0,'1443703964','/',0,'2015-10-01 19:52:46','1.53.27.107'),(2605,0,'1443703955','/phan-mem/autocad-c0-s1-l0-a0.html',0,'2015-10-01 19:52:56','171.250.29.10'),(2606,0,'1443704156','/',0,'2015-10-01 19:55:58','116.102.255.157'),(2607,0,'1443704156','/phan-mem/inventor-c0-s5-l0-a0.html',0,'2015-10-01 19:56:03','116.102.255.157'),(2608,0,'1443704156','/video/89-bai-82-kim-loai-tam.html',0,'2015-10-01 19:56:33','116.102.255.157'),(2609,0,'1443704156','/dang-nhap',0,'2015-10-01 19:57:09','116.102.255.157'),(2610,0,'1443704156','/dang-nhap',0,'2015-10-01 19:57:23','116.102.255.157'),(2611,0,'1443704367','/',0,'2015-10-01 19:59:27','171.250.29.10'),(2612,0,'1443704397','/',0,'2015-10-01 19:59:57','1.53.27.107'),(2613,43,'1443704156','/',0,'2015-10-01 20:00:32','116.102.255.157'),(2614,43,'1443704156','/phan-mem/inventor-c0-s5-l0-a0.html',0,'2015-10-01 20:00:38','116.102.255.157'),(2615,43,'1443704463','/video/89-bai-82-kim-loai-tam.html',0,'2015-10-01 20:01:05','116.102.255.157'),(2616,43,'1443704463','/',0,'2015-10-01 20:03:03','116.102.255.157'),(2617,43,'1443704463','/phan-mem/inventor-c0-s5-l0-a0.html',0,'2015-10-01 20:03:52','116.102.255.157'),(2618,43,'1443704463','/video/46-gioi-thieu-ve-autodesk-inventor-professional-2015.html',0,'2015-10-01 20:03:57','116.102.255.157'),(2619,0,'1443708906','/',0,'2015-10-01 21:15:08','27.75.104.230'),(2620,0,'1443709149','/',0,'2015-10-01 21:19:12','42.118.164.66'),(2621,0,'1443715967','/',0,'2015-10-01 23:12:49','116.106.220.96'),(2622,0,'1443716268','/dang-nhap',0,'2015-10-01 23:17:49','116.106.220.96'),(2623,0,'1443716268','/auth/login',0,'2015-10-01 23:17:57','116.106.220.96'),(2624,0,'1443716268','/dang-nhap',0,'2015-10-01 23:18:05','116.106.220.96'),(2625,43,'1443716268','/',0,'2015-10-01 23:18:11','116.106.220.96'),(2626,43,'1443716268','/',0,'2015-10-01 23:18:54','116.106.220.96'),(2627,43,'1443716268','/create-video.html',0,'2015-10-01 23:19:01','116.106.220.96'),(2628,0,'1443716481','/',0,'2015-10-01 23:21:27','42.119.5.198'),(2629,0,'1443716481','/dang-nhap',0,'2015-10-01 23:21:33','42.119.5.198'),(2630,48,'1443716481','/',0,'2015-10-01 23:21:43','42.119.5.198'),(2631,48,'1443716481','/create-video.html',0,'2015-10-01 23:21:54','42.119.5.198'),(2632,0,'1443716823','/',0,'2015-10-01 23:27:06','112.197.117.169'),(2633,0,'1443716823','/phan-mem/inventor-c0-s5-l0-a0.html',0,'2015-10-01 23:27:24','112.197.117.169'),(2634,0,'1443716823','/video/46-gioi-thieu-ve-autodesk-inventor-professional-2015.html',0,'2015-10-01 23:27:28','112.197.117.169'),(2635,0,'1443716823','/dang-ki',0,'2015-10-01 23:28:43','112.197.117.169'),(2636,0,'1443716823','/auth/create_user',0,'2015-10-01 23:29:48','112.197.117.169'),(2637,0,'1443716823','/auth/login',0,'2015-10-01 23:30:38','112.197.117.169'),(2638,54,'1443716823','/',0,'2015-10-01 23:31:06','112.197.117.169'),(2639,54,'1443716823','/phan-mem/inventor-c0-s5-l0-a0.html',0,'2015-10-01 23:31:11','112.197.117.169'),(2640,54,'1443716823','/video/46-gioi-thieu-ve-autodesk-inventor-professional-2015.html',0,'2015-10-01 23:31:24','112.197.117.169'),(2641,54,'1443716823','/phan-mem/inventor-c0-s5-l0-a0.html',0,'2015-10-01 23:31:41','112.197.117.169'),(2642,54,'1443716823','/video/50-bai-1-gioi-thieu-ve-giao-dien-cua-autodesk-inventor-professional-2015.html',0,'2015-10-01 23:31:46','112.197.117.169'),(2643,54,'1443717197','/phan-mem/inventor-c0-s5-l0-a0.html',0,'2015-10-01 23:33:18','112.197.117.169'),(2644,54,'1443717197','/video/52-bai-21-ve-phac-thao-2d-trong-moi-truong-sketch.html',0,'2015-10-01 23:33:28','112.197.117.169'),(2645,54,'1443717871','/video/89-bai-82-kim-loai-tam.html',0,'2015-10-01 23:44:33','112.197.117.169'),(2646,0,'1443717935','/',0,'2015-10-01 23:45:35','42.118.164.66'),(2647,0,'1443718361','/video/89-bai-82-kim-loai-tam.html',0,'2015-10-01 23:52:45','116.102.134.22'),(2648,54,'1443718551','/phan-mem/inventor-c0-s5-l0-a0.html',0,'2015-10-01 23:55:51','112.197.117.169'),(2649,54,'1443719121','/video/52-bai-21-ve-phac-thao-2d-trong-moi-truong-sketch.html',0,'2015-10-02 00:05:22','112.197.117.169'),(2650,0,'1443720923','/',0,'2015-10-02 00:35:24','42.118.164.66'),(2651,0,'1443722666','/dang-nhap',0,'2015-10-02 01:04:27','42.118.164.66'),(2652,1,'1443722666','/',0,'2015-10-02 01:04:30','42.118.164.66'),(2653,1,'1443722666','/edit-user-1.html',0,'2015-10-02 01:04:32','42.118.164.66'),(2654,1,'1443722666','/video-manager-1.html',0,'2015-10-02 01:04:36','42.118.164.66'),(2655,1,'1443722666','/',0,'2015-10-02 01:07:22','42.118.164.66'),(2656,1,'1443725871','/',0,'2015-10-02 01:57:51','42.118.164.66'),(2657,0,'1443748143','/',0,'2015-10-02 08:09:05','58.186.165.241'),(2658,0,'1443749516','/',0,'2015-10-02 08:31:57','14.161.46.204'),(2659,0,'1443763610','/',0,'2015-10-02 12:26:51','118.69.111.1'),(2660,0,'1443770602','/',0,'2015-10-02 14:23:27','113.174.15.198'),(2661,0,'1443770691','/',0,'2015-10-02 14:24:53','116.102.225.32'),(2662,0,'1443771644','/',0,'2015-10-02 14:40:45','116.102.225.32'),(2663,0,'1443775708','/',0,'2015-10-02 15:48:34','42.119.5.198'),(2664,0,'1443775708','/dang-nhap',0,'2015-10-02 15:48:49','42.119.5.198'),(2665,48,'1443775708','/',0,'2015-10-02 15:49:03','42.119.5.198'),(2666,48,'1443775708','/create-video.html',0,'2015-10-02 15:49:10','42.119.5.198'),(2667,0,'1443777321','/',0,'2015-10-02 16:15:22','115.79.41.137'),(2668,0,'1443778070','/cad-c1-s0-l0-a0.html',0,'2015-10-02 16:27:51','115.79.41.137'),(2669,0,'1443778070','/',0,'2015-10-02 16:29:43','115.79.41.137'),(2670,0,'1443778070','/video/84-bai-24-blend-in-creo30.html',0,'2015-10-02 16:30:02','115.79.41.137'),(2671,0,'1443778493','/',0,'2015-10-02 16:34:57','116.106.220.96'),(2672,0,'1443794142','/',0,'2015-10-02 20:55:43','116.106.220.96'),(2673,0,'1443803996','/',0,'2015-10-02 23:39:57','171.250.30.81'),(2674,0,'1443833585','/',0,'2015-10-03 07:53:08','54.196.134.149'),(2675,0,'1443833592','/',0,'2015-10-03 07:53:12','54.196.134.149'),(2676,0,'1443833820','/',0,'2015-10-03 07:57:03','116.102.243.177'),(2677,0,'1443837229','/',0,'2015-10-03 08:53:51','113.174.15.198'),(2678,0,'1443843073','/',0,'2015-10-03 10:31:18','27.3.221.128'),(2679,0,'1443843073','/phan-mem/soildwork-c0-s3-l0-a0.html',0,'2015-10-03 10:31:55','27.3.221.128'),(2680,0,'1443843073','/video/47-1-gioi-thieu-khoa-hoc-solidworks-2015.html',0,'2015-10-03 10:32:18','27.3.221.128'),(2681,0,'1443843483','/',0,'2015-10-03 10:38:03','27.3.221.128'),(2682,0,'1443843483','/cad-c1-s0-l0-a0.html',0,'2015-10-03 10:38:12','27.3.221.128'),(2683,0,'1443870633','/',0,'2015-10-03 18:10:38','171.250.30.81'),(2684,0,'1443872268','/',0,'2015-10-03 18:37:49','171.250.30.81'),(2685,0,'1443872268','/dang-nhap',0,'2015-10-03 18:37:51','171.250.30.81'),(2686,43,'1443872268','/',0,'2015-10-03 18:37:58','171.250.30.81'),(2687,43,'1443872268','/',0,'2015-10-03 18:39:43','171.250.30.81'),(2688,43,'1443872268','/user/news/86',0,'2015-10-03 18:39:55','171.250.30.81'),(2689,0,'1443874715','/',0,'2015-10-03 19:18:36','42.117.67.32'),(2690,0,'1443874715','/phan-mem/orthers-c0-s10-l0-a0.html',0,'2015-10-03 19:18:49','42.117.67.32'),(2691,0,'1443936621','/',0,'2015-10-04 12:30:27','171.250.21.146'),(2692,0,'1443964335','/',0,'2015-10-04 20:12:23','42.119.5.198'),(2693,0,'1443971173','/',0,'2015-10-04 22:07:21','42.118.164.66'),(2694,0,'1443971902','/phan-mem/soildwork-c0-s3-l0-a0.html',0,'2015-10-04 22:18:28','42.118.164.66'),(2695,0,'1443972277','/',0,'2015-10-04 22:25:57','42.118.164.66'),(2696,0,'1443983523','/',0,'2015-10-05 01:32:03','42.118.164.66');

/*Table structure for table `login_attempts` */

DROP TABLE IF EXISTS `login_attempts`;

CREATE TABLE `login_attempts` (
  `id` int(11) unsigned NOT NULL AUTO_INCREMENT,
  `ip_address` varchar(15) NOT NULL,
  `login` varchar(100) NOT NULL,
  `time` int(11) unsigned DEFAULT NULL,
  PRIMARY KEY (`id`)
) ENGINE=InnoDB DEFAULT CHARSET=utf8;

/*Data for the table `login_attempts` */

/*Table structure for table `news` */

DROP TABLE IF EXISTS `news`;

CREATE TABLE `news` (
  `id_news` int(11) unsigned NOT NULL AUTO_INCREMENT,
  `alias` text COLLATE utf8_unicode_ci NOT NULL,
  `title` text COLLATE utf8_unicode_ci NOT NULL,
  `description` text COLLATE utf8_unicode_ci,
  `id_auth` int(11) unsigned NOT NULL,
  `content` longtext COLLATE utf8_unicode_ci,
  `id_categories` int(11) unsigned NOT NULL,
  `id_type` int(11) unsigned NOT NULL,
  `img` text COLLATE utf8_unicode_ci,
  `deleted` int(11) unsigned NOT NULL DEFAULT '0',
  `video` varchar(255) COLLATE utf8_unicode_ci DEFAULT NULL,
  `date` timestamp NULL DEFAULT CURRENT_TIMESTAMP,
  `views` int(11) unsigned NOT NULL DEFAULT '0',
  `id_level` int(10) unsigned NOT NULL DEFAULT '1',
  `id_software` int(10) unsigned NOT NULL DEFAULT '1',
  `show` int(10) unsigned NOT NULL DEFAULT '0',
  `status` int(10) unsigned NOT NULL DEFAULT '0',
  PRIMARY KEY (`id_news`)
) ENGINE=InnoDB AUTO_INCREMENT=92 DEFAULT CHARSET=utf8 COLLATE=utf8_unicode_ci;

/*Data for the table `news` */

insert  into `news`(`id_news`,`alias`,`title`,`description`,`id_auth`,`content`,`id_categories`,`id_type`,`img`,`deleted`,`video`,`date`,`views`,`id_level`,`id_software`,`show`,`status`) values (16,'solidworks-introduce','2. Giao diện và thao tác chuột trên SolidWorks','Giao diện và thao tác chuột trên SolidWorks',29,'',13,0,'1435998559_29.jpg',1,'1435998559_29.mp4','2015-07-04 15:29:25',369,1,3,1,1),(31,'gioi-thieu-phan-mem-inventor-2014','Giới thiệu phần mêm Inventor 2014','inventor 2014',34,'',13,0,'1436366661_34.jpg',1,'1436366661_34.mp4','2015-07-08 21:44:39',245,1,5,1,1),(32,'gioi-thieu-ve-moi-truong-ve-phac-thao-2dsketch-p1','Giới thiệu về môi trường vẽ phác thảo 2D(Sketch)-P1','Inventor 2014',34,'',13,0,'1436456074_34.jpg',1,'1436456074_34.mp4','2015-07-09 22:35:43',143,1,5,1,1),(33,'gioi-thieu-ve-moi-truong-ve-phac-thao-2dsketch-p1','Giới thiệu về môi trường vẽ phác thảo 2D(Sketch)-P2','Inventor 2014',34,'',13,0,'1436457297_34.jpg',1,'1436457297_34.mp4','2015-07-09 22:55:30',275,1,5,1,1),(34,'hariwon','hariwon','ãzcasd',1,'<p>&aacute;dasdxzc</p>\r\n',1,0,'1438886155_1.jpg',1,'1438886155_1.mp4','2015-08-07 01:36:23',2,2,5,0,1),(35,'demo','demo','intro',1,'',22,0,'1439119251_1.jpg',1,'1439119251_1.mp4','2015-08-09 18:21:21',2,1,2,1,1),(36,'demo','demo','intro',43,'',1,0,'1439120532_43.jpg',1,'1439120532_43.mp4','2015-08-09 18:42:15',1,1,1,1,1),(37,'intro','Intro','vv',43,'<p>Why not watch?</p>\r\n',25,0,'1439161897_43.jpg',1,'1439161897_43.mp4','2015-08-10 06:13:12',30,1,10,1,1),(38,'video-test','video test','ádxzc',1,'<p>&aacute;dasd</p>\r\n',13,0,'1439708734_1.jpg',1,'1439708734_1.flv','2015-08-16 14:06:13',1,2,2,1,0),(39,'test','test','ád',1,'<p>ấcd</p>\r\n',20,0,'1440005934_1.jpg',1,'1440005934_1.wmv','2015-08-20 00:39:08',2,2,10,1,0),(40,'gioi-thieu-3ctuts','Giới thiệu 3cTUTS','CAD/CAM/CAE',44,'',25,0,'1440493363_44.jpg',1,'1440493363_44.mp4','2015-08-25 16:03:35',0,1,10,1,0),(41,'gioi-thieu-3ctuts','GIỚI THIỆU 3CTUTS','CAD/CAM/CAE',44,'<p>Giới thiệu 3CTUTS.</p>\r\n',25,0,'1440493483_44.jpg',1,'1440493483_44.mp4','2015-08-25 16:05:54',5,1,10,1,1),(42,'gioi-thieu-ve-3ctuts','Giới thiệu về 3CTUTS','KẾT NỐI ĐAM MÊ',44,'<p>Xin giới thiệu về trang 3ctuts.com</p>\r\n',25,0,'1440503954_44.jpg',1,'1440503954_44.mp4','2015-08-25 19:02:27',27,1,10,1,1),(43,'gioi-thieu-ve-3ctuts','Giới thiệu về 3CTUTS','KẾT NỐI ĐAM MÊ',44,'<p>Xin giới thiệu về trang 3CTUTS.com</p>\r\n',25,0,'1440564540_44.jpg',1,'1440564540_44.mp4','2015-08-26 11:51:26',3,1,10,1,1),(44,'gioi-thieu-ve-3ctuts','Giới thiệu về 3CTUTS','KẾT NỐI ĐAM MÊ',44,'<h2><span style=\"font-family:tahoma,geneva,sans-serif\"><span style=\"color:#000000\">Xin giới thiệu về trang 3CTUTS.com</span></span></h2>\r\n',25,0,'1440581858_44.jpg',0,'1440581858_44.mp4','2015-08-26 16:40:01',11,1,10,1,1),(45,'1-gioi-thieu-phan-mem-solidworks-2015','1. Giới thiệu phần mềm SolidWorks 2015','Giới thiệu phần mềm SolidWorks 2015',29,'<p>Giới thiệu phần mềm SolidWorks 2015</p>\r\n',13,0,'1440582111_29.jpg',1,'1440582111_29.mp4','2015-08-26 16:42:07',12,1,3,1,1),(46,'gioi-thieu-ve-autodesk-inventor-professional-2015','Giới thiệu về Autodesk Inventor Professional 2015','Các tính năng trong phần mềm Autodesk Inventor Professional 2015',48,'<p>Nội dung kh&oacute;a học:</p>\r\n\r\n<p>- Vẽ ph&aacute;c thảo 2D trong m&ocirc;i trường Sketch</p>\r\n\r\n<p>- X&acirc;y dựng m&ocirc; h&igrave;nh trong m&ocirc;i trường 3D Model</p>\r\n\r\n<p>- Lắp r&aacute;p c&aacute;c chi tiết v&agrave; m&ocirc; phỏng chuyển động</p>\r\n\r\n<p>- Xuất bản vẽ</p>\r\n',25,0,'1440646941_48.jpg',0,'1440646941_48.mp4','2015-08-27 10:46:20',25,1,5,1,1),(47,'1-gioi-thieu-khoa-hoc-solidworks-2015','1. Giới thiệu khóa học SolidWorks 2015','Giới thiệu khóa học SolidWorks 2015',29,'',13,0,'1440649853_29.jpg',0,'1440649853_29.mp4','2015-08-27 11:31:03',33,1,3,1,1),(48,'gioi-thieu-khoa-hoc-solidworks-2015','Giới thiệu khóa học SolidWorks 2015','Giới thiệu khóa học SolidWorks 2015',29,'<p>Giới thiệu kh&oacute;a học SolidWorks 2015</p>\r\n',13,0,'1440650187_29.jpg',1,'1440650187_29.mp4','2015-08-27 11:36:39',0,1,3,1,0),(49,'2-giao-dien-va-thao-tac-chuot-tren-solidworks','2. Giao diện và thao tác chuột trên SolidWorks 2015','Giao diện và thao tác chuột trên SolidWorks 2015',29,'<p>Giao diện v&agrave; thao t&aacute;c chuột tr&ecirc;n SolidWorks&nbsp;2015</p>\r\n',13,0,'1440670998_29.jpg',0,'1440670998_29.mp4','2015-08-27 17:23:25',30,1,3,1,1),(50,'bai-1-gioi-thieu-ve-giao-dien-cua-autodesk-inventor-professional-2015','Bài 1: Giới thiệu về giao diện của Autodesk Inventor Professional 2015','Các thanh công cụ trong phần mềm',48,'',25,0,'1440671588_48.jpg',0,'1440671588_48.mp4','2015-08-27 17:35:43',27,1,5,1,1),(51,'extrude-in-creo30','Extrude in Creo3.0','Giới thiệu về lệnh Extrude Creo3.0',43,'<p>Giới thiệu về lệnh Extrude Creo3.0</p>\r\n',14,0,'1440672358_43.jpg',0,'1440672358_43.mp4','2015-08-27 17:48:33',34,1,2,1,1),(52,'bai-21-ve-phac-thao-2d-trong-moi-truong-sketch','Bài 2.1 Vẽ phác thảo 2D trong môi trường Sketch','Các nhóm lệnh cơ bản',48,'',1,0,'1440737228_48.jpg',0,'1440737228_48.mp4','2015-08-28 04:47:20',71,1,5,1,1),(53,'gioi-thieu-tong-quan-phan-mem-creo','Giới thiệu tổng quan phần mềm Creo','PTC Creo3.0',43,'<h3>Creo l&agrave; giải ph&aacute;p tham số CAD/CAM/CAE&nbsp;đơn giản v&agrave; mạnh mẽ với những th&aacute;ch thức độc đ&aacute;o để đạt được hiệu quả c&ocirc;ng việc một c&aacute;ch tuyệt đối v&agrave; nhanh ch&oacute;ng.</h3>\r\n',66,0,'1440843081_43.jpg',0,'1440843081_43.mp4','2015-08-29 10:11:30',123,1,2,1,1),(54,'bai-22-ve-phac-thao-2d-trong-moi-truong-sketch','Bài 2.2 Vẽ phác thảo 2D trong môi trường Sketch','Nhóm lệnh tạo hình',48,'',66,0,'1441002539_48.jpg',0,'1441002539_48.mp4','2015-08-31 06:30:00',40,1,5,1,1),(55,'bai-23-ve-phac-thao-2d-trong-moi-truong-sketch4','Bài 2.3 Vẽ phác thảo 2D trong môi trường Sketch','Lệnh cơ bản',48,'',13,0,'1441012509_48.jpg',0,'1441012509_48.mp4','2015-08-31 09:15:27',46,1,5,1,1),(56,'bai-24-ve-phac-thao-2d-trong-moi-truong-sketch','Bài 2.4 Vẽ phác thảo 2D trong môi trường Sketch','Bài tập ứng dụng',48,'',13,0,'1441015648_48.jpg',0,'1441015648_48.mp4','2015-08-31 10:08:17',38,1,5,1,1),(57,'line-sketching-in-creo30','Line Sketching in Creo3.0','Cách vẽ lệnh Line.',43,'<p>+Line Chain</p>\r\n\r\n<p>+Line Tangent</p>\r\n',13,0,'1441103538_43.jpg',1,'1441103538_43.mp4','2015-09-01 10:32:42',1,1,2,1,1),(58,'line-sketching-in-creo30','Sketching Line in Creo3.0','Cách vẽ lệnh Line.',43,'<p>+Line Chain</p>\r\n\r\n<p>+Line Tangent</p>\r\n\r\n<p>&nbsp;</p>\r\n\r\n<p>&nbsp;</p>\r\n',13,0,'1441104375_43.jpg',1,'1441104375_43.mp4','2015-09-01 10:46:24',28,1,2,1,1),(59,'bai-31-cac-phuong-phap-tao-hinh-co-ban-lenh-extrude','Bài 3.1 Các phương pháp tạo hình cơ bản: Lệnh Extrude','Giới thiệu về lệnh Extrude trong Autodesk Inventor Professional 2015',48,'',14,0,'1441254684_48.jpg',0,'1441254684_48.mp4','2015-09-03 04:32:37',32,1,5,1,1),(60,'bai-33-cac-phuong-phap-tao-hinh-co-ban','Bài 3.3 Các phương pháp tạo hình cơ bản:Lệnh Revolve','Giới thiệu lệnh Revolve trong Autodesk Inventor Professional 2015',48,'',14,0,'1441268354_48.jpg',0,'1441268354_48.mp4','2015-09-03 08:20:54',34,1,5,1,1),(61,'bai-32-cac-phuong-phap-tao-hinh-co-ban','Bài 3.2 Các phương pháp tạo hình cơ bản:Lệnh Extrude','Bài tập ứng dụng lệnh Extrude trong Autodesk Inventor Professional 2015',48,'',14,0,'1441335590_48.jpg',0,'1441335590_48.mp4','2015-09-04 03:00:45',20,1,5,1,1),(62,'bai-34-cac-phuong-phap-tao-hinh-co-ban','Bài 3.4 Các phương pháp tạo hình cơ bản: Lệnh Revolve','Bài tập ứng dụng lệnh Revolve trong Autodesk Inventor Professional 2015',48,'',14,0,'1441360938_48.jpg',0,'1441360938_48.mp4','2015-09-04 10:02:26',17,1,5,1,1),(63,'bai-35-cac-phuong-phap-tao-hinh-co-ban','Bài 3.5 Các phương pháp tạo hình cơ bản: Lệnh Loft và lệnh Sweep','Giới thiệu về lệnh Loft và lệnh Sweep trong Autodesk Inventor Professional 2015',48,'',14,0,'1441614361_48.jpg',0,'1441614361_48.mp4','2015-09-07 08:26:53',19,1,5,1,1),(64,'bai-36-cac-phuong-phap-tao-hinh-co-ban-lenh-coil','Bài 3.6 Các phương pháp tạo hình cơ bản: Lệnh Coil','Giới thiệu lệnh Coil trong Autodesk Inventor Professonal 2015',48,'',14,0,'1441616833_48.jpg',0,'1441616833_48.mp4','2015-09-07 09:08:18',15,1,5,1,1),(65,'asd','asd','asdzxcad',1,'<p style=\"text-align:justify\"><strong>Mario Balotelli</strong>&nbsp;c&oacute; phải l&agrave; một cầu thủ c&aacute; t&iacute;nh kh&ocirc;ng? Euro 2012 c&aacute;ch đ&acirc;y chưa xa, thi&ecirc;n t&agrave;i của anh mang đội Italia v&agrave;o chung kết, tr&ecirc;n đường đi c&ograve;n loại lu&ocirc;n đội tuyển Đức ở b&aacute;n kết với một c&uacute; đ&uacute;p khiến Manuel Neuer chỉ c&ograve;n biết bất lực. Sau khi ghi b&agrave;n thứ 2, anh ta đứng với tư thế của một... pho tượng, trở th&agrave;nh đề t&agrave;i bất tận cho d&acirc;n chế ảnh tr&ecirc;n mạng.</p>\r\n\r\n<p style=\"text-align:justify\">Balotelli, từ l&uacute;c xuất hiện ở đội một của Inter Milan, to&agrave;n g&acirc;y ra những chuyện đi&ecirc;n rồ bất tận. Đốt ph&aacute;o hoa trong nh&agrave; g&acirc;y hỏa hoạn, lấy cầu thủ trẻ ở Man City l&agrave;m bia ph&oacute;ng phi ti&ecirc;u, choảng nhau với Nigel de Jong, c&atilde;i tay đ&ocirc;i với HLV Roberto Mancini, ghi b&agrave;n v&agrave;o lưới Man United rồi ch&igrave;a ra chiếc &aacute;o l&oacute;t với th&ocirc;ng điệp &quot;Sao l&uacute;c n&agrave;o cũng l&agrave; t&ocirc;i?&quot;.</p>\r\n\r\n<p style=\"text-align:justify\">Mới đ&acirc;y nhất, Balotelli vừa c&oacute; một tuy&ecirc;n bố khiến cho c&aacute;c Madridista muốn ph&aacute;t đi&ecirc;n: &quot;Tr&ecirc;n đời n&agrave;y chỉ c&oacute; Barca l&agrave; c&oacute; 2 s&acirc;n. Nou Camp để thi đấu v&agrave; Bernabeu để l&agrave;m s&acirc;n tập&quot;.</p>\r\n\r\n<p style=\"text-align:center\"><img alt=\"\" src=\"http://24h-static.24hstatic.com/images/2014/share-fb.gif\" style=\"border:0px; height:20px; max-width:400px; width:67px\" />&nbsp;<img alt=\"\" src=\"http://24h-static.24hstatic.com/images/2014/share-gg.gif\" style=\"border:0px; height:20px; max-width:400px; width:67px\" /><img alt=\"Siêu sao “giàu, đẹp trai, đá bóng giỏi”, để làm gì? - 1\" class=\"news-image\" id=\"news-image-id-0\" src=\"http://24h-img.24hstatic.com/upload/3-2015/images/2015-09-07/1441625393-29759.jpg\" style=\"border:0px; max-width:400px\" /></p>\r\n\r\n<p style=\"text-align:center\">Mario Balotelli l&agrave; một&nbsp;c&aacute; t&iacute;nh đặc biệt của nền&nbsp;b&oacute;ng đ&aacute; đương đại</p>\r\n\r\n<p style=\"text-align:justify\">Bấy nhi&ecirc;u đấy kh&ocirc;ng đủ gọi l&agrave; c&aacute; t&iacute;nh với Campbell? Vậy xin mời đến với Zlatan Ibrahimovic. Ng&ocirc;i sao người Thụy Điển ngang t&agrave;ng n&agrave;y đi đến đ&acirc;u, chức v&ocirc; địch quốc gia theo anh đến đ&oacute;.</p>\r\n\r\n<p style=\"text-align:justify\">Ở H&agrave; Lan, Ibrahimovic v&ocirc; địch với Ajax. Ở Serie A, anh l&agrave; cầu thủ duy nhất trong lịch sử gi&agrave;nh Scudetto với cả Inter Milan, AC Milan v&agrave; Juventus. Anh tạt qua T&acirc;y Ban Nha v&ocirc; địch La Liga với Barcelona v&agrave; sau đ&oacute; gi&uacute;p Paris S.G ch&iacute;nh thức th&agrave;nh thế lực của Ligue 1.</p>\r\n',14,0,'1441634210_1.jpg',1,'1441634210_1.mp4','2015-09-07 13:57:06',1,1,1,1,0),(66,'bai-37-cac-phuong-phap-tao-hinh-co-ban','Bài 3.7 Các phương pháp tạo hình cơ bản','Bài tập ứng dụng lệnh Sweep để thiết kế ghế sử dụng trong gia đình',48,'',14,0,'1441685169_48.jpg',0,'1441685169_48.mp4','2015-09-08 04:06:49',27,1,5,1,1),(67,'bai-38-cac-phuong-phap-tao-hinh-co-ban','Bài 3.8 Các phương pháp tạo hình cơ bản','Giới thiệu lệnh Rib và Emboss trong Autodesk Inventor Professional 2015',48,'',14,0,'1441705400_48.jpg',0,'1441705400_48.mp4','2015-09-08 09:44:08',33,1,5,1,1),(68,'bai-4-cac-dac-tinh-lam-viec-work-features','Bài 4.1 Các đặc tính làm việc- Work Features','Điểm làm việc: Work Point, \r\nTrục làm việc: Work Axis, \r\nMặt làm việc: Work Plane.',48,'',14,0,'1441708138_48.jpg',0,'1441708138_48.mp4','2015-09-08 10:29:04',25,1,5,1,1),(69,'bai-42-cac-dac-tinh-lam-viec-work-features','Bài 4.2 Các đặc tính làm việc Work Features','Bài tập ứng dụng đặc tính làm việc: Work Point, Work Axis, Work Plane trong Autodesk Inventor Professional 2015',48,'',14,0,'1441858657_48.jpg',0,'1441858657_48.mp4','2015-09-10 04:19:29',32,1,5,1,1),(70,'bai-51-phuong-phap-tao-dac-tinh-vi-tri','Bài 5.1 Phương pháp tạo đặc tính vị trí','Giới thiệu lệnh Hole trong Autodesk Inventor Professional 2015',48,'',14,0,'1441858840_48.jpg',0,'1441858840_48.mp4','2015-09-10 04:21:42',72,1,5,1,1),(71,'cach-thuc-lam-viec-cua-creo30','Cách thức làm việc của Creo3.0','Giao diện làm việc và thao tác dùng chuột trong phần mềm Creo3.0',43,'<p>+Tạo file mới, save and open file.</p>\r\n\r\n<p>+Quản l&yacute; file.</p>\r\n\r\n<p>+Thao t&aacute;c chuột</p>\r\n',25,0,'1441876183_43.jpg',0,'1441876183_43.mp4','2015-09-10 09:12:09',67,1,2,1,1),(72,'bai-52-phuong-phap-tao-dac-tinh-vi-tri-modify','Bài 5.2 Phương pháp tạo đặc tính vị trí Modify','Giới thiệu về lệnh Thread và Shell trong Autodesk Inventor Professional 2015',48,'',14,0,'1441940780_48.jpg',0,'1441940780_48.mp4','2015-09-11 03:07:24',34,1,5,1,1),(73,'bai-53-phuong-phap-tao-dac-tinh-vi-tri-modify','Bài 5.3 Phương pháp tạo đặc tính vị trí Modify','Giới thiệu lệnh Fillet và Chamfer trong Autodesk Inventor Professional 2015',48,'',14,0,'1441943211_48.jpg',0,'1441943211_48.mp4','2015-09-11 03:48:01',45,1,5,1,1),(74,'bai-1-sketch-in-creo30','Bài 1. Sketch in Creo3.0','Các công cụ vẽ trong môi trường Sketch',43,'',13,0,'1442231666_43.jpg',0,'1442231666_43.mp4','2015-09-14 11:57:39',50,1,2,1,1),(75,'bai-54-phuong-phap-tao-dac-tinh-vi-tri-modify','Bài 5.4 Phương pháp tạo đặc tính vi trí Modify','Giới thiệu lệnh Draft và Split trong Autodesk Inventor Professional 2015',48,'',14,0,'1442290501_48.jpg',0,'1442290501_48.mp4','2015-09-15 04:16:01',27,1,5,1,1),(76,'bai-6-phuong-phap-bien-doi-hinh','Bài 6 Phương pháp biến đổi hình','Giới thiệu về nhóm lệnh Pattern trong Autodesk Inventor Professional 2015',48,'',14,0,'1442295446_48.jpg',0,'1442295446_48.mp4','2015-09-15 05:37:41',28,1,5,1,1),(77,'bai-21-extrude-in-creo30','Bài 2.1 Extrude in Creo3.0','Giới thiệu lệnh Extrude thiết kế 3D trong phần mềm Creo3.0',43,'',14,0,'1442328194_43.jpg',0,'1442328194_43.mp4','2015-09-15 14:44:44',22,1,2,1,1),(78,'revolve-in-creo30','Bài 2.2 Revolve in Creo3.0','Giới thiệu lệnh Revolve thiết kế 3D trong phần mềm Creo3.0',43,'',14,0,'1442385325_43.jpg',0,'1442385325_43.mp4','2015-09-16 06:36:48',31,1,2,1,1),(79,'bai-71-xay-dung-ban-ve-2-chieu','Bài 7.1 Xuất bản vẽ 2 chiều','Giới thiệu môi trường Drawing',48,'',16,0,'1442394329_48.jpg',0,'1442394329_48.mp4','2015-09-16 09:05:56',29,1,5,1,1),(80,'bai-72-xuat-ban-ve-2-chieu','Bài 7.2 Xuất bản vẽ 2 chiều','Phương pháp tạo ra các hình chiếu cơ bản',48,'',16,0,'1442461282_48.jpg',0,'1442461282_48.mp4','2015-09-17 03:41:44',29,1,5,1,1),(81,'bai-23-sweep-in-creo30','Bài 2.3 Sweep in Creo3.0','Giới thiệu lệnh Sweep thiết kế 3D trong phần mềm Creo3.0',43,'',14,0,'1442472134_43.jpg',0,'1442472134_43.mp4','2015-09-17 06:43:09',22,1,2,1,1),(82,'bai-73-xuat-ban-ve-2-chieu','Bài 7.3 Xuất bản vẽ 2 chiều','Phương pháp hiệu chỉnh Modify',48,'',16,0,'1442485325_48.jpg',1,'1442485325_48.mp4','2015-09-17 10:22:27',2,1,5,1,1),(83,'bai-73-xuat-ban-ve-2-chieu','Bài 7.3 Xuất bản vẽ 2 chiều','Phương pháp hiệu chỉnh Modify',48,'',16,0,'1442494562_48.jpg',0,'1442494562_48.mp4','2015-09-17 12:56:26',26,1,5,1,1),(84,'bai-24-blend-in-creo30','Bài 2.4 Blend in Creo3.0','Giới thiệu lệnh Blend thiết kế 3D trong phần mềm Creo3.0',43,'',14,0,'1442566730_43.jpg',0,'1442566730_43.mp4','2015-09-18 08:59:49',50,1,2,1,1),(85,'bai-74-xuat-ban-ve-2-chieu','Bài 7.4 Xuất bản vẽ 2 chiều','Giới thiệu về nhóm lệnh Dimensions',48,'',16,0,'1442632611_48.jpg',0,'1442632611_48.mp4','2015-09-19 03:17:14',14,1,5,1,1),(86,'bai-25-creating-holes-in-creo30','Bài 2.5 Creating Holes in Creo3.0','Giới thiệu cách tạo lỗ lệnh Hole trong phần mềm Creo3.0',43,'',14,0,'1442828186_43.jpg',0,'1442828186_43.mp4','2015-09-21 09:37:28',20,1,2,1,1),(87,'bai-75-xuat-ban-ve-2-chieu','Bài 7.5 Xuất bản vẽ 2 chiều','Phương pháp hiệu chỉnh',48,'',16,0,'1442830404_48.jpg',0,'1442830404_48.mp4','2015-09-21 10:13:33',43,1,5,1,1),(88,'bai-81-kim-loai-tam-sheet-metal','Bài 8.1  Kim loại tấm - Sheet Metal','Giới thiệu tổng quan về môi trường Kim loại tấm - Sheet Metal',48,'',14,0,'1442916880_48.jpg',0,'1442916880_48.mp4','2015-09-22 10:14:56',13,2,5,1,1),(89,'bai-82-kim-loai-tam','Bài 8.2 Kim loại tấm - Sheet Metal','Thiết lập các thông số cơ bản cho kim loại tấm',48,'',14,0,'1442997348_48.jpg',0,'1442997348_48.mp4','2015-09-23 08:35:54',35,2,5,1,1),(90,'cac-lenh-ve-co-ban-trong-mastercam','Cac lenh ve co ban trong mastercam','Huong dan cac ban cac lenh ve co ban trong mastercam',49,'<p>Huong dan cac ban cac lenh ve co ban trong mastercam</p>\r\n',13,0,'1443108695_49.jpg',0,'1443108695_49.mp4','2015-09-24 15:36:28',7,1,10,1,1),(91,'hari-won','Hari won','hari won',1,'<p>ok</p>\r\n',106,0,'1443257536_1.jpg',0,'1443257536_1.mp4','2015-09-26 08:52:20',0,1,1,1,0);

/*Table structure for table `news_type` */

DROP TABLE IF EXISTS `news_type`;

CREATE TABLE `news_type` (
  `id_type` int(11) unsigned NOT NULL AUTO_INCREMENT,
  `name_type` varchar(255) COLLATE utf8_unicode_ci NOT NULL,
  `alias_type` varchar(100) COLLATE utf8_unicode_ci NOT NULL,
  `id_categories` int(11) unsigned NOT NULL,
  `deleted` int(11) unsigned NOT NULL DEFAULT '0',
  PRIMARY KEY (`id_type`)
) ENGINE=InnoDB AUTO_INCREMENT=2 DEFAULT CHARSET=utf8 COLLATE=utf8_unicode_ci;

/*Data for the table `news_type` */

insert  into `news_type`(`id_type`,`name_type`,`alias_type`,`id_categories`,`deleted`) values (1,'Mới','moi',1,0);

/*Table structure for table `software` */

DROP TABLE IF EXISTS `software`;

CREATE TABLE `software` (
  `id` int(10) unsigned NOT NULL AUTO_INCREMENT,
  `name` varchar(255) CHARACTER SET utf8 COLLATE utf8_unicode_ci NOT NULL,
  `alias` varchar(255) CHARACTER SET utf8 COLLATE utf8_unicode_ci NOT NULL,
  `deleted` int(10) unsigned NOT NULL DEFAULT '0',
  `img` varchar(255) CHARACTER SET utf8 COLLATE utf8_unicode_ci NOT NULL,
  `pos` int(10) unsigned NOT NULL,
  PRIMARY KEY (`id`)
) ENGINE=InnoDB AUTO_INCREMENT=11 DEFAULT CHARSET=latin1;

/*Data for the table `software` */

insert  into `software`(`id`,`name`,`alias`,`deleted`,`img`,`pos`) values (1,'AutoCAD ','autocad',0,'1.jpg',1),(2,'Creo','creo',0,'2.jpg',2),(3,'SolidWorks','soildwork',0,'3.jpg',3),(4,'NX','nx',0,'6.jpg',6),(5,'INVENTOR','inventor',0,'7.jpg',7),(6,'MasterCam','mastercam',0,'4.jpg',4),(7,'Cimatron','cimatron',0,'8.jpg',8),(8,'CATIA','catia',0,'9.jpg',9),(9,'Rhinoceros','rhinoceros',0,'5.jpg',5),(10,'Others','orthers',0,'10.jpg',10);

/*Table structure for table `software_type` */

DROP TABLE IF EXISTS `software_type`;

CREATE TABLE `software_type` (
  `id` int(10) unsigned NOT NULL AUTO_INCREMENT,
  `name` varchar(255) CHARACTER SET utf8 COLLATE utf8_unicode_ci NOT NULL,
  `alias` varchar(255) CHARACTER SET utf8 COLLATE utf8_unicode_ci NOT NULL,
  `deleted` int(10) unsigned NOT NULL DEFAULT '0',
  PRIMARY KEY (`id`)
) ENGINE=InnoDB AUTO_INCREMENT=4 DEFAULT CHARSET=latin1;

/*Data for the table `software_type` */

insert  into `software_type`(`id`,`name`,`alias`,`deleted`) values (1,'Cơ bản','co-ban',0),(2,'Nâng cao','nang-cao',0),(3,'Thủ Thuật','thu-thuat',0);

/*Table structure for table `users` */

DROP TABLE IF EXISTS `users`;

CREATE TABLE `users` (
  `id` int(11) unsigned NOT NULL AUTO_INCREMENT,
  `ip_address` varchar(15) NOT NULL,
  `username` varchar(100) NOT NULL,
  `password` varchar(255) NOT NULL,
  `salt` varchar(255) DEFAULT NULL,
  `email` varchar(100) NOT NULL,
  `activation_code` varchar(40) DEFAULT NULL,
  `forgotten_password_code` varchar(40) DEFAULT NULL,
  `forgotten_password_time` int(11) unsigned DEFAULT NULL,
  `remember_code` varchar(40) DEFAULT NULL,
  `created_on` int(11) unsigned NOT NULL,
  `last_login` int(11) unsigned DEFAULT NULL,
  `active` tinyint(1) unsigned DEFAULT NULL,
  `first_name` varchar(50) DEFAULT NULL,
  `last_name` varchar(50) DEFAULT NULL,
  `address` varchar(100) DEFAULT NULL,
  `phone` varchar(20) DEFAULT NULL,
  `deleted` int(10) unsigned NOT NULL DEFAULT '0',
  `img_user` varchar(255) CHARACTER SET utf8 COLLATE utf8_unicode_ci NOT NULL DEFAULT 'user_default.jpg',
  PRIMARY KEY (`id`)
) ENGINE=InnoDB AUTO_INCREMENT=55 DEFAULT CHARSET=utf8;

/*Data for the table `users` */

insert  into `users`(`id`,`ip_address`,`username`,`password`,`salt`,`email`,`activation_code`,`forgotten_password_code`,`forgotten_password_time`,`remember_code`,`created_on`,`last_login`,`active`,`first_name`,`last_name`,`address`,`phone`,`deleted`,`img_user`) values (1,'127.0.0.1','administrator','$2y$08$3H6KsoaYwI1LQXA/STwp5.5sjmAZfSWF/X6HYGBo5fOIpmyzh7ike','','admin@admin.com',NULL,NULL,NULL,NULL,1268889823,1443722669,1,'Admin','istrator','ADMIN','0',0,'user_default.jpg'),(26,'171.250.24.100','anhckm06','$2y$08$XQmRwSp4qxkryK0uy2MokuKZEOzsxDPM7J7ApnBYMMtZYmjf1Qury',NULL,'anhckm06@yahoo.com',NULL,NULL,NULL,'W.YOAF9jntjO5a6cIa/1CO',1434303127,1438259374,1,'phan','anh','tp hcm','0979179518',0,'26.png'),(27,'123.30.76.10','tungdang8x','$2y$08$hUAJ1kVIxseSriD4jFPWR.6cpxdAGFx2xtnzmWpx3MhWUQqc1gpBC',NULL,'tungdang8x@gmail.com',NULL,NULL,NULL,NULL,1434356389,1440093533,1,'Dang','Tung','Thu Duc','0979369929',0,'user_default.jpg'),(29,'1.53.228.92','tungspkt','$2y$08$gGw7dZXnbbvfZ8EcTOJGceaP5HW1WYq8/otsBYDVE5T8.1JcN6Exu',NULL,'tungspkt@live.com',NULL,'TcrX5ZFdcfghc0GQahSbOucf6876118c4fa6db57',1435993787,'jSmOrWBUnextuLg1RnYXPu',1435048262,1440670933,1,'tung','dang','la xuan oai street, dictrict 9, ho chi minh city','01653776893',0,'user_default.jpg'),(30,'113.162.196.89','vohinhca123','$2y$08$h3nezoJAumV9DfYKwU6hbObXC5U6zyf5/hp4dgQAkqH19GxUiVEsS',NULL,'adzxc@gmail.com',NULL,NULL,NULL,NULL,1435302990,NULL,1,'dao','tran','cdfsdf','123',0,'user_default.jpg'),(32,'113.162.196.89','vohinhca1234','$2y$08$QZ60oEsn/sFG6VDNSZNCPeRmRuBAbgXs.bKDNehQpir2Y1D5RBs5a',NULL,'tran@3ctuts.com',NULL,NULL,NULL,NULL,1435347274,1440681365,1,'dao','tran','asd','1a',0,'322.jpg'),(33,'115.79.47.191','vohinhca1','$2y$08$9DQH4mWmw3vr3qaN7Fe9Ou94jVK0ZpubL9WTUrJvUftnOPNvTcb0K',NULL,'hxfjhasd@gmail.com',NULL,NULL,NULL,NULL,1435630042,1440484330,1,'ád','ákdjasd','ádzx','123',0,'user_default.jpg'),(34,'113.174.14.71','thanh2693','$2y$08$Lm7SUZKr5tB8qbmEyAxdWemcWAQHIhGWvoDXjR7LPGuk8eUpnLB16',NULL,'11143143@student.hcmute.edu.vn',NULL,'ISvoFF5NiKx6rngDatBAr.236f4acc2d23744c22',1440517658,NULL,1435937250,1438702570,1,'Nguyen','Van Thanh','Thủ Đức','0984631539',0,'34.jpg'),(35,'171.250.29.127','anhcreo','$2y$08$/xhRf25q3T4J0RlzhlMfNO6Y9xZT7xc4oAza0YPTBVu0H/oiDjuZi',NULL,'anhckm06@gmail.com',NULL,NULL,NULL,NULL,1435938688,1435994710,1,'anh','phan','tphcm','0168248520',0,'user_default.jpg'),(37,'113.162.145.229','tungspkt1993','$2y$08$NzT6y.oyzldf8IMM.kdyJ./pCHgeCyh5IDYBa3mpFfW6Zb3xCoTwK',NULL,'melancholy_rain93@yahoo.com',NULL,NULL,NULL,NULL,1435993632,NULL,1,'tung','dang','Binh duong','01653776893',0,'user_default.jpg'),(39,'118.68.70.27','nmkhiem','$2y$08$svfnBo9kR4YRQ.1hpy7nnO4n4lwX23mWjuXovTeAxClhZQa.pH1ba',NULL,'ntmkhiem@hotmail.com',NULL,NULL,NULL,'mxUTXRAVF3iSN6NALSeIYu',1436198665,1436200710,1,'Nguyễn','Khiêm','Thủ Đức, TP. Hồ Chí Minh','0987990377',0,'user_default.jpg'),(40,'42.116.51.202','ducquoc','$2y$08$pGWt0Sou7quB5o1fm2szQOENBZO2UE0TMPShz1d3nQKA5edl.q/E.',NULL,'ducquoc1972@yahoo.com',NULL,NULL,NULL,NULL,1437101360,NULL,1,'NGUYEN DUC','QUOC','54/16 DUONG 7 KP 3 P LINH TRUNG Q THU DUC','0933438383',0,'user_default.jpg'),(41,'115.79.47.191','vohinhca','$2y$08$35IPrFI/HOZ5T8l0nJ.s8.em.z3Zj6X8ZCBsKgPBzxx0WpnV3WOra',NULL,'lytranuit@gmail.com',NULL,NULL,NULL,NULL,1437101500,1438873758,1,'dao','tran','1','123',1,'user_default.jpg'),(42,'116.100.55.105','tungdang','$2y$08$4wGxyisMqo0I0hSl0heqlu1QQ5B6cb36cBakGh/OqHtQ0m1sYCKIq',NULL,'tung.vanuster@gmail.com',NULL,NULL,NULL,NULL,1437286202,1439183493,1,'dang','tung','164 hiep binh','0979369929',0,'user_default.jpg'),(43,'116.100.57.59','anh3ctuts','$2y$08$ZEnbMqd5/h4mjYIC5Iqix./zbMOsIlWN2BRDfs4Jm0Q8c/H9YT8Fq',NULL,'anh.phan@3ctuts.com',NULL,NULL,NULL,NULL,1439119929,1443872277,1,'phan','anh','asd','123',0,'user_default.jpg'),(44,'116.100.57.59','truc3ctuts','$2y$08$bkzdLN10dmGa.z2Cb36nD.//M8ptQdNb/xKWqS.wzcT8cUvcC9o4m',NULL,'truc.ta@3ctuts.com',NULL,NULL,NULL,NULL,1439120199,1440671486,1,'ta','truc','asd','123',0,'user_default.jpg'),(45,'171.232.104.22','tungdangvan_8x','$2y$08$7V19BDdC8D8LqWQBVWC67uKhy2SLaY0k5PZyVv5VVHLsX9j9p7qz6',NULL,'tung.dang@3ctuts.com',NULL,NULL,NULL,NULL,1439184934,1440669890,1,'dangvan','tung','0979369929','0979369929',0,'user_default.jpg'),(46,'116.100.55.105','trangbui','$2y$08$j.F5iX3YbMSkvdvrXNHpxOyxh4Wn.oRI.B1deLxgIfkWNlwvSk2yS',NULL,'thutrang264@gmail.com',NULL,NULL,NULL,NULL,1440508697,1440685159,1,'Bui','Trang','tp hcm','12345',0,'user_default.jpg'),(47,'14.168.112.205','thanh inventor','$2y$08$sckI1eiCQEBhx1eFmLpdXe8pS4jOkfihBXM.tGMu1DLaBErSZlMhO',NULL,'thanhnvspkt@gmail.com',NULL,NULL,NULL,NULL,1440515346,NULL,1,'Nguyễn','Văn Thành','Dĩ An, Bình Dương','0984631539',0,'user_default.jpg'),(48,'115.77.79.79','thanhspkt','$2y$08$t/K16Twn5wm5JUtDYEOkcOCZqam8AwOjsXab0S6sbpaak/TCI7qqG',NULL,'datnv21097@gmail.com',NULL,NULL,NULL,NULL,1440553378,1443775740,1,'Nguyễn Văn','Thành','Di An','0984631539',0,'48.PNG'),(49,'14.169.37.9','thaibao159','$2y$08$5E/NS4jJ2NZTUPHl1oiQBeeNsE5uxC4iCkIZWiwvnhprxNYqj72sO',NULL,'thaibao159@gmail.com',NULL,NULL,NULL,'7qv1PkEgzPv8hDVL1NyXRe',1442025562,1443107285,1,'Hoang','Bao','Tp HCM','01227424739',0,'user_default.jpg'),(50,'1.53.29.143','authur','$2y$08$V0jKLYxDfR88EUH4mMkFoeqoS1ZtghTON3ARrMOeoGo1NzTDHO7CS',NULL,'21202178@hcmut.edu.vn',NULL,NULL,NULL,NULL,1443153986,1443154093,1,'Trần Quang','Minh','314 Nguyễn Văn Luông P.12 Q.6','0943148275',0,'user_default.jpg'),(51,'42.117.66.61','voduycong','$2y$08$3onUnnDCgxmaM8MHZIC9zO2NrKJmK28qJaqbeMaQ/TI6OeiJe2F/O',NULL,'voduycong.95@gmail.com',NULL,NULL,NULL,NULL,1443156162,1443198899,1,'Võ','Duy Công','284/3 Lý Thường Kiệt, P.14, Q.10','01643932162',0,'user_default.jpg'),(52,'113.172.48.161','minhchien2031995','$2y$08$ZMKriL592jDkvQtmOrDWhucnVrD/Meb6XYPKXm2hgBclvnWW7eqKq',NULL,'minhchien2031995@gmail.com',NULL,NULL,NULL,'PEJ2HJ/I6ZoWwKTwIdHQUe',1443252325,1443252374,1,'Trần','Minh Chiến','TP.HCM','0975452473',0,'user_default.jpg'),(53,'14.161.46.204','chientran.nina','$2y$08$Kj5mwSD/ajee/0AZ/EEzcea4pO/LBUyktnAt8KcqJGVK7C4Hm70sO',NULL,'chientran.nina@gmail.com',NULL,NULL,NULL,NULL,1443665158,1443665242,1,'tran','chien','1000 nguyễn văn quá, pdht quận 12','0901395991',0,'user_default.jpg'),(54,'112.197.117.169','nhu binh nguyen','$2y$08$e05.69/EDaY.agOdQQsay.VrKp/Z0OdgUr8eQEbTH9l6dnutNM5OS',NULL,'nguyenthihainhu@gmail.com',NULL,NULL,NULL,NULL,1443716983,1443717065,1,'Nguyễn','Như','tp.HCM','01665096968',0,'user_default.jpg');

/*Table structure for table `users_groups` */

DROP TABLE IF EXISTS `users_groups`;

CREATE TABLE `users_groups` (
  `id` int(11) unsigned NOT NULL AUTO_INCREMENT,
  `user_id` int(11) unsigned NOT NULL,
  `group_id` mediumint(8) unsigned NOT NULL,
  `deleted` int(10) unsigned NOT NULL DEFAULT '0',
  PRIMARY KEY (`id`),
  UNIQUE KEY `uc_users_groups` (`user_id`,`group_id`),
  KEY `fk_users_groups_users1_idx` (`user_id`),
  KEY `fk_users_groups_groups1_idx` (`group_id`),
  CONSTRAINT `fk_users_groups_groups1` FOREIGN KEY (`group_id`) REFERENCES `groups` (`id`) ON DELETE CASCADE ON UPDATE NO ACTION,
  CONSTRAINT `users_groups_ibfk_1` FOREIGN KEY (`user_id`) REFERENCES `users` (`id`) ON DELETE CASCADE ON UPDATE NO ACTION
) ENGINE=InnoDB AUTO_INCREMENT=132 DEFAULT CHARSET=utf8;

/*Data for the table `users_groups` */

insert  into `users_groups`(`id`,`user_id`,`group_id`,`deleted`) values (59,29,6,0),(60,30,6,0),(63,33,6,0),(65,35,6,0),(67,37,6,0),(69,39,6,0),(70,40,6,0),(72,42,6,0),(94,26,6,0),(95,26,7,0),(96,1,1,0),(97,1,6,0),(98,1,9,0),(105,27,6,0),(106,27,9,0),(107,45,6,0),(108,46,6,0),(117,32,6,0),(118,32,9,0),(119,47,6,0),(120,34,6,0),(121,48,6,0),(122,43,6,0),(123,43,9,0),(124,43,10,0),(125,44,6,0),(126,49,6,0),(127,50,6,0),(128,51,6,0),(129,52,6,0),(130,53,6,0),(131,54,6,0);

/*Table structure for table `video` */

DROP TABLE IF EXISTS `video`;

CREATE TABLE `video` (
  `id_video` int(10) unsigned NOT NULL AUTO_INCREMENT,
  `video` varchar(255) CHARACTER SET utf8 COLLATE utf8_unicode_ci NOT NULL,
  `video_name` varchar(255) CHARACTER SET utf8 COLLATE utf8_unicode_ci NOT NULL,
  `img_video` varchar(255) CHARACTER SET utf8 COLLATE utf8_unicode_ci NOT NULL,
  `duration` varchar(20) NOT NULL DEFAULT '0',
  PRIMARY KEY (`id_video`)
) ENGINE=InnoDB AUTO_INCREMENT=97 DEFAULT CHARSET=latin1;

/*Data for the table `video` */

insert  into `video`(`id_video`,`video`,`video_name`,`img_video`,`duration`) values (2,'1434182460_1.mp4','','1434182460_1.jpg','00:05:10'),(3,'1434183667_1.mp4','','1434183667_1.jpg','00:00:15'),(4,'1434183711_1.mp4','','1434183711_1.jpg','00:00:15'),(5,'1434183777_1.mp4','','1434183777_1.jpg','00:06:02'),(6,'1434184072_1.mp4','','1434184072_1.jpg','00:06:02'),(7,'1434184107_1.mp4','','1434184107_1.jpg','00:00:15'),(8,'1434184184_1.mp4','','1434184184_1.jpg','00:00:15'),(9,'1434184217_1.mp4','','1434184217_1.jpg','00:00:15'),(10,'1434184270_1.mp4','','1434184270_1.jpg','00:00:15'),(11,'1434184337_1.mp4','','1434184337_1.jpg','00:00:15'),(12,'1434216796_1.mp4','','1434216796_1.jpg','00:00:15'),(13,'1434217067_1.mp4','','1434217067_1.jpg','00:00:15'),(14,'1434217235_1.mp4','','1434217235_1.jpg','00:00:15'),(15,'1434217246_1.mp4','','1434217246_1.jpg','00:00:15'),(16,'1434217436_1.mp4','','1434217436_1.jpg','00:06:02'),(17,'1434251058_1.mp4','','1434251058_1.jpg','00:00:15'),(18,'1434251182_1.mp4','','1434251182_1.jpg','00:00:15'),(19,'1434252053_1.mp4','','1434252053_1.jpg','00:53:04'),(20,'1434253318_1.mp4','','1434253318_1.jpg','00:53:04'),(21,'1434255911_19.mp4','','1434255911_19.jpg','00:00:15'),(22,'1434304213_26.mp4','','1434304213_26.jpg','00:02:02'),(23,'1434305086_26.mp4','','1434305086_26.jpg','00:01:50'),(24,'1434437794_25.mp4','','1434437794_25.jpg','00:05:21'),(25,'1434461514_1.mp4','','1434461514_1.jpg','00:00:15'),(26,'1434468399_1.mp4','','1434468399_1.jpg','00:00:15'),(27,'1434474015_1.mp4','','1434474015_1.jpg','00:05:10'),(28,'1434792071_25.mp4','','1434792071_25.jpg','00:05:10'),(29,'1434825277_25.mp4','','1434825277_25.jpg','00:06:02'),(30,'1434878836_1.mp4','','1434878836_1.jpg','00:05:10'),(31,'1434879050_1.mp4','','1434879050_1.jpg','00:05:10'),(32,'1434879099_1.mp4','','1434879099_1.jpg','00:00:15'),(33,'1434879289_1.mp4','','1434879289_1.jpg','00:06:02'),(34,'1434879331_25.mp4','','1434879331_25.jpg','00:00:15'),(35,'1434879744_25.mp4','','1434879744_25.jpg','00:53:04'),(36,'1435066972_1.mp4','','1435066972_1.jpg','00:05:10'),(37,'1435067146_1.mp4','','1435067146_1.jpg','00:05:10'),(38,'1435069315_1.mp4','','1435069315_1.jpg','00:06:02'),(39,'1435115444_1.mp4','','1435115444_1.jpg','00:05:05'),(40,'1435211162_1.mp4','','1435211162_1.jpg','00:05:05'),(41,'/home/admin/domains/3ctuts.com/public_html/public/upload/1435369037_32.flv','','1435369037_32.jpg','00:03:33'),(42,'/home/admin/domains/3ctuts.com/public_html/public/upload/1435369502_32.flv','','1435369502_32.jpg','00:03:33'),(43,'/home/admin/domains/3ctuts.com/public_html/public/upload/1435369634_32.flv','','1435369634_32.jpg','00:03:33'),(44,'1435369871_32.mp4','','1435369871_32.jpg','00:03:33'),(45,'1435418263_25.mp4','','1435418263_25.jpg','00:00:15'),(46,'1435843702_1.mp4','','1435843702_1.jpg','00:05:09'),(47,'1435998559_29.mp4','','1435998559_29.jpg','00:05:34'),(48,'1436240550_34.mp4','','1436240550_34.jpg','00:11:00'),(49,'1436251014_34.mp4','','1436251014_34.jpg','00:11:00'),(50,'1436251491_34.mp4','','1436251491_34.jpg','00:11:00'),(51,'1436252320_34.mp4','','1436252320_34.jpg','00:03:28'),(52,'1436253141_34.mp4','','1436253141_34.jpg','00:01:20'),(53,'1436274831_38.mp4','','1436274831_38.jpg','00:00:15'),(54,'1436276194_38.mov','','1436276194_38.jpg','00:00:14'),(55,'1436276606_38.mov','','1436276606_38.jpg','00:00:14'),(56,'1436276765_38.mov','','1436276765_38.jpg','00:00:14'),(57,'1436277348_38.mov','','1436277348_38.jpg','00:00:14'),(58,'1436335231_1.wmv','','1436335231_1.jpg','00:00:20'),(59,'1436340686_34.mp4','','1436340686_34.jpg','00:11:00'),(60,'1436342223_29.mp4','','1436342223_29.jpg','00:04:32'),(61,'1436342353_34.mp4','','1436342353_34.jpg','00:04:14'),(62,'1436342450_34.mp4','','1436342450_34.jpg','00:11:00'),(63,'1436342710_34.mp4','','1436342710_34.jpg','00:03:28'),(64,'1436366661_34.mp4','','1436366661_34.jpg','00:11:01'),(65,'1436456074_34.mp4','','1436456074_34.jpg','00:11:39'),(66,'1436457297_34.mp4','','1436457297_34.jpg','00:10:00'),(67,'1438886155_1.mp4','','1438886155_1.jpg','00:05:09'),(68,'1439119251_1.mp4','','1439119251_1.jpg','00:00:07'),(69,'1439120532_43.mp4','','1439120532_43.jpg','00:00:07'),(70,'1439161897_43.mp4','','1439161897_43.jpg','00:00:04'),(71,'1439694978_1.mp4','','1439694978_1.jpg','00:05:09'),(72,'1439707158_1.mp4','','1439707158_1.jpg','00:05:09'),(73,'1439707443_1.mp4','','1439707443_1.jpg','00:05:09'),(74,'1439708734_1.flv','','1439708734_1.jpg','00:00:34'),(75,'1439998513_1.flv','','1439998513_1.jpg','00:00:34'),(76,'1440005775_1.flv','','1440005775_1.jpg','00:00:34'),(77,'1440005886_1.wmv','','1440005886_1.jpg','00:00:20'),(78,'1440005934_1.wmv','','1440005934_1.jpg','00:00:20'),(79,'1440006756_1.wmv','','1440006756_1.jpg','00:00:20'),(80,'1440006778_1.wmv','','1440006778_1.jpg','00:00:20'),(81,'1440006888_1.wmv','','1440006888_1.jpg','00:00:20'),(82,'1440006941_1.flv','','1440006941_1.jpg','00:00:34'),(83,'1440007022_1.wmv','','1440007022_1.jpg','00:00:20'),(84,'1440493363_44.mp4','','1440493363_44.jpg','00:00:57'),(85,'1440493483_44.mp4','','1440493483_44.jpg','00:00:57'),(86,'1440503954_44.mp4','','1440503954_44.jpg','00:00:56'),(87,'1440564540_44.mp4','','1440564540_44.jpg','00:00:55'),(88,'1440581858_44.mp4','','1440581858_44.jpg','00:00:55'),(89,'1440582111_29.mp4','','1440582111_29.jpg','00:01:38'),(90,'1440646941_48.mp4','','1440646941_48.jpg','00:02:05'),(91,'1440649853_29.mp4','','1440649853_29.jpg','00:02:24'),(92,'1440650187_29.mp4','','1440650187_29.jpg','00:02:24'),(93,'1440670998_29.mp4','','1440670998_29.jpg','00:04:46'),(94,'1440671588_48.mp4','','1440671588_48.jpg','00:09:17'),(95,'1440672358_43.mp4','','1440672358_43.jpg','00:02:09'),(96,'1443716370_43.mp4','','1443716370_43.jpg','00:02:52');

/*!40101 SET SQL_MODE=@OLD_SQL_MODE */;
/*!40014 SET FOREIGN_KEY_CHECKS=@OLD_FOREIGN_KEY_CHECKS */;
/*!40014 SET UNIQUE_CHECKS=@OLD_UNIQUE_CHECKS */;
/*!40111 SET SQL_NOTES=@OLD_SQL_NOTES */;
